title,release_date,release_year,release_month,release_quarter,release_era,genre,creative_type,content_rating,source_type,distributor,distributor_grouped,production_budget,domestic_revenue,worldwide_revenue,return_multiple,profitable,international_share,critic_score,audience_score,critic_audience_gap,audience_volume,log_budget,log_worldwide_revenue,log_audience_volume
The Broadway Melody,1928-12-31,1928,12,Q4,pre-1990,Musical,Unknown,Unknown,Original Screenplay,MGM,MGM,379000.0,2800000.0,4358000.0,11.49868073878628,1,0.3575034419458467,38.0,67.0,-29.0,2017.0,12.845291484064564,15.287523794486702,7.6093665379542115
Mata Hari,1930-12-31,1930,12,Q4,pre-1990,Unknown,Unknown,Unknown,Unknown,MGM,MGM,558000.0,900000.0,900000.0,1.6129032258064515,1,0.0,,22.0,,376.0,13.232114241363448,13.710150042306449,5.929589143389895
It Happened One Night,1933-12-31,1933,12,Q4,pre-1990,Romantic Comedy,Unknown,Unknown,Unknown,Unknown,Unknown,325000.0,2500000.0,2500000.0,7.6923076923076925,1,0.0,97.0,83.0,14.0,25074.0,12.691580461311874,14.73180128983843,10.129586731675971
Alexander's Ragtime Band,1937-12-31,1937,12,Q4,pre-1990,Drama,Unknown,Unknown,Original Screenplay,20th Century Fox,20th Century Fox,2000000.0,4000000.0,4000000.0,2.0,1,0.0,,,,,14.508657738524219,15.201804919084164,
You Can't Take It With You,1937-12-31,1937,12,Q4,pre-1990,Unknown,Unknown,Unknown,Unknown,Unknown,Unknown,1644000.0,4000000.0,4000000.0,2.4330900243309004,1,0.0,96.0,80.0,16.0,8597.0,14.312642854598263,15.201804919084164,9.059168584174444
Mr. Smith Goes To Washington,1938-12-31,1938,12,Q4,pre-1990,Drama,Unknown,Unknown,Original Screenplay,Sony/Columbia,Other,1500000.0,9000000.0,9000000.0,6.0,1,0.0,97.0,82.0,15.0,33315.0,14.22097566607244,16.012735135300492,10.413763024996637
Boom Town,1939-12-31,1939,12,Q4,pre-1990,Unknown,Unknown,Unknown,Original Screenplay,MGM,MGM,2000000.0,9172000.0,9172000.0,4.586,1,0.0,,71.0,,1115.0,14.508657738524219,16.03166592295993,7.016609683894219
Rebecca,1939-12-31,1939,12,Q4,pre-1990,Drama,Unknown,Unknown,Based on Book/Short Story,MGM,MGM,1288000.0,6000000.0,6000000.0,4.658385093167702,1,0.0,100.0,84.0,16.0,35429.0,14.068601185646436,15.60727002719233,10.475285972792834
Casablanca,1941-12-31,1941,12,Q4,pre-1990,Drama,Historical Fiction,Unknown,Based on Play,Warner Bros.,Warner Bros.,950000.0,10462500.0,10462500.0,11.013157894736842,1,0.0,97.0,88.0,9.0,167939.0,13.764217263576723,16.163307993779867,12.031356097212264
Bathing Beauty,1943-12-31,1943,12,Q4,pre-1990,Musical,Unknown,Unknown,Original Screenplay,MGM,MGM,2361000.0,3500000.0,3500000.0,1.4824227022448115,1,0.0,,62.0,,487.0,14.67459581606765,15.068273526459642,6.18826412308259
The Valley of Decision,1944-12-31,1944,12,Q4,pre-1990,Unknown,Unknown,Unknown,Unknown,Unknown,Unknown,2160000.0,9132000.0,9132000.0,4.227777777777778,1,0.0,,73.0,,682.0,14.585618779660347,16.027295286631823,6.525029657843462
Spellbound,1944-12-31,1944,12,Q4,pre-1990,Unknown,Unknown,G,Unknown,ThinkFilm,Other,1500000.0,7000000.0,7000000.0,4.666666666666667,1,0.0,87.0,77.0,10.0,14665.0,14.22097566607244,15.761420707019587,9.593218981411551
The Lost Weekend,1944-12-31,1944,12,Q4,pre-1990,Unknown,Unknown,Unknown,Unknown,Unknown,Unknown,1250000.0,11000000.0,11000000.0,8.8,1,0.0,100.0,82.0,18.0,11864.0,14.038654109278484,16.213405830762646,9.381263883817768
Notorious,1945-12-31,1945,12,Q4,pre-1990,Unknown,Unknown,Unknown,Unknown,Unknown,Unknown,2000000.0,24464742.0,24464742.0,12.232371,1,0.0,97.0,63.0,34.0,9811.0,14.508657738524219,17.012743536972255,9.19125948416339
It's a Wonderful Life,1945-12-31,1945,12,Q4,pre-1990,Unknown,Unknown,Unknown,Unknown,Unknown,Unknown,3180000.0,6600000.0,6600000.0,2.0754716981132075,1,0.0,94.0,87.0,7.0,101499.0,14.972391754756359,15.702580206996654,11.527804225198697
Gentleman's Agreement,1946-12-31,1946,12,Q4,pre-1990,Unknown,Unknown,Unknown,Unknown,Unknown,Unknown,2000000.0,7800000.0,7800000.0,3.9,1,0.0,83.0,74.0,9.0,4637.0,14.508657738524219,15.86963429165982,8.441822884391462
The Pirate,1947-12-31,1947,12,Q4,pre-1990,Unknown,Unknown,Unknown,Unknown,Unknown,Unknown,3700000.0,2956000.0,2956000.0,0.798918918918919,0,0.0,71.0,71.0,0.0,1635.0,15.123843377614453,14.899347561050229,7.399398083331354
Red River,1947-12-31,1947,12,Q4,pre-1990,Unknown,Unknown,Unknown,Unknown,Unknown,Unknown,3000000.0,9012000.0,9012000.0,3.004,1,0.0,100.0,78.0,22.0,10629.0,14.914122846632385,16.014067580534274,9.271341393533582
Sands of Iwo Jima,1948-12-31,1948,12,Q4,pre-1990,Unknown,Unknown,Unknown,Unknown,Unknown,Unknown,1000000.0,7800000.0,7800000.0,7.8,1,0.0,100.0,71.0,29.0,4160.0,13.815510557964274,15.86963429165982,8.333270353255308
She Wore a Yellow Ribbon,1948-12-31,1948,12,Q4,pre-1990,Unknown,Unknown,Unknown,Unknown,Unknown,Unknown,1600000.0,5400000.0,5400000.0,3.375,1,0.0,100.0,73.0,27.0,5825.0,14.28551418721001,15.501909511534503,8.669914278433902
Cinderella,1950-02-15,1950,2,Q1,pre-1990,Drama,Fantasy,Unknown,Traditional/Legend/Fairytale,Walt Disney Pictures,Walt Disney Pictures,2900000.0,85000000.0,85000000.0,29.310344827586206,1,0.0,92.0,51.0,41.0,373.0,14.880221294956703,18.258161814454592,5.921578419643816
Annie Get Your Gun,1950-05-17,1950,5,Q2,pre-1990,Musical,Unknown,Unknown,Based on Book/Short Story,MGM,MGM,3768785.0,8000000.0,8000000.0,2.122700021359669,1,0.0,100.0,71.0,29.0,1326.0,15.142263226313348,15.89495209964411,7.189922170745808
Quo Vadis?,1951-02-23,1951,2,Q1,pre-1990,Unknown,Unknown,Unknown,Unknown,Unknown,Unknown,8250000.0,30000000.0,30000000.0,3.6363636363636362,1,0.0,88.0,58.0,30.0,898.0,15.925723758310864,17.216707939626428,6.8001700683022
Strangers on a Train,1951-07-03,1951,7,Q3,pre-1990,Unknown,Unknown,PG,Unknown,Warner Bros.,Warner Bros.,1200000.0,7000000.0,7000000.0,5.833333333333333,1,0.0,98.0,83.0,15.0,34284.0,13.997832114758229,15.761420707019587,10.442434052018774
Alice in Wonderland,1951-07-28,1951,7,Q3,pre-1990,Musical,Unknown,Unknown,Based on Book/Short Story,RKO Radio Pictures,Other,3000000.0,0.0,0.0,0.0,0,,20.0,67.0,-47.0,63458.0,14.914122846632385,,11.058133548725012
A Streetcar Named Desire,1951-09-18,1951,9,Q3,pre-1990,Unknown,Unknown,Unknown,Based on Play,Warner Bros.,Warner Bros.,1800000.0,8000000.0,8000000.0,4.444444444444445,1,0.0,,81.0,,33781.0,14.403297222866392,15.89495209964411,10.427653793239193
Show Boat,1951-09-24,1951,9,Q3,pre-1990,Unknown,Unknown,Unknown,Unknown,Unknown,Unknown,2300000.0,11000000.0,11000000.0,4.782608695652174,1,0.0,89.0,69.0,20.0,1788.0,14.648419680899378,16.213405830762646,7.488852955733459
High Noon,1951-12-31,1951,12,Q4,pre-1990,Unknown,Unknown,Unknown,Unknown,Unknown,Unknown,730000.0,8000000.0,8000000.0,10.95890410958904,1,0.0,95.0,83.0,12.0,34163.0,13.500799813124575,15.89495209964411,10.438898466060431
The Greatest Show on Earth,1952-01-10,1952,1,Q1,pre-1990,Unknown,Unknown,Unknown,Unknown,Unknown,Unknown,4000000.0,36000000.0,36000000.0,9.0,1,0.0,41.0,68.0,-27.0,4264.0,15.201804919084164,17.399029496420383,8.357962965845681
Singin' in the Rain,1952-04-10,1952,4,Q2,pre-1990,Unknown,Unknown,Unknown,Unknown,MGM,MGM,2540000.0,3600000.0,3600000.0,1.4173228346456692,1,0.0,100.0,84.0,16.0,55352.0,14.74767463899472,15.096444403426338,10.921468071178648
Niagara,1953-01-21,1953,1,Q1,pre-1990,Unknown,Unknown,Unknown,Unknown,20th Century Fox,20th Century Fox,1250000.0,2500000.0,2500000.0,2.0,1,0.0,,70.0,,4698.0,14.038654109278484,14.73180128983843,8.454892165218858
Peter Pan,1953-02-05,1953,2,Q1,pre-1990,Adventure,Fantasy,PG,Based on Book/Short Story,RKO Radio Pictures,Other,4000000.0,87400000.0,87400000.0,21.85,1,0.0,83.0,71.0,12.0,16894.0,15.201804919084164,18.286005840625762,9.734713808287442
House of Wax,1953-04-10,1953,4,Q2,pre-1990,Unknown,Unknown,R,Unknown,Unknown,Unknown,658000.0,23800000.0,23800000.0,36.170212765957444,1,0.0,94.0,54.0,40.0,32159.0,13.396960210307455,16.985196138641705,10.378447628282094
"The Beast from 20,000 Fathoms",1953-06-13,1953,6,Q2,pre-1990,Unknown,Unknown,Unknown,Based on Book/Short Story,Warner Bros.,Warner Bros.,210000.0,5000000.0,5000000.0,23.80952380952381,1,0.0,90.0,,,,12.254862809699606,15.424948470398375,
From Here to Eternity,1953-08-05,1953,8,Q3,pre-1990,Unknown,Unknown,Unknown,Unknown,Unknown,Unknown,1650000.0,30500000.0,30500000.0,18.484848484848484,1,0.0,86.0,79.0,7.0,15115.0,14.316285845876763,17.23323724157764,9.623442907213558
The Robe,1953-09-16,1953,9,Q3,pre-1990,Unknown,Unknown,Unknown,Unknown,Unknown,Unknown,5000000.0,36000000.0,36000000.0,7.2,1,0.0,38.0,67.0,-29.0,2913.0,15.424948470398375,17.399029496420383,7.976938756959434
The Egyptian,1953-12-31,1953,12,Q4,pre-1990,Unknown,Unknown,Unknown,Unknown,Unknown,Unknown,5000000.0,15000000.0,15000000.0,3.0,1,0.0,,62.0,,1097.0,15.424948470398375,16.523560759066484,7.00033446027523
On the Waterfront,1954-07-28,1954,7,Q3,pre-1990,Unknown,Unknown,Unknown,Unknown,Unknown,Unknown,910000.0,9600000.0,9600000.0,10.54945054945055,1,0.0,100.0,84.0,16.0,41162.0,13.721199878493033,16.077273656438063,10.625270779632405
"20,000 Leagues Under the Sea",1954-12-23,1954,12,Q4,pre-1990,Adventure,Unknown,Unknown,Based on Book/Short Story,Walt Disney Pictures,Walt Disney Pictures,5000000.0,28200000.0,28200000.0,5.64,1,0.0,92.0,,,,15.424948470398375,17.15483253590834,
The Trouble With Harry,1955-10-03,1955,10,Q4,pre-1990,Unknown,Unknown,Unknown,Unknown,Paramount Pictures,Paramount Pictures,1200000.0,7000000.0,7000000.0,5.833333333333333,1,0.0,89.0,72.0,17.0,11580.0,13.997832114758229,15.761420707019587,9.357034751126987
Love Me Tender,1955-12-31,1955,12,Q4,pre-1990,Unknown,Unknown,Unknown,Unknown,Unknown,Unknown,1000000.0,9000000.0,9000000.0,9.0,1,0.0,38.0,59.0,-21.0,1301.0,13.815510557964274,16.012735135300492,7.170888478512505
Trapeze,1955-12-31,1955,12,Q4,pre-1990,Unknown,Unknown,Unknown,Unknown,Unknown,Unknown,4000000.0,14400000.0,14400000.0,3.6,1,0.0,60.0,67.0,-7.0,1570.0,15.201804919084164,16.48273876454623,7.358830898342354
War and Peace,1955-12-31,1955,12,Q4,pre-1990,Unknown,Unknown,PG,Unknown,Unknown,Unknown,6000000.0,12500000.0,12500000.0,2.0833333333333335,1,0.0,50.0,68.0,-18.0,2923.0,15.60727002719233,16.34123920227253,7.980365765111246
Moby Dick,1955-12-31,1955,12,Q4,pre-1990,Adventure,Historical Fiction,Unknown,Based on Book/Short Story,Unknown,Unknown,4500000.0,10400000.0,10400000.0,2.311111111111111,1,0.0,67.0,74.0,-7.0,5969.0,15.319587954740548,16.1573163641116,8.69433468816865
The Ten Commandments,1956-10-05,1956,10,Q4,pre-1990,Unknown,Unknown,Unknown,Unknown,Unknown,Unknown,13500000.0,80000000.0,80000000.0,5.925925925925926,1,0.0,90.0,25.0,65.0,1677.0,16.41820024340866,18.197537192638155,7.424761761823209
Around the World in 80 Days,1956-10-17,1956,10,Q4,pre-1990,Adventure,Unknown,PG,Based on Book/Short Story,United Artists,Other,6000000.0,42000000.0,42000000.0,7.0,1,0.0,73.0,56.0,17.0,21516.0,15.60727002719233,17.553180176247643,9.976552123393134
Shichinin no samurai,1956-11-19,1956,11,Q4,pre-1990,Action,Historical Fiction,Unknown,Original Screenplay,Cowboy Pictures,Other,500000.0,271736.0,271736.0,0.543472,0,0.0,,88.0,,96698.0,13.122363377404328,12.512586285717079,11.479347998704231
The Wrong Man,1956-12-23,1956,12,Q4,pre-1990,Unknown,Unknown,Unknown,Unknown,Warner Bros.,Warner Bros.,1200000.0,2000000.0,2000000.0,1.6666666666666667,1,0.0,89.0,75.0,14.0,7531.0,13.997832114758229,14.508657738524219,8.926783114101351
A Farewell To Arms,1956-12-31,1956,12,Q4,pre-1990,Unknown,Unknown,Unknown,Unknown,Unknown,Unknown,5000000.0,11000000.0,11000000.0,2.2,1,0.0,,66.0,,1655.0,15.424948470398375,16.213405830762646,7.411556287811163
12 Angry Men,1957-04-13,1957,4,Q2,pre-1990,Drama,Unknown,Unknown,Original Screenplay,United Artists,Other,340000.0,0.0,0.0,0.0,0,,,89.0,,119101.0,12.736700896592344,,11.687727151613768
The Bridge on the River Kwai,1957-12-18,1957,12,Q4,pre-1990,Drama,Unknown,Unknown,Based on Book/Short Story,Sony/Columbia,Other,3000000.0,33300000.0,33300000.0,11.1,1,0.0,95.0,84.0,11.0,58641.0,14.914122846632385,17.32106795495067,10.979189389621132
Cat on a Hot Tin Roof,1958-09-20,1958,9,Q3,pre-1990,Drama,Contemporary Fiction,Unknown,Based on Play,MGM,MGM,3000000.0,17570324.0,17570324.0,5.8567746666666665,1,0.0,100.0,80.0,20.0,14540.0,14.914122846632385,16.681721900516877,9.58465875108751
The Nun's Story,1958-12-31,1958,12,Q4,pre-1990,Unknown,Unknown,Unknown,Unknown,Unknown,Unknown,3500000.0,12800000.0,12800000.0,3.657142857142857,1,0.0,93.0,75.0,18.0,3313.0,15.068273526459642,16.364955728889846,8.105609402299896
Solomon and Sheba,1959-01-01,1959,1,Q1,pre-1990,Unknown,Unknown,Unknown,Unknown,Unknown,Unknown,5000000.0,11000000.0,11000000.0,2.2,1,0.0,,60.0,,915.0,15.424948470398375,16.213405830762646,6.818924065275521
Some Like it Hot,1959-03-29,1959,3,Q1,pre-1990,Unknown,Unknown,Unknown,Unknown,Unknown,Unknown,2883848.0,25000000.0,25000000.0,8.668972844615944,1,0.0,97.0,83.0,14.0,67157.0,14.874636071421065,17.034386382832476,11.114788440747668
Ben-Hur,1959-11-18,1959,11,Q4,pre-1990,Adventure,Unknown,Unknown,Based on Book/Short Story,MGM,MGM,15000000.0,73000000.0,73000000.0,4.866666666666666,1,0.0,91.0,82.0,9.0,58510.0,16.523560759066484,18.105969999112666,10.976952958782281
Elmer Gantry,1959-12-31,1959,12,Q4,pre-1990,Unknown,Unknown,Unknown,Unknown,Unknown,Unknown,3000000.0,10400000.0,10400000.0,3.466666666666667,1,0.0,96.0,78.0,18.0,4185.0,14.914122846632385,16.1573163641116,8.339261982923576
The Apartment,1959-12-31,1959,12,Q4,pre-1990,Romantic Comedy,Unknown,Unknown,Original Screenplay,United Artists,Other,3000000.0,18600000.0,24600000.0,8.2,1,0.24390243902439024,91.0,84.0,7.0,36485.0,14.914122846632385,17.01825700090259,10.50465649619972
Exodus,1960-01-01,1960,1,Q1,pre-1990,Unknown,Unknown,Unknown,Unknown,Unknown,Unknown,4000000.0,21750000.0,21750000.0,5.4375,1,0.0,67.0,68.0,-1.0,3546.0,15.201804919084164,16.89512431549897,8.173575486634153
Spartacus,1960-10-07,1960,10,Q4,pre-1990,Action,Dramatization,Unknown,Based on Book/Short Story,Universal,Universal,12000000.0,30000000.0,60000000.0,5.0,1,0.5,96.0,80.0,16.0,50856.0,16.300417207752275,17.909855120186375,10.836753388616245
The Alamo,1960-10-24,1960,10,Q4,pre-1990,Western,Historical Fiction,PG-13,Original Screenplay,United Artists,Other,12000000.0,7900000.0,7900000.0,0.6583333333333333,0,0.0,54.0,59.0,-5.0,10063.0,16.300417207752275,15.88237331743725,9.216620609933333
Pocketful of Miracles,1960-12-31,1960,12,Q4,pre-1990,Unknown,Unknown,Unknown,Unknown,Unknown,Unknown,2900000.0,5000000.0,5000000.0,1.7241379310344827,1,0.0,63.0,72.0,-9.0,2365.0,14.880221294956703,15.424948470398375,7.768533300926033
The Misfits,1960-12-31,1960,12,Q4,pre-1990,Unknown,Unknown,Unknown,Unknown,Unknown,Unknown,4000000.0,8200000.0,8200000.0,2.05,1,0.0,100.0,74.0,26.0,6351.0,15.201804919084164,15.919644712234481,8.756367559802975
The Hustler,1961-09-25,1961,9,Q3,pre-1990,Unknown,Unknown,Unknown,Unknown,Unknown,Unknown,2000000.0,7600000.0,7600000.0,3.8,1,0.0,97.0,81.0,16.0,25385.0,14.508657738524219,15.84365880525656,10.141913727381494
West Side Story,1961-10-18,1961,10,Q4,pre-1990,Unknown,Unknown,Unknown,Unknown,Unknown,Unknown,6000000.0,43700000.0,43700000.0,7.283333333333333,1,0.0,92.0,77.0,15.0,29488.0,15.60727002719233,17.59285866006582,10.291738679909605
The Man Who Shot Liberty Valance,1962-01-01,1962,1,Q1,pre-1990,Unknown,Unknown,Unknown,Unknown,Unknown,Unknown,3200000.0,8000000.0,8000000.0,2.5,1,0.0,97.0,81.0,16.0,22681.0,14.978661367769956,15.89495209964411,10.029282848580436
Lolita (1962),1962-01-01,1962,1,Q1,pre-1990,Drama,Unknown,Unknown,Unknown,Unknown,Unknown,2000000.0,9250000.0,9250000.0,4.625,1,0.0,,,,,14.508657738524219,16.04013410948861,
State Fair,1962-03-09,1962,3,Q1,pre-1990,Unknown,Unknown,Unknown,Unknown,Unknown,Unknown,4500000.0,3500000.0,3500000.0,0.7777777777777778,0,0.0,14.0,57.0,-43.0,436.0,15.319587954740548,15.068273526459642,6.077642243349034
The Longest Day,1962-10-04,1962,10,Q4,pre-1990,Action,Dramatization,Unknown,Based on Real Life Events,20th Century Fox,20th Century Fox,10000000.0,39100000.0,50100000.0,5.01,1,0.21956087824351297,92.0,78.0,14.0,17712.0,16.11809565095832,17.729531566055094,9.781997654948418
Mutiny on The Bounty,1962-11-08,1962,11,Q4,pre-1990,Unknown,Unknown,Unknown,Unknown,MGM,MGM,19000000.0,13680000.0,13680000.0,0.72,0,0.0,69.0,79.0,-10.0,7608.0,16.759949537130716,16.43144547015868,8.936955604225226
Lawrence of Arabia,1962-12-16,1962,12,Q4,pre-1990,Adventure,Dramatization,Unknown,Based on Book/Short Story,Sony Pictures,Sony Pictures,15000000.0,37495385.0,69995385.0,4.666359,1,0.4643163259977783,98.0,86.0,12.0,79421.0,16.523560759066484,18.063939869268822,11.282518095892803
To Kill A Mockingbird,1962-12-25,1962,12,Q4,pre-1990,Unknown,Unknown,Unknown,Unknown,Universal,Universal,2000000.0,13129846.0,13129846.0,6.564923,1,0.0,97.0,84.0,13.0,82786.0,14.508657738524219,16.390398517345,11.324014243951753
Donovan's Reef,1962-12-31,1962,12,Q4,pre-1990,Unknown,Unknown,Unknown,Unknown,Unknown,Unknown,2686000.0,6600000.0,6600000.0,2.4571854058078926,1,0.0,60.0,66.0,-6.0,2907.0,14.80356365606532,15.702580206996654,7.9748769005588755
55 Days at Peking,1962-12-31,1962,12,Q4,pre-1990,Drama,Unknown,Unknown,Original Screenplay,Unknown,Unknown,17000000.0,10000000.0,10000000.0,0.5882352941176471,0,0.0,57.0,68.0,-11.0,2104.0,16.64872390202049,16.11809565095832,7.651595573857601
Dr. No,1963-05-08,1963,5,Q2,pre-1990,Action,Unknown,Unknown,Based on Book/Short Story,MGM,MGM,1000000.0,16067035.0,59567035.0,59.567035,1,0.7302696869165974,,73.0,,36019.0,13.815510557964274,17.902612874990275,10.491801855990317
Hud,1963-05-29,1963,5,Q2,pre-1990,Unknown,Unknown,Unknown,Unknown,Unknown,Unknown,2500000.0,10000000.0,10000000.0,4.0,1,0.0,79.0,34.0,45.0,93.0,14.73180128983843,16.11809565095832,4.532599493153256
Cleopatra,1963-06-12,1963,6,Q2,pre-1990,Drama,Dramatization,Unknown,Based on Real Life Events,20th Century Fox,20th Century Fox,36000000.0,48000000.0,62000000.0,1.7222222222222223,1,0.22580645161290322,40.0,68.0,-28.0,7870.0,17.399029496420383,17.942644943009366,8.970813341411448
The Great Escape,1963-08-08,1963,8,Q3,pre-1990,Unknown,Unknown,Unknown,Unknown,MGM,MGM,4000000.0,11744471.0,11744471.0,2.93611775,1,0.0,91.0,84.0,7.0,62074.0,15.201804919084164,16.27889313461806,11.036082500701703
Tom Jones,1963-10-07,1963,10,Q4,pre-1990,Unknown,Unknown,Unknown,Unknown,Unknown,Unknown,1000000.0,37600000.0,37600000.0,37.6,1,0.0,81.0,70.0,11.0,4035.0,13.815510557964274,17.442514608360124,8.302761580704049
It's a Mad Mad Mad Mad World,1963-11-07,1963,11,Q4,pre-1990,Unknown,Unknown,Unknown,Unknown,Unknown,Unknown,9400000.0,46300000.0,60000000.0,6.382978723404255,1,0.22833333333333333,,75.0,,14460.0,16.056220247240233,17.909855120186375,9.579141495712756
The Fall of the Roman Empire,1964-01-01,1964,1,Q1,pre-1990,Unknown,Unknown,Unknown,Unknown,Unknown,Unknown,19000000.0,4750000.0,4750000.0,0.25,0,0.0,100.0,66.0,34.0,3184.0,16.759949537130716,15.373655176010823,8.065893546964274
From Russia With Love,1964-04-08,1964,4,Q2,pre-1990,Action,Unknown,Unknown,Based on Book/Short Story,MGM,MGM,2000000.0,24800000.0,78900000.0,39.45,1,0.6856780735107731,,75.0,,32541.0,14.508657738524219,18.1836917858161,10.390256111708327
A Hard Day's Night,1964-08-11,1964,8,Q3,pre-1990,Comedy,Contemporary Fiction,Unknown,Original Screenplay,Universal,Universal,560000.0,12299668.0,12299668.0,21.963692857142856,1,0.0,100.0,76.0,24.0,15291.0,13.235692062711331,16.32508282810844,9.63501969900815
Mary Poppins,1964-08-26,1964,8,Q3,pre-1990,Musical,Unknown,Unknown,Unknown,Unknown,Unknown,6000000.0,102300000.0,102300000.0,17.05,1,0.0,100.0,77.0,23.0,34302.0,15.60727002719233,18.443420230921856,10.442958940492026
My Fair Lady,1964-10-22,1964,10,Q4,pre-1990,Musical,Historical Fiction,Unknown,Based on Musical/Opera,Unknown,Unknown,17000000.0,72000000.0,72000000.0,4.235294117647059,1,0.0,94.0,79.0,15.0,28039.0,16.64872390202049,18.09217667698033,10.241351677174485
Goldfinger,1964-12-22,1964,12,Q4,pre-1990,Action,Unknown,Unknown,Based on Book/Short Story,MGM,MGM,3000000.0,51100000.0,124900000.0,41.63333333333333,1,0.5908726981585268,96.0,79.0,17.0,47095.0,14.914122846632385,18.643023975095804,10.759922117256918
The Greatest Story Ever Told,1965-02-15,1965,2,Q1,pre-1990,Drama,Unknown,G,Based on Book/Short Story,MGM,MGM,20000000.0,15473333.0,15473333.0,0.77366665,0,0.0,39.0,63.0,-24.0,3300.0,16.811242831518264,16.554628648600016,8.101677747454572
The Train,1965-03-07,1965,3,Q1,pre-1990,Unknown,Unknown,Unknown,Unknown,Unknown,Unknown,5800000.0,6800000.0,6800000.0,1.1724137931034482,1,0.0,83.0,78.0,5.0,4692.0,15.573368475516649,15.732433170146335,8.453614209773367
The Sound of Music,1965-04-01,1965,4,Q2,pre-1990,Musical,Historical Fiction,Unknown,Based on Book/Short Story,20th Century Fox,20th Century Fox,8200000.0,163214286.0,286214286.0,34.904181219512196,1,0.42974794067407246,81.0,63.0,18.0,45.0,15.919644712234481,19.472251339983412,3.8066624897703196
Major Dundee,1965-04-07,1965,4,Q2,pre-1990,Western,Historical Fiction,PG-13,Based on Book/Short Story,Sony Pictures,Sony Pictures,3800000.0,14873.0,14873.0,0.003913947368421052,0,0.0,97.0,67.0,30.0,2588.0,15.150511624696614,9.607302767592598,7.858640655620791
Doctor Zhivago,1965-12-22,1965,12,Q4,pre-1990,Drama,Historical Fiction,PG-13,Based on Book/Short Story,MGM,MGM,11000000.0,111721000.0,111721000.0,10.156454545454546,1,0.0,84.0,80.0,4.0,27671.0,16.213405830762646,18.53151524994999,10.228140212351999
Thunderball,1965-12-29,1965,12,Q4,pre-1990,Action,Unknown,Unknown,Based on Book/Short Story,MGM,MGM,9000000.0,63600000.0,141200000.0,15.688888888888888,1,0.5495750708215298,91.0,70.0,21.0,27245.0,16.012735135300492,18.765687883023414,10.2126252970172
Harper,1966-02-23,1966,2,Q1,pre-1990,Unknown,Unknown,Unknown,Unknown,Unknown,Unknown,3500000.0,12000000.0,12000000.0,3.4285714285714284,1,0.0,,70.0,,2395.0,15.068273526459642,16.300417207752275,7.781138509845015
Torn Curtain,1966-07-16,1966,7,Q3,pre-1990,Unknown,Unknown,Unknown,Unknown,Unknown,Unknown,3000000.0,13000000.0,13000000.0,4.333333333333333,1,0.0,81.0,66.0,15.0,8670.0,14.914122846632385,16.38045991542581,9.067624069774588
Hawaii,1966-10-10,1966,10,Q4,pre-1990,Unknown,Unknown,Unknown,Unknown,MGM,MGM,15000000.0,34562222.0,34562222.0,2.3041481333333333,1,0.0,,64.0,,1153.0,16.523560759066484,17.35827179381484,7.050122520269059
A Man for All Seasons,1966-12-12,1966,12,Q4,pre-1990,Unknown,Unknown,Unknown,Unknown,Sony Pictures,Sony Pictures,3900000.0,28350000.0,28350000.0,7.269230769230769,1,0.0,85.0,81.0,4.0,12460.0,15.176487111099874,17.160137588138035,9.430278792341444
In Cold Blood,1966-12-31,1966,12,Q4,pre-1990,Unknown,Unknown,Unknown,Unknown,Unknown,Unknown,3500000.0,13000000.0,13000000.0,3.7142857142857144,1,0.0,88.0,81.0,7.0,10562.0,15.068273526459642,16.38045991542581,9.26501793326688
Per un pugno di dollari,1967-01-18,1967,1,Q1,pre-1990,Western,Historical Fiction,Unknown,Remake,United Artists,Other,200000.0,3500000.0,3500000.0,17.5,1,0.0,,80.0,,39929.0,12.206072645530174,15.068273526459642,10.594858155916969
Casino Royale,1967-04-28,1967,4,Q2,pre-1990,Comedy,Contemporary Fiction,Unknown,Based on Book/Short Story,Sony Pictures,Sony Pictures,12000000.0,22744718.0,41744718.0,3.4787265,1,0.45514740331938525,30.0,80.0,-50.0,172936.0,16.300417207752275,17.547083486287384,12.060676862837889
Per qualche dollaro in pi˘,1967-05-10,1967,5,Q2,pre-1990,Western,Historical Fiction,Unknown,Original Screenplay,MGM,MGM,600000.0,4300000.0,4300000.0,7.166666666666667,1,0.0,,82.0,,44204.0,13.304684934198283,15.27412558066379,10.696570561708674
You Only Live Twice,1967-06-13,1967,6,Q2,pre-1990,Action,Unknown,Unknown,Based on Book/Short Story,MGM,MGM,9500000.0,43100000.0,111600000.0,11.74736842105263,1,0.6137992831541219,70.0,70.0,0.0,24701.0,16.06680235657077,18.530431607911485,10.114599007626499
In the Heat of the Night,1967-08-02,1967,8,Q3,pre-1990,Unknown,Unknown,Unknown,Unknown,MGM,MGM,2000000.0,24379978.0,24379978.0,12.189989,1,0.0,96.0,81.0,15.0,22429.0,14.508657738524219,17.009272779637993,10.018110043372825
"Il buono, il brutto, il cattivo",1967-12-29,1967,12,Q4,pre-1990,Western,Historical Fiction,Unknown,Original Screenplay,United Artists,Other,1200000.0,6100000.0,6100000.0,5.083333333333333,1,0.0,,68.0,,104.0,13.997832114758229,15.623799329143539,4.6443908991413725
Shalako,1967-12-31,1967,12,Q4,pre-1990,Unknown,Unknown,Unknown,Unknown,Unknown,Unknown,1455000.0,2620000.0,2620000.0,1.8006872852233677,1,0.0,,53.0,,1090.0,14.19051645858773,14.77868487573728,6.993932975223189
The Planet of the Apes,1968-02-08,1968,2,Q1,pre-1990,Unknown,Unknown,Unknown,Unknown,Unknown,Unknown,5800000.0,33395426.0,33395426.0,5.757832068965517,1,0.0,,,,,15.573368475516649,17.32392950246117,
2001: A Space Odyssey,1968-04-02,1968,4,Q2,pre-1990,Unknown,Science Fiction,Unknown,Original Screenplay,Unknown,Unknown,10500000.0,56700000.0,68700000.0,6.542857142857143,1,0.17467248908296942,96.0,84.0,12.0,160342.0,16.166885815127753,18.04525975719258,11.985064313012975
Rosemary's Baby,1968-06-12,1968,6,Q2,pre-1990,Unknown,Unknown,Unknown,Unknown,Unknown,Unknown,3200000.0,33395426.0,33395426.0,10.436070625,1,0.0,98.0,81.0,17.0,50860.0,14.978661367769956,17.32392950246117,10.83683203897611
Hang 'em High,1968-08-03,1968,8,Q3,pre-1990,Western,Historical Fiction,Unknown,Original Screenplay,United Artists,Other,1800000.0,6800000.0,6800000.0,3.7777777777777777,1,0.0,93.0,69.0,24.0,10292.0,14.403297222866392,15.732433170146335,9.239122173401634
Night of the Living Dead,1968-10-01,1968,10,Q4,pre-1990,Horror,Science Fiction,Not Rated,Original Screenplay,Walter Reade Organization,Other,114000.0,12000000.0,30000000.0,263.1578947368421,1,0.6,96.0,66.0,30.0,10083.0,11.643953727376633,17.216707939626428,9.218606116393214
Barbarella,1968-10-10,1968,10,Q4,pre-1990,Adventure,Science Fiction,Unknown,Based on Comic/Graphic Novel,Paramount Pictures,Paramount Pictures,9000000.0,0.0,0.0,0.0,0,,74.0,57.0,17.0,10794.0,16.012735135300492,,9.286745703178589
Oliver!,1968-12-11,1968,12,Q4,pre-1990,Musical,Unknown,Unknown,Unknown,Sony Pictures,Sony Pictures,10000000.0,37402877.0,37402877.0,3.7402877,1,0.0,84.0,75.0,9.0,9111.0,16.11809565095832,17.437258184559862,9.117237753713859
Sweet Charity,1968-12-31,1968,12,Q4,pre-1990,Unknown,Unknown,Unknown,Unknown,Unknown,Unknown,20000000.0,8000000.0,8000000.0,0.4,0,0.0,,70.0,,1691.0,16.811242831518264,15.89495209964411,7.43307534889858
Midnight Cowboy,1969-05-25,1969,5,Q2,pre-1990,Unknown,Unknown,R,Unknown,MGM,MGM,3600000.0,44785053.0,44785053.0,12.4402925,1,0.0,90.0,80.0,10.0,34053.0,15.096444403426338,17.617385003322685,10.43567341342345
C'era una volta il West,1969-05-28,1969,5,Q2,pre-1990,Western,Historical Fiction,PG-13,Original Screenplay,Paramount Pictures,Paramount Pictures,5000000.0,5321508.0,5321508.0,1.0643016,1,0.0,,88.0,,74184.0,15.424948470398375,15.487267279797631,11.214303772480061
The Wild Bunch,1969-06-18,1969,6,Q2,pre-1990,Western,Historical Fiction,Unknown,Original Screenplay,Warner Bros.,Warner Bros.,6000000.0,509424.0,509424.0,0.084904,0,0.0,97.0,82.0,15.0,31196.0,15.60727002719233,13.141035954669713,10.348045160450388
The Stewardesses,1969-07-25,1969,7,Q3,pre-1990,Unknown,Unknown,Unknown,Unknown,Unknown,Unknown,200000.0,13500000.0,25000000.0,125.0,1,0.46,,43.0,,86.0,12.206072645530174,17.034386382832476,4.454347296253507
Paint Your Wagon,1969-10-15,1969,10,Q4,pre-1990,Musical,Historical Fiction,PG-13,Based on Play,Paramount Pictures,Paramount Pictures,20000000.0,31678778.0,31678778.0,1.5839389,1,0.0,23.0,65.0,-42.0,5037.0,16.811242831518264,17.27115755093421,8.52456594574565
Butch Cassidy and the Sundance Kid,1969-10-24,1969,10,Q4,pre-1990,Western,Historical Fiction,Unknown,Unknown,20th Century Fox,20th Century Fox,6000000.0,102308900.0,102308900.0,17.051483333333334,1,0.0,90.0,82.0,8.0,57602.0,15.60727002719233,18.443507226160143,10.961312568303402
"Hello, Dolly",1969-12-16,1969,12,Q4,pre-1990,Unknown,Unknown,Unknown,Unknown,Unknown,Unknown,24000000.0,33208099.0,33208099.0,1.3836707916666666,1,0.0,,44.0,,254.0,16.99356438831222,17.318304349919917,5.537334267018537
On Her Majesty's Secret Service,1969-12-18,1969,12,Q4,pre-1990,Action,Unknown,Unknown,Based on Book/Short Story,MGM,MGM,8000000.0,22800000.0,82000000.0,10.25,1,0.7219512195121951,81.0,69.0,12.0,23159.0,15.89495209964411,18.222229805228526,10.050138752861821
Topaz,1969-12-19,1969,12,Q4,pre-1990,Unknown,Unknown,Unknown,Unknown,Universal,Universal,4000000.0,6000000.0,6000000.0,1.5,1,0.0,71.0,62.0,9.0,6389.0,15.201804919084164,15.60727002719233,8.762333040602343
Hannibal the Conqueror,1969-12-31,1969,12,Q4,pre-1990,Unknown,Dramatization,Unknown,Based on Book/Short Story,Sony Pictures,Sony Pictures,50000000.0,0.0,0.0,0.0,0,,,,,,17.72753356339242,,
The Magic Flute,1969-12-31,1969,12,Q4,pre-1990,Unknown,Unknown,Unknown,Unknown,Here Films,Other,27000000.0,0.0,0.0,0.0,0,,,64.0,,499.0,17.111347423968603,,6.212606095751519
I Come with the Rain,1969-12-31,1969,12,Q4,pre-1990,Unknown,Unknown,Unknown,Unknown,Unknown,Unknown,18000000.0,0.0,627422.0,0.03485677777777778,0,1.0,,52.0,,618.0,16.70588231586044,13.349374639473,6.42648845745769
Sea Rex 3D: Journey to a Prehistoric World,1969-12-31,1969,12,Q4,pre-1990,Unknown,Unknown,Unknown,Unknown,3D Entertainment,Other,5000000.0,0.0,0.0,0.0,0,,,,,,15.424948470398375,,
Drei,1969-12-31,1969,12,Q4,pre-1990,Unknown,Unknown,Unknown,Unknown,Unknown,Unknown,7200000.0,0.0,0.0,0.0,0,,,,,,15.789591583986283,,
Barney's Version,1969-12-31,1969,12,Q4,pre-1990,Unknown,Unknown,Unknown,Unknown,Unknown,Unknown,30000000.0,0.0,0.0,0.0,0,,,,,,17.216707939626428,,
"Story of Bonnie and Clyde, The",1969-12-31,1969,12,Q4,pre-1990,Unknown,Unknown,Unknown,Unknown,Unknown,Unknown,20000000.0,0.0,0.0,0.0,0,,,,,,16.811242831518264,,
The Molly Maguires,1969-12-31,1969,12,Q4,pre-1990,Unknown,Unknown,PG,Unknown,Unknown,Unknown,11000000.0,2200000.0,2200000.0,0.2,0,0.0,89.0,68.0,21.0,1304.0,16.213405830762646,14.603967918328545,7.1731917424865985
Beyond the Valley of the Dolls,1970-01-01,1970,1,Q1,pre-1990,Comedy,Unknown,Unknown,Original Screenplay,20th Century Fox,20th Century Fox,1000000.0,9000000.0,9000000.0,9.0,1,0.0,68.0,57.0,11.0,4626.0,13.815510557964274,16.012735135300492,8.439447842791385
Darling Lili,1970-01-01,1970,1,Q1,pre-1990,Unknown,Unknown,Unknown,Unknown,Unknown,Unknown,22000000.0,5000000.0,5000000.0,0.22727272727272727,0,0.0,,61.0,,858.0,16.90655301132259,15.424948470398375,6.754604099487962
Patton,1970-01-01,1970,1,Q1,pre-1990,Unknown,Unknown,Unknown,Unknown,Unknown,Unknown,12000000.0,62500000.0,62500000.0,5.208333333333333,1,0.0,97.0,81.0,16.0,39570.0,16.300417207752275,17.95067711470663,10.58582653437947
M*A*S*H,1970-01-01,1970,1,Q1,pre-1990,Unknown,Unknown,R,Unknown,Unknown,Unknown,3500000.0,81600000.0,81600000.0,23.314285714285713,1,0.0,,86.0,,8043.0,15.068273526459642,18.217339819934335,8.99255742690407
The Ballad of Cable Hogue,1970-05-13,1970,5,Q2,pre-1990,Western,Historical Fiction,Unknown,Original Screenplay,Warner Bros.,Warner Bros.,3716946.0,3500000.0,5000000.0,1.3451903794136368,1,0.3,92.0,73.0,19.0,3125.0,15.128412921328822,15.424948470398375,8.047189562170502
Catch-22,1970-06-24,1970,6,Q2,pre-1990,Comedy,Historical Fiction,Unknown,Based on Book/Short Story,Paramount Pictures,Paramount Pictures,18000000.0,24911670.0,24911670.0,1.3839816666666667,1,0.0,87.0,71.0,16.0,9671.0,16.70588231586044,17.030846926340047,9.176886995716963
"Tora, Tora, Tora",1970-09-23,1970,9,Q3,pre-1990,Unknown,Unknown,Unknown,Unknown,Unknown,Unknown,25000000.0,29548291.0,29548291.0,1.18193164,1,0.0,,,,,17.034386382832476,17.201536465964562,
Escape from the Planet of the Apes,1970-12-31,1970,12,Q4,pre-1990,Unknown,Science Fiction,Unknown,Unknown,Unknown,Unknown,2500000.0,12300000.0,12300000.0,4.92,1,0.0,78.0,61.0,17.0,7686.0,14.73180128983843,16.325109820342647,8.94715577112479
Fiddler on the Roof,1971-01-01,1971,1,Q1,pre-1990,Musical,Historical Fiction,Unknown,Based on Musical/Opera,United Artists,Other,9000000.0,80500000.0,80500000.0,8.944444444444445,1,0.0,88.0,77.0,11.0,14260.0,16.012735135300492,18.20376774238879,9.565213693968287
Sweet Sweetback's Baad Asssss Song,1971-01-01,1971,1,Q1,pre-1990,Unknown,Unknown,Unknown,Unknown,Unknown,Unknown,150000.0,15200000.0,15200000.0,101.33333333333333,1,0.0,,56.0,,1769.0,11.918390573078392,16.536805985816503,7.478169694159785
Willy Wonka & the Chocolate Factory,1971-06-30,1971,6,Q2,pre-1990,Unknown,Unknown,Unknown,Unknown,Unknown,Unknown,3000000.0,4000000.0,4000000.0,1.3333333333333333,1,0.0,90.0,78.0,12.0,46824.0,14.914122846632385,15.201804919084164,10.754151170971056
The French Connection,1971-10-09,1971,10,Q4,pre-1990,Unknown,Unknown,Unknown,Unknown,Unknown,Unknown,2200000.0,41158757.0,41158757.0,18.70852590909091,1,0.0,98.0,79.0,19.0,33674.0,14.603967918328545,17.532947269251572,10.424481305217745
Diamonds Are Forever,1971-12-17,1971,12,Q4,pre-1990,Action,Unknown,Unknown,Based on Book/Short Story,MGM,MGM,7200000.0,43800000.0,116000000.0,16.11111111111111,1,0.6224137931034482,67.0,67.0,0.0,25354.0,15.789591583986283,18.56910074907064,10.140691787498673
Conquest of the Planet of the Apes,1971-12-31,1971,12,Q4,pre-1990,Unknown,Unknown,Unknown,Unknown,Unknown,Unknown,1700000.0,9700000.0,9700000.0,5.705882352941177,1,0.0,44.0,58.0,-14.0,6188.0,14.346138809026444,16.08763644347361,8.730367211692958
High Plains Drifter,1972-01-01,1972,1,Q1,pre-1990,Western,Historical Fiction,Unknown,Original Screenplay,Universal,Universal,15700000.0,15700000.0,15700000.0,1.0,1,0.0,,76.0,,15718.0,16.569171270318538,16.569171270318538,9.662561831426121
The Godfather,1972-03-15,1972,3,Q1,pre-1990,Unknown,Historical Fiction,Unknown,Unknown,Paramount Pictures,Paramount Pictures,7000000.0,134966411.0,268500000.0,38.357142857142854,1,0.4973318026070763,100.0,92.0,8.0,411088.0,15.761420707019587,19.408361471913192,12.926562582481827
Frenzy,1972-06-21,1972,6,Q2,pre-1990,Unknown,Unknown,Unknown,Unknown,Universal,Universal,3500000.0,12600000.0,12600000.0,3.6,1,0.0,87.0,75.0,12.0,13093.0,15.068273526459642,16.349207371921707,9.479833015227753
Deep Throat,1972-06-30,1972,6,Q2,pre-1990,Unknown,Unknown,Unknown,Unknown,Unknown,Unknown,25000.0,45000000.0,45000000.0,1800.0,1,0.0,,52.0,,3075.0,10.126631103850338,17.622173047734595,8.031060180240619
Everything You Always Wanted to Know,1972-08-11,1972,8,Q3,pre-1990,Comedy,Unknown,Unknown,Based on Book/Short Story,MGM,MGM,2000000.0,18016290.0,18016290.0,9.008145,1,0.0,,,,,14.508657738524219,16.706786906594843,
The Last House on the Left,1972-08-30,1972,8,Q3,pre-1990,Unknown,Unknown,R,Unknown,Unknown,Unknown,87000.0,3100000.0,3100000.0,35.632183908045974,1,0.0,63.0,67.0,-4.0,22141.0,11.37366339763672,14.946912669455374,10.005186372360962
1776,1972-11-09,1972,11,Q4,pre-1990,Drama,Historical Fiction,PG,Based on Play,Sony/Columbia,Other,4000000.0,0.0,0.0,0.0,0,,57.0,70.0,-13.0,4099.0,15.201804919084164,,8.318498320504338
Battle for the Planet of the Apes,1972-12-31,1972,12,Q4,pre-1990,Unknown,Science Fiction,Unknown,Unknown,20th Century Fox,20th Century Fox,1800000.0,8800000.0,8800000.0,4.888888888888889,1,0.0,38.0,50.0,-12.0,6094.0,14.403297222866392,15.990262279448435,8.715059959545654
Pat Garrett and Billy the Kid,1973-05-23,1973,5,Q2,pre-1990,Unknown,Unknown,R,Unknown,Unknown,Unknown,4638783.0,8000000.0,11000000.0,2.3713116134123973,1,0.2727272727272727,,73.0,,6374.0,15.349962605317089,16.213405830762646,8.759982494977281
Live and Let Die,1973-06-27,1973,6,Q2,pre-1990,Action,Unknown,Unknown,Based on Book/Short Story,MGM,MGM,7000000.0,35400000.0,161800000.0,23.114285714285714,1,0.7812113720642769,64.0,68.0,-4.0,24044.0,15.761420707019587,18.901871562588667,10.087640764159053
American Graffiti,1973-08-11,1973,8,Q3,pre-1990,Comedy,Unknown,Unknown,Original Screenplay,Universal,Universal,777000.0,115000000.0,140000000.0,180.18018018018017,1,0.17857142857142858,97.0,76.0,21.0,30952.0,13.563195629349785,18.75715298057358,10.34019289638035
Sleeper,1973-12-17,1973,12,Q4,pre-1990,Comedy,Unknown,Unknown,Original Screenplay,MGM,MGM,2000000.0,18344729.0,18344729.0,9.1723645,1,0.0,100.0,73.0,27.0,15466.0,14.508657738524219,16.724852843244854,9.64639934516898
The Sting,1973-12-25,1973,12,Q4,pre-1990,Unknown,Historical Fiction,Unknown,Original Screenplay,Universal,Universal,5500000.0,159616327.0,159616327.0,29.021150363636362,1,0.0,91.0,84.0,7.0,65866.0,15.520258650202699,18.888283537246494,11.095377654119083
The Exorcist,1973-12-26,1973,12,Q4,pre-1990,Horror,Contemporary Fiction,R,Based on Book/Short Story,Warner Bros.,Warner Bros.,12000000.0,204632868.0,402500000.0,33.541666666666664,1,0.4915953590062112,84.0,81.0,3.0,103131.0,16.300417207752275,19.81320565482289,11.543755303762667
Blazing Saddles,1974-01-01,1974,1,Q1,pre-1990,Comedy,Unknown,Unknown,Original Screenplay,Warner Bros.,Warner Bros.,2600000.0,119500000.0,119500000.0,45.96153846153846,1,0.0,89.0,78.0,11.0,45771.0,14.77102200299171,18.59882692933584,10.731405981781311
The Conversation,1974-04-07,1974,4,Q2,pre-1990,Thriller/Suspense,Contemporary Fiction,Unknown,Original Screenplay,Paramount Pictures,Paramount Pictures,1600000.0,4420000.0,4420000.0,2.7625,1,0.0,98.0,81.0,17.0,33005.0,14.28551418721001,15.30165025405388,10.404414344122872
The Texas Chainsaw Massacre,1974-10-18,1974,10,Q4,pre-1990,Horror,Unknown,R,Unknown,New Line,New Line,140000.0,26572439.0,26572439.0,189.8031357142857,1,0.0,90.0,61.0,29.0,39172.0,11.84939770159144,17.095385108780878,10.575717484840686
Benji,1974-11-15,1974,11,Q4,pre-1990,Adventure,Unknown,Unknown,Original Screenplay,Unknown,Unknown,500000.0,31559560.0,31559560.0,63.11912,1,0.0,83.0,58.0,25.0,1801.0,13.122363377404328,17.26738711214641,7.496097345175956
The Godfather: Part II,1974-12-11,1974,12,Q4,pre-1990,Unknown,Historical Fiction,Unknown,Unknown,Paramount Pictures,Paramount Pictures,13000000.0,57300000.0,57300000.0,4.407692307692308,1,0.0,,90.0,,245271.0,16.38045991542581,17.86381118168497,12.41011900067315
Young Frankenstein,1974-12-15,1974,12,Q4,pre-1990,Unknown,Unknown,Unknown,Unknown,20th Century Fox,20th Century Fox,2800000.0,86300000.0,86300000.0,30.821428571428573,1,0.0,93.0,80.0,13.0,57106.0,14.845129975145433,18.273340156053656,10.952664468932817
Towering Inferno,1974-12-17,1974,12,Q4,pre-1990,Unknown,Unknown,Unknown,Unknown,20th Century Fox,20th Century Fox,14000000.0,116000000.0,139700000.0,9.978571428571428,1,0.16964924838940587,,,,,16.454567887579532,18.75500782422719,
The Front Page,1974-12-17,1974,12,Q4,pre-1990,Comedy,Contemporary Fiction,Unknown,Based on Play,Universal,Universal,4000000.0,15000000.0,15000000.0,3.75,1,0.0,67.0,72.0,-5.0,3875.0,15.201804919084164,16.523560759066484,8.262300941787448
The Man with the Golden Gun,1974-12-20,1974,12,Q4,pre-1990,Action,Unknown,Unknown,Based on Book/Short Story,MGM,MGM,7000000.0,21000000.0,97600000.0,13.942857142857143,1,0.7848360655737705,52.0,67.0,-15.0,22431.0,15.761420707019587,18.396388051383322,10.018199209668024
Barry Lyndon,1974-12-31,1974,12,Q4,pre-1990,Drama,Unknown,Unknown,Based on Book/Short Story,Warner Bros.,Warner Bros.,11000000.0,20000000.0,20000000.0,1.8181818181818181,1,0.0,94.0,81.0,13.0,39909.0,16.213405830762646,16.811242831518264,10.594357141352015
Monty Python and the Holy Grail,1975-05-10,1975,5,Q2,pre-1990,Unknown,Unknown,Unknown,Unknown,Unknown,Unknown,400000.0,3427696.0,5028948.0,12.57237,1,0.31840695111581985,,84.0,,155049.0,12.89921982609012,15.430721375072805,11.951496474975388
Love and Death,1975-06-10,1975,6,Q2,pre-1990,Comedy,Unknown,Unknown,Original Screenplay,MGM,MGM,3000000.0,20123742.0,20123742.0,6.707914,1,0.0,100.0,76.0,24.0,12111.0,14.914122846632385,16.81741086999834,9.401869409521051
Jaws,1975-06-20,1975,6,Q2,pre-1990,Horror,Contemporary Fiction,PG,Based on Book/Short Story,Universal,Universal,12000000.0,260000000.0,470700000.0,39.225,1,0.4476311875929467,100.0,83.0,17.0,138017.0,16.300417207752275,19.96973150637137,11.83513214495807
The Rocky Horror Picture Show,1975-09-26,1975,9,Q3,pre-1990,Musical,Unknown,Unknown,Unknown,20th Century Fox,20th Century Fox,1200000.0,139876417.0,139876417.0,116.56368083333334,1,0.0,77.0,71.0,6.0,41265.0,13.997832114758229,18.756269855018687,10.627769962026784
One Flew Over the Cuckoo's Nest,1975-11-19,1975,11,Q4,pre-1990,Unknown,Unknown,Unknown,Based on Book/Short Story,MGM,MGM,4400000.0,108981275.0,108981275.0,24.76847159090909,1,0.0,96.0,89.0,7.0,214457.0,15.29711509888849,18.506686636445174,12.275864531053708
The Blue Bird,1975-12-31,1975,12,Q4,pre-1990,Unknown,Fantasy,Unknown,Based on Play,20th Century Fox,20th Century Fox,1200000.0,887000.0,887000.0,0.7391666666666666,0,0.0,,49.0,,359.0,13.997832114758229,13.695600261291716,5.883322388488279
Logan's Run,1975-12-31,1975,12,Q4,pre-1990,Unknown,Science Fiction,Unknown,Unknown,Unknown,Unknown,7000000.0,25000000.0,25000000.0,3.5714285714285716,1,0.0,70.0,67.0,3.0,14947.0,15.761420707019587,17.034386382832476,9.612265889785814
Taxi Driver,1976-02-08,1976,2,Q1,pre-1990,Drama,Contemporary Fiction,Unknown,Original Screenplay,Sony Pictures,Sony Pictures,1000000.0,21100000.0,21100000.0,21.1,1,0.0,98.0,86.0,12.0,155774.0,13.815510557964274,16.864783598446294,11.956161517876492
Robin and Marian,1976-03-11,1976,3,Q1,pre-1990,Unknown,Unknown,Unknown,Unknown,Unknown,Unknown,5000000.0,8000000.0,8000000.0,1.6,1,0.0,68.0,65.0,3.0,4800.0,15.424948470398375,15.89495209964411,8.476371196895983
Family Plot,1976-04-09,1976,4,Q2,pre-1990,Unknown,Unknown,Unknown,Unknown,Universal,Universal,3000000.0,13200000.0,13200000.0,4.4,1,0.0,95.0,68.0,27.0,7290.0,14.914122846632385,16.3957273875566,8.894258825002703
The Omen,1976-06-25,1976,6,Q2,pre-1990,Horror,Unknown,Unknown,Original Screenplay,20th Century Fox,20th Century Fox,2800000.0,48570885.0,48570885.0,17.346744642857143,1,0.0,84.0,54.0,30.0,24523.0,14.845129975145433,17.698534835280075,10.107366731668879
Silent Movie,1976-06-25,1976,6,Q2,pre-1990,Comedy,Unknown,Unknown,Original Screenplay,20th Century Fox,20th Century Fox,4400000.0,36145695.0,36145695.0,8.214930681818181,1,0.0,89.0,64.0,25.0,6248.0,15.29711509888849,17.403068412340684,8.740016691519521
Carrie,1976-11-16,1976,11,Q4,pre-1990,Horror,Contemporary Fiction,Unknown,Based on Book/Short Story,MGM,MGM,1800000.0,25878153.0,25878153.0,14.376751666666667,1,0.0,90.0,74.0,16.0,38767.0,14.403297222866392,17.068909657198546,10.565324648253958
Rocky,1976-11-21,1976,11,Q4,pre-1990,Unknown,Unknown,Unknown,Unknown,MGM,MGM,1000000.0,117235147.0,225000000.0,225.0,1,0.4789549022222222,,40.0,,84.0,13.815510557964274,19.231610960168695,4.430816798843313
King Kong,1976-12-17,1976,12,Q4,pre-1990,Unknown,Unknown,Unknown,Unknown,Unknown,Unknown,23000000.0,52614445.0,90614445.0,3.9397584782608694,1,0.4193591871582947,46.0,76.0,-30.0,132720.0,16.951004773893423,18.322124195390558,11.795996924864326
Eraserhead,1976-12-31,1976,12,Q4,pre-1990,Unknown,Unknown,Unknown,Unknown,Unknown,Unknown,100000.0,7000000.0,7000000.0,70.0,1,0.0,90.0,74.0,16.0,26595.0,11.512925464970229,15.761420707019587,10.188478507176418
Kingdom of the Spiders,1976-12-31,1976,12,Q4,pre-1990,Unknown,Unknown,Unknown,Unknown,Unknown,Unknown,500000.0,17000000.0,17000000.0,34.0,1,0.0,44.0,57.0,-13.0,1463.0,13.122363377404328,16.64872390202049,7.288244401020124
Annie Hall,1977-04-20,1977,4,Q2,pre-1990,Comedy,Unknown,Unknown,Original Screenplay,MGM,MGM,4000000.0,38251425.0,38251425.0,9.56285625,1,0.0,98.0,82.0,16.0,65406.0,15.201804919084164,17.459691372444833,11.088369276356413
Star Wars Ep. IV: A New Hope,1977-05-25,1977,5,Q2,pre-1990,Adventure,Science Fiction,PG,Original Screenplay,20th Century Fox,20th Century Fox,11000000.0,460998007.0,797900000.0,72.53636363636363,1,0.4222358603835067,,,,,16.213405830762646,20.497493834278508,
A Bridge Too Far,1977-06-15,1977,6,Q2,pre-1990,Action,Unknown,Unknown,Based on Book/Short Story,MGM,MGM,26000000.0,50800000.0,50800000.0,1.9538461538461538,1,0.0,67.0,73.0,-6.0,16882.0,17.073607095985757,17.74340691254871,9.734003244543665
Exorcist II: The Heretic,1977-06-17,1977,6,Q2,pre-1990,Horror,Unknown,Unknown,Unknown,Unknown,Unknown,14000000.0,25011000.0,25011000.0,1.7865,1,0.0,,35.0,,7849.0,16.454567887579532,17.03482628606086,8.968141414126814
"New York, New York",1977-06-22,1977,6,Q2,pre-1990,Musical,Unknown,Unknown,Original Screenplay,MGM,MGM,14000000.0,13800000.0,13800000.0,0.9857142857142858,0,0.0,63.0,67.0,-4.0,1692.0,16.454567887579532,16.440179150127435,7.433666540166168
The Sorcerer,1977-06-24,1977,6,Q2,pre-1990,Unknown,Unknown,Unknown,Unknown,Unknown,Unknown,21600000.0,12000000.0,12000000.0,0.5555555555555556,0,0.0,,68.0,,563.0,16.888203872654394,16.300417207752275,6.333279628139691
The Spy Who Loved Me,1977-07-13,1977,7,Q3,pre-1990,Action,Contemporary Fiction,Unknown,Based on Book/Short Story,MGM,MGM,14000000.0,46800000.0,185400000.0,13.242857142857142,1,0.7475728155339806,78.0,71.0,7.0,24938.0,16.454567887579532,19.038026211096028,10.12414802355653
March or Die,1977-08-05,1977,8,Q3,pre-1990,Unknown,Unknown,Unknown,Unknown,Sony Pictures,Sony Pictures,7000000.0,1000000.0,1000000.0,0.14285714285714285,0,0.0,,61.0,,1233.0,15.761420707019587,13.815510557964274,7.117205503164344
The Kentucky Fried Movie,1977-08-10,1977,8,Q3,pre-1990,Comedy,Unknown,Unknown,Original Screenplay,United Film Distribution Co.,Other,600000.0,15000000.0,20000000.0,33.333333333333336,1,0.25,77.0,64.0,13.0,8342.0,13.304684934198283,16.811242831518264,9.02905827475689
Pete's Dragon,1977-11-03,1977,11,Q4,pre-1990,Unknown,Unknown,Unknown,Unknown,Unknown,Unknown,10000000.0,36000000.0,36000000.0,3.6,1,0.0,50.0,60.0,-10.0,4620.0,16.11809565095832,17.399029496420383,8.438149984075784
Close Encounters of the Third Kind,1977-11-16,1977,11,Q4,pre-1990,Adventure,Science Fiction,Unknown,Original Screenplay,Sony Pictures,Sony Pictures,20000000.0,166000000.0,337700000.0,16.885,1,0.5084394432928635,95.0,78.0,17.0,59049.0,16.811242831518264,19.637668485355796,10.986122886681096
High Anxiety,1977-12-23,1977,12,Q4,pre-1990,Unknown,Unknown,Unknown,Unknown,Unknown,Unknown,3400000.0,31063038.0,31063038.0,9.136187647058824,1,0.0,73.0,65.0,8.0,7025.0,15.03928598958639,17.25152918159065,8.857230494201946
Caravans,1977-12-31,1977,12,Q4,pre-1990,Adventure,Historical Fiction,Unknown,Based on Book/Short Story,Universal,Universal,14000000.0,1000000.0,1000000.0,0.07142857142857142,0,0.0,,58.0,,173.0,16.454567887579532,13.815510557964274,5.153291594497779
Coming Home,1977-12-31,1977,12,Q4,pre-1990,Unknown,Unknown,Unknown,Unknown,Unknown,Unknown,3000000.0,32653000.0,32653000.0,10.884333333333334,1,0.0,81.0,73.0,8.0,4410.0,14.914122846632385,17.30144729307976,8.391629968440892
The Boys from Brazil,1977-12-31,1977,12,Q4,pre-1990,Thriller/Suspense,Unknown,Unknown,Based on Book/Short Story,20th Century Fox,20th Century Fox,12000000.0,19000000.0,19000000.0,1.5833333333333333,1,0.0,65.0,70.0,-5.0,8741.0,16.300417207752275,16.759949537130716,9.075779878580487
F.I.S.T,1978-04-13,1978,4,Q2,pre-1990,Drama,Dramatization,Unknown,Based on Real Life Events,United Artists,Other,11000000.0,20388920.0,20388920.0,1.8535381818181818,1,0.0,,62.0,,2737.0,16.213405830762646,16.830502174007073,7.914617709040679
Grease,1978-06-16,1978,6,Q2,pre-1990,Musical,Historical Fiction,PG,Based on Musical/Opera,Paramount Pictures,Paramount Pictures,6000000.0,305260.0,206005260.0,34.33421,1,0.9985181931762325,83.0,70.0,13.0,60146.0,15.60727002719233,19.14341226040845,11.004530218775948
Jaws 2,1978-06-16,1978,6,Q2,pre-1990,Horror,Contemporary Fiction,PG,Based on Book/Short Story,Universal,Universal,20000000.0,102922376.0,208900376.0,10.4450188,1,0.5073135914317358,56.0,56.0,0.0,18793.0,16.811242831518264,19.157368026429435,9.8412397390566
National Lampoon's Animal House,1978-07-28,1978,7,Q3,pre-1990,Unknown,Unknown,R,Unknown,Universal,Universal,3000000.0,141600000.0,141600000.0,47.2,1,0.0,90.0,,,,14.914122846632385,18.768516739223895,
Halloween,1978-10-17,1978,10,Q4,pre-1990,Horror,Unknown,Unknown,Unknown,Unknown,Unknown,325000.0,47000000.0,70000000.0,215.3846153846154,1,0.32857142857142857,93.0,60.0,33.0,39866.0,12.691580461311874,18.064005800013632,10.593279109282712
The Wiz,1978-10-24,1978,10,Q4,pre-1990,Musical,Unknown,Unknown,Unknown,Unknown,Unknown,24000000.0,13000000.0,13000000.0,0.5416666666666666,0,0.0,37.0,45.0,-8.0,4896.0,16.99356438831222,16.38045991542581,8.496173824192162
Superman,1978-12-15,1978,12,Q4,pre-1990,Adventure,Super Hero,PG,Based on Comic/Graphic Novel,Warner Bros.,Warner Bros.,55000000.0,134218018.0,300200000.0,5.458181818181818,1,0.5529046702198535,94.0,49.0,45.0,129.0,17.822843743196746,19.519959477163635,4.859812404361672
Force 10 from Navarone,1978-12-22,1978,12,Q4,pre-1990,Action,Unknown,Unknown,Unknown,Sony/Columbia,Other,5000000.0,7100000.0,7100000.0,1.42,1,0.0,64.0,60.0,4.0,5917.0,15.424948470398375,15.775605342011543,8.685584842676693
Meteor,1978-12-31,1978,12,Q4,pre-1990,Unknown,Unknown,Unknown,Unknown,Unknown,Unknown,16000000.0,8400000.0,8400000.0,0.525,0,0.0,9.0,47.0,-38.0,2969.0,16.588099280204055,15.943742263813542,7.99598047476376
The Deer Hunter,1978-12-31,1978,12,Q4,pre-1990,Drama,Unknown,Unknown,Original Screenplay,Universal,Universal,15000000.0,50000000.0,50000000.0,3.3333333333333335,1,0.0,,82.0,,88095.0,16.523560759066484,17.72753356339242,11.386171056624729
The First Great Train Robbery,1979-02-02,1979,2,Q1,pre-1990,Action,Unknown,Unknown,Based on Book/Short Story,United Artists,Other,6000000.0,391942.0,391942.0,0.06532366666666667,0,0.0,,69.0,,5141.0,15.60727002719233,12.878869148641886,8.545002892055505
Dawn of the Dead,1979-04-20,1979,4,Q2,pre-1990,Horror,Unknown,Unknown,Unknown,United Film Distribution Co.,Other,1500000.0,5100000.0,55000000.0,36.666666666666664,1,0.9072727272727272,,74.0,,73875.0,14.22097566607244,17.822843743196746,11.2101297547084
Alien,1979-05-25,1979,5,Q2,pre-1990,Horror,Science Fiction,R,Original Screenplay,20th Century Fox,20th Century Fox,9000000.0,80930630.0,203630630.0,22.625625555555555,1,0.6025616087324387,97.0,85.0,12.0,180387.0,16.012735135300492,19.131818273368594,12.102859821929806
The Prisoner of Zenda,1979-05-25,1979,5,Q2,pre-1990,Comedy,Contemporary Fiction,Unknown,Based on Book/Short Story,Universal,Universal,12500000.0,7000000.0,7000000.0,0.56,0,0.0,,46.0,,406.0,16.34123920227253,15.761420707019587,6.0063531596017325
Dolphin,1979-06-01,1979,6,Q2,pre-1990,Documentary,Factual,Unknown,Based on Real Life Events,Unknown,Unknown,170000.0,14000.0,14000.0,0.08235294117647059,0,0.0,,58.0,,134.0,12.043553716032399,9.546812608597396,4.897839799950911
Prophecy,1979-06-15,1979,6,Q2,pre-1990,Unknown,Unknown,Unknown,Unknown,Unknown,Unknown,12000000.0,21000000.0,21000000.0,1.75,1,0.0,25.0,47.0,-22.0,1381.0,16.300417207752275,16.860032995687696,7.2305631534092925
Moonraker,1979-06-29,1979,6,Q2,pre-1990,Action,Contemporary Fiction,Unknown,Based on Book/Short Story,MGM,MGM,31000000.0,70300000.0,210300000.0,6.783870967741936,1,0.6657156443176415,64.0,61.0,3.0,26760.0,17.24949776244942,19.164045640672928,10.194663514242166
Apocalypse Now,1979-08-15,1979,8,Q3,pre-1990,Action,Historical Fiction,R,Based on Book/Short Story,MGM,MGM,31500000.0,78800000.0,78800000.0,2.5015873015873016,1,0.0,98.0,86.0,12.0,173141.0,17.26549810379586,18.18242355482811,12.061861570425952
The Life of Brian,1979-08-17,1979,8,Q3,pre-1990,Comedy,Historical Fiction,Not Rated,Original Screenplay,Rainbow Releasing,Other,4000000.0,20008693.0,20008693.0,5.00217325,1,0.0,,,,,15.201804919084164,16.811677387085318,
Star Trek: The Motion Picture,1979-12-07,1979,12,Q4,pre-1990,Adventure,Science Fiction,PG,Based on TV,Paramount Pictures,Paramount Pictures,35000000.0,82258456.0,139000000.0,3.9714285714285715,1,0.40821254676258995,48.0,62.0,-14.0,25454.0,17.37085861945369,18.749984491094967,10.144628180551992
1941,1979-12-14,1979,12,Q4,pre-1990,Comedy,Historical Fiction,Unknown,Original Screenplay,Universal,Universal,32000000.0,34175000.0,94875000.0,2.96484375,1,0.6397891963109354,33.0,56.0,-23.0,13364.0,17.281246460764002,18.36807079368007,9.500319803476646
The Black Hole,1979-12-21,1979,12,Q4,pre-1990,Unknown,Science Fiction,Unknown,Original Screenplay,Walt Disney Pictures,Walt Disney Pictures,20000000.0,35841901.0,35841901.0,1.79209505,1,0.0,42.0,56.0,-14.0,7810.0,16.811242831518264,17.394628185959007,8.963160242833732
Terror Train,1979-12-31,1979,12,Q4,pre-1990,Unknown,Unknown,Unknown,Unknown,Unknown,Unknown,3500000.0,8000000.0,8000000.0,2.2857142857142856,1,0.0,33.0,55.0,-22.0,2479.0,15.068273526459642,15.89495209964411,7.8156105320351905
Lion of the Desert,1979-12-31,1979,12,Q4,pre-1990,Unknown,Unknown,Unknown,Unknown,United Film Distribution Co.,Other,35000000.0,1500000.0,1500000.0,0.04285714285714286,0,0.0,,78.0,,2659.0,17.37085861945369,14.22097566607244,7.88570539124302
Maniac,1979-12-31,1979,12,Q4,pre-1990,Unknown,Unknown,Unknown,Unknown,Unknown,Unknown,350000.0,10000000.0,10000000.0,28.571428571428573,1,0.0,,62.0,,3281.0,12.765688433465597,16.11809565095832,8.0959035329611
Can't Stop the Music,1979-12-31,1979,12,Q4,pre-1990,Musical,Contemporary Fiction,Unknown,Original Screenplay,Unknown,Unknown,20000000.0,2000000.0,2000000.0,0.1,0,0.0,,35.0,,2146.0,16.811242831518264,14.508657738524219,7.671360923190644
Dressed to Kill,1980-01-01,1980,1,Q1,pre-1990,Unknown,Unknown,Unknown,Unknown,Unknown,Unknown,6500000.0,31899000.0,31899000.0,4.907538461538461,1,0.0,84.0,71.0,13.0,9556.0,15.687312734865866,17.27808521930133,9.1649245084457
The Fog,1980-02-01,1980,2,Q1,pre-1990,Horror,Unknown,Unknown,Unknown,Avco Embassy,Other,1000000.0,21378361.0,21378361.0,21.378361,1,0.0,69.0,33.0,36.0,15760.0,13.815510557964274,16.877889800192303,9.66523036341187
Mad Max,1980-03-21,1980,3,Q1,pre-1990,Action,Science Fiction,Unknown,Unknown,Unknown,Unknown,200000.0,8750000.0,99750000.0,498.75,1,0.9122807017543859,,69.0,,36548.0,12.206072645530174,18.418177613734247,10.506381744118512
Friday the 13th,1980-05-09,1980,5,Q2,pre-1990,Horror,Unknown,Unknown,Unknown,Paramount Pictures,Paramount Pictures,550000.0,39754601.0,59754601.0,108.6447290909091,1,0.3347022599983556,60.0,56.0,4.0,26798.0,13.217673557208654,17.905756749995323,10.196082536848554
Penitentiary,1980-05-10,1980,5,Q2,pre-1990,Drama,Contemporary Fiction,Unknown,Original Screenplay,Unknown,Unknown,100000.0,287000.0,287000.0,2.87,1,0.0,,55.0,,233.0,11.512925464970229,12.567237494741757,5.4510384535657
The Long Riders,1980-05-16,1980,5,Q2,pre-1990,Action,Historical Fiction,Unknown,Original Screenplay,United Artists,Other,10000000.0,15198912.0,15198912.0,1.5198912,1,0.0,79.0,71.0,8.0,3791.0,16.11809565095832,16.536734404307243,8.240385115516334
Home Movies,1980-05-16,1980,5,Q2,pre-1990,Unknown,Unknown,Unknown,Unknown,Unknown,Unknown,400000.0,89134.0,89134.0,0.222835,0,0.0,,53.0,,291.0,12.89921982609012,11.397896134385462,5.673323267171493
Star Wars Ep. V: The Empire Strikes Back,1980-05-21,1980,5,Q2,pre-1990,Adventure,Science Fiction,PG,Original Screenplay,20th Century Fox,20th Century Fox,23000000.0,290271960.0,534171960.0,23.224867826086957,1,0.4565945393314917,,,,,16.951004773893423,20.096228367558272,
The Shining,1980-05-23,1980,5,Q2,pre-1990,Horror,Fantasy,Unknown,Based on Book/Short Story,Warner Bros.,Warner Bros.,19000000.0,44017374.0,44017374.0,2.316703894736842,1,0.0,87.0,85.0,2.0,177762.0,16.759949537130716,17.60009497758077,12.088200855935275
The Island,1980-06-13,1980,6,Q2,pre-1990,Adventure,Contemporary Fiction,PG-13,Based on Book/Short Story,Universal,Universal,22000000.0,15716828.0,15716828.0,0.7144012727272727,0,0.0,,69.0,,82601.0,16.90655301132259,16.570242543434293,11.321777065973317
The Blues Brothers,1980-06-20,1980,6,Q2,pre-1990,Musical,Contemporary Fiction,Unknown,Original Screenplay,Universal,Universal,27000000.0,57229890.0,57229890.0,2.1196255555555554,1,0.0,84.0,79.0,5.0,62941.0,17.111347423968603,17.862586872314594,11.049953058639625
Airplane!,1980-07-04,1980,7,Q3,pre-1990,Comedy,Unknown,Unknown,Original Screenplay,Unknown,Unknown,3500000.0,83453539.0,83453539.0,23.843868285714287,1,0.0,98.0,78.0,20.0,57000.0,15.068273526459642,18.239800615800817,10.950806546816688
Caddyshack,1980-07-25,1980,7,Q3,pre-1990,Comedy,Contemporary Fiction,Unknown,Original Screenplay,Warner Bros.,Warner Bros.,6000000.0,39846344.0,39846344.0,6.641057333333333,1,0.0,75.0,73.0,2.0,35436.0,15.60727002719233,17.500541214951607,10.475483531531923
Raise the Titanic,1980-08-01,1980,8,Q3,pre-1990,Unknown,Unknown,PG,Unknown,Unknown,Unknown,40000000.0,7000000.0,7000000.0,0.175,0,0.0,60.0,39.0,21.0,1757.0,17.50439001207821,15.761420707019587,7.471363088187097
Ordinary People,1980-09-19,1980,9,Q3,pre-1990,Drama,Contemporary Fiction,Unknown,Based on Book/Short Story,Paramount Pictures,Paramount Pictures,6000000.0,52302978.0,52302978.0,8.717163,1,0.0,91.0,70.0,21.0,138.0,15.60727002719233,17.77256386814067,4.927253685157205
The Elephant Man,1980-10-03,1980,10,Q4,pre-1990,Unknown,Unknown,Unknown,Unknown,Unknown,Unknown,5000000.0,26010864.0,26010864.0,5.2021728,1,0.0,91.0,84.0,7.0,58194.0,15.424948470398375,17.07402485486621,10.971537535621598
Somewhere in Time,1980-10-03,1980,10,Q4,pre-1990,Drama,Fantasy,Unknown,Based on Book/Short Story,Universal,Universal,5100000.0,9709597.0,9709597.0,1.9038425490196078,1,0.0,63.0,70.0,-7.0,8787.0,15.444751097694555,16.088625335801677,9.081028635495842
Raging Bull,1980-11-14,1980,11,Q4,pre-1990,Drama,Dramatization,Not Rated,Based on Real Life Events,MGM,MGM,18000000.0,23380203.0,23380203.0,1.2989001666666666,1,0.0,98.0,84.0,14.0,90015.0,16.70588231586044,16.967400196605233,11.407731602091722
Heaven's Gate,1980-11-19,1980,11,Q4,pre-1990,Unknown,Unknown,Unknown,Unknown,Unknown,Unknown,44000000.0,3484331.0,3484331.0,0.07918934090909091,0,0.0,,65.0,,4649.0,17.599700191882537,15.063786618182299,8.444407421690585
Flash Gordon,1980-12-05,1980,12,Q4,pre-1990,Action,Science Fiction,Unknown,Based on Comic/Graphic Novel,Universal,Universal,35000000.0,27107960.0,27107960.0,0.7745131428571429,0,0.0,81.0,62.0,19.0,14894.0,17.37085861945369,17.115337969657887,9.60871372627059
Popeye,1980-12-12,1980,12,Q4,pre-1990,Unknown,Unknown,Unknown,Unknown,Paramount Pictures,Paramount Pictures,20000000.0,49823037.0,49823037.0,2.49115185,1,0.0,56.0,49.0,7.0,11433.0,16.811242831518264,17.72398802539439,9.34425918954197
Roar,1980-12-31,1980,12,Q4,pre-1990,Unknown,Unknown,Unknown,Unknown,Unknown,Unknown,17000000.0,2000000.0,2000000.0,0.11764705882352941,0,0.0,,59.0,,228.0,16.64872390202049,14.508657738524219,5.429345628954441
Sphinx,1981-02-11,1981,2,Q1,pre-1990,Thriller/Suspense,Contemporary Fiction,Unknown,Based on Book/Short Story,Orion Pictures,Other,10000000.0,2000000.0,11400000.0,1.14,1,0.8245614035087719,,49.0,,478.0,16.11809565095832,16.249123913364723,6.169610732491456
The Postman Always Rings Twice,1981-03-20,1981,3,Q1,pre-1990,Unknown,Unknown,Unknown,Unknown,Unknown,Unknown,12000000.0,12200000.0,44200000.0,3.683333333333333,1,0.7239819004524887,70.0,64.0,6.0,6886.0,16.300417207752275,17.604235347047926,8.83724564389847
The Howling,1981-04-10,1981,4,Q2,pre-1990,Unknown,Unknown,Unknown,Unknown,Unknown,Unknown,1000000.0,17985000.0,17985000.0,17.985,1,0.0,60.0,65.0,-5.0,8731.0,13.815510557964274,16.70504863511186,9.074635189810808
Nighthawks,1981-04-10,1981,4,Q2,pre-1990,Action,Contemporary Fiction,Unknown,Original Screenplay,Universal,Universal,5000000.0,14600000.0,19600000.0,3.92,1,0.25510204081632654,71.0,63.0,8.0,5649.0,15.424948470398375,16.791040124200745,8.639233817325263
Friday the 13th Part 2,1981-04-30,1981,4,Q2,pre-1990,Horror,Unknown,Unknown,Unknown,Unknown,Unknown,1250000.0,21722776.0,21722776.0,17.3782208,1,0.0,33.0,55.0,-22.0,13395.0,14.038654109278484,16.893871853334655,9.502636781978708
Graduation Day,1981-05-01,1981,5,Q2,pre-1990,Thriller/Suspense,Unknown,Unknown,Unknown,Unknown,Unknown,250000.0,23894000.0,23894000.0,95.576,1,0.0,,30.0,,836.0,12.429216196844383,16.989137939359306,6.728628613084702
The Four Seasons,1981-05-22,1981,5,Q2,pre-1990,Comedy,Contemporary Fiction,Unknown,Original Screenplay,Universal,Universal,6500000.0,42488161.0,42488161.0,6.536640153846154,1,0.0,71.0,70.0,1.0,1814.0,15.687312734865866,17.56473603038241,7.503289630675082
The Legend of the Lone Ranger,1981-05-22,1981,5,Q2,pre-1990,Western,Historical Fiction,Unknown,Remake,Universal,Universal,18000000.0,13400000.0,13400000.0,0.7444444444444445,0,0.0,,46.0,,755.0,16.70588231586044,16.41076526492114,6.626717749249025
Clash of the Titans,1981-06-12,1981,6,Q2,pre-1990,Adventure,Fantasy,Unknown,Traditional/Legend/Fairytale,MGM,MGM,15000000.0,30000000.0,30000000.0,2.0,1,0.0,65.0,59.0,6.0,45773.0,16.523560759066484,17.216707939626428,10.73144967661659
Raiders of the Lost Ark,1981-06-12,1981,6,Q2,pre-1990,Adventure,Historical Fiction,PG,Original Screenplay,Paramount Pictures,Paramount Pictures,20000000.0,245034358.0,386800358.0,19.3400179,1,0.36650948497829466,,87.0,,242661.0,16.811242831518264,19.7734192470859,12.399420686589707
History of the World: Part I,1981-06-12,1981,6,Q2,pre-1990,Comedy,Historical Fiction,Unknown,Original Screenplay,20th Century Fox,20th Century Fox,11000000.0,31672000.0,31672000.0,2.879272727272727,1,0.0,,65.0,,16691.0,16.213405830762646,17.270943567768104,9.722624930978418
Superman II,1981-06-19,1981,6,Q2,pre-1990,Adventure,Super Hero,Unknown,Based on Comic/Graphic Novel,Warner Bros.,Warner Bros.,50000000.0,108185706.0,108185706.0,2.16371412,1,0.0,,67.0,,29512.0,17.72753356339242,18.499359808440857,10.292552239276512
For Your Eyes Only,1981-06-26,1981,6,Q2,pre-1990,Action,Contemporary Fiction,Unknown,Based on Book/Short Story,MGM,MGM,28000000.0,54800000.0,195300000.0,6.975,1,0.7194060419866871,71.0,68.0,3.0,23527.0,17.14771506813948,19.090047395846906,10.065903976780419
Dragonslayer,1981-06-26,1981,6,Q2,pre-1990,Action,Fantasy,Unknown,Original Screenplay,Paramount Pictures,Paramount Pictures,18000000.0,6000000.0,6000000.0,0.3333333333333333,0,0.0,82.0,68.0,14.0,4945.0,16.70588231586044,15.60727002719233,8.506132244056813
Stripes,1981-06-26,1981,6,Q2,pre-1990,Comedy,Contemporary Fiction,R,Original Screenplay,Sony Pictures,Sony Pictures,10000000.0,85300000.0,85300000.0,8.53,1,0.0,88.0,68.0,20.0,19618.0,16.11809565095832,18.261685012461907,9.884202791124261
Escape from New York,1981-07-10,1981,7,Q3,pre-1990,Action,Science Fiction,Unknown,Original Screenplay,Avco Embassy,Other,6000000.0,25244700.0,25244700.0,4.20745,1,0.0,82.0,71.0,11.0,34497.0,15.60727002719233,17.04412679066325,10.448627642716774
Blow Out,1981-07-24,1981,7,Q3,pre-1990,Thriller/Suspense,Contemporary Fiction,Unknown,Original Screenplay,Filmways Pictures,Other,18000000.0,13747234.0,13747234.0,0.7637352222222222,0,0.0,89.0,71.0,18.0,10239.0,16.70588231586044,16.43634819820437,9.233959237574817
Under the Rainbow,1981-07-31,1981,7,Q3,pre-1990,Comedy,Historical Fiction,Unknown,Original Screenplay,Warner Bros.,Warner Bros.,20000000.0,18826490.0,18826490.0,0.9413245,0,0.0,,49.0,,1263.0,16.811242831518264,16.75077547858443,7.141245122350491
Heavy Metal,1981-08-07,1981,8,Q3,pre-1990,Adventure,Science Fiction,Unknown,Based on Comic/Graphic Novel,Sony/Columbia,Other,9300000.0,19571091.0,19571091.0,2.104418387096774,1,0.0,60.0,60.0,0.0,45.0,16.045524958123483,16.78956408641315,3.8066624897703196
Gallipoli,1981-08-28,1981,8,Q3,pre-1990,Unknown,Unknown,Unknown,Unknown,Unknown,Unknown,3000000.0,5732587.0,5732587.0,1.9108623333333334,1,0.0,86.0,77.0,9.0,14139.0,14.914122846632385,15.561677470223541,9.556692215591841
Mommie Dearest,1981-09-18,1981,9,Q3,pre-1990,Drama,Dramatization,Unknown,Based on Book/Short Story,Paramount Pictures,Paramount Pictures,5000000.0,19032000.0,25032000.0,5.0064,1,0.23969319271332695,57.0,63.0,-6.0,4905.0,15.424948470398375,17.035665564330856,8.498010371999463
Chariots of Fire,1981-09-25,1981,9,Q3,pre-1990,Drama,Dramatization,Unknown,Based on Real Life Events,Sony Pictures,Sony Pictures,5500000.0,57159946.0,57159946.0,10.392717454545455,1,0.0,86.0,73.0,13.0,16138.0,15.520258650202699,17.86136396630891,9.688932018408451
Halloween II,1981-10-30,1981,10,Q4,pre-1990,Horror,Contemporary Fiction,Unknown,Unknown,Universal,Universal,2500000.0,25533818.0,25533818.0,10.2135272,1,0.0,27.0,49.0,-22.0,12197.0,14.73180128983843,17.055514327585797,9.40894529884324
Time Bandits,1981-11-06,1981,11,Q4,pre-1990,Adventure,Fantasy,Unknown,Original Screenplay,Avco Embassy,Other,12000000.0,37400000.0,37400000.0,3.1166666666666667,1,0.0,94.0,69.0,25.0,22719.0,16.300417207752275,17.43718126238476,10.030956857781932
The Pursuit of D.B. Cooper,1981-11-13,1981,11,Q4,pre-1990,Adventure,Contemporary Fiction,Unknown,Based on Book/Short Story,Universal,Universal,12000000.0,2104164.0,2104164.0,0.175347,0,0.0,,58.0,,442.0,16.300417207752275,14.559428796570106,6.091309882077698
Reds,1981-12-04,1981,12,Q4,pre-1990,Drama,Historical Fiction,Unknown,Based on Book/Short Story,Paramount Pictures,Paramount Pictures,33500000.0,50000000.0,50000000.0,1.492537313432836,1,0.0,94.0,74.0,20.0,8455.0,17.327055996795295,17.72753356339242,9.042513261332681
Taps,1981-12-09,1981,12,Q4,pre-1990,Drama,Contemporary Fiction,Unknown,Based on Book/Short Story,20th Century Fox,20th Century Fox,14000000.0,35856053.0,35856053.0,2.561146642857143,1,0.0,79.0,65.0,14.0,6515.0,16.454567887579532,17.395022953156513,8.781862489558945
Heartbeeps,1981-12-18,1981,12,Q4,pre-1990,Comedy,Science Fiction,Unknown,Original Screenplay,Universal,Universal,10000000.0,6000000.0,6000000.0,0.6,0,0.0,,41.0,,620.0,16.11809565095832,15.60727002719233,6.429719478039138
Modern Problems,1981-12-25,1981,12,Q4,pre-1990,Comedy,Contemporary Fiction,Unknown,Original Screenplay,20th Century Fox,20th Century Fox,8000000.0,24474312.0,24474312.0,3.059289,1,0.0,,45.0,,2144.0,15.89495209964411,17.013134635669097,7.670428522190693
"Boot, Das",1982-02-10,1982,2,Q1,pre-1990,Drama,Historical Fiction,R,Based on Book/Short Story,Sony/Columbia,Other,12000000.0,11487676.0,84970337.0,7.080861416666667,1,0.8648036902572247,,43.0,,2184.0,16.300417207752275,18.257812777077543,7.688913336864796
La Guerre du feu,1982-02-12,1982,2,Q1,pre-1990,Adventure,Historical Fiction,Unknown,Based on Book/Short Story,20th Century Fox,20th Century Fox,12500000.0,20959585.0,20959585.0,1.6767668,1,0.0,,74.0,,6198.0,16.34123920227253,16.85810661760278,8.731981938347694
Porky's,1982-03-19,1982,3,Q1,pre-1990,Comedy,Historical Fiction,Unknown,Original Screenplay,20th Century Fox,20th Century Fox,4000000.0,109492484.0,109492484.0,27.373121,1,0.0,,58.0,,15861.0,15.201804919084164,18.51136646559564,9.67161854490356
Diner,1982-04-02,1982,4,Q2,pre-1990,Comedy,Historical Fiction,Unknown,Original Screenplay,MGM,MGM,5000000.0,12592907.0,12592907.0,2.5185814,1,0.0,96.0,71.0,25.0,7803.0,15.424948470398375,16.348644276905524,8.962263554116761
Conan the Barbarian,1982-05-14,1982,5,Q2,pre-1990,Action,Fantasy,Unknown,Based on Book/Short Story,Universal,Universal,20000000.0,38264085.0,38264085.0,1.91320425,1,0.0,76.0,68.0,8.0,38886.0,16.811242831518264,17.46002228574896,10.568389567655771
Mad Max 2: The Road Warrior,1982-05-21,1982,5,Q2,pre-1990,Action,Science Fiction,Unknown,Unknown,Warner Bros.,Warner Bros.,2000000.0,24600832.0,24600832.0,12.300416,1,0.0,,,,,14.508657738524219,17.01829082146888,
Star Trek II: The Wrath of Khan,1982-06-04,1982,6,Q2,pre-1990,Adventure,Science Fiction,PG,Based on TV,Paramount Pictures,Paramount Pictures,12000000.0,79912963.0,96800000.0,8.066666666666666,1,0.17445286157024795,,78.0,,36131.0,16.300417207752275,18.388157552246806,10.49490650158872
Poltergeist,1982-06-04,1982,6,Q2,pre-1990,Horror,Fantasy,Unknown,Original Screenplay,MGM,MGM,10700000.0,74706019.0,121706019.0,11.37439429906542,1,0.3861764634664453,86.0,74.0,12.0,32817.0,16.185754299432134,18.617119014417593,10.398701952787901
ET: The Extra-Terrestrial,1982-06-11,1982,6,Q2,pre-1990,Drama,Science Fiction,PG,Original Screenplay,Universal,Universal,10500000.0,435110554.0,792910554.0,75.51529085714286,1,0.45124888071549113,,79.0,,105028.0,16.166885815127753,20.4912209787859,11.561982260257091
Firefox,1982-06-18,1982,6,Q2,pre-1990,Action,Science Fiction,Unknown,Based on Book/Short Story,Warner Bros.,Warner Bros.,21000000.0,45785720.0,45785720.0,2.1802723809523807,1,0.0,42.0,56.0,-14.0,9348.0,16.860032995687696,17.63948281007467,9.142917695658749
Blade Runner,1982-06-25,1982,6,Q2,pre-1990,Thriller/Suspense,Science Fiction,R,Based on Book/Short Story,Warner Bros.,Warner Bros.,28000000.0,32656328.0,33139618.0,1.1835577857142856,1,0.014583451142979379,92.0,83.0,9.0,185546.0,17.14771506813948,17.316240043040494,12.131058108724714
Megaforce,1982-06-25,1982,6,Q2,pre-1990,Action,Science Fiction,Unknown,Original Screenplay,20th Century Fox,20th Century Fox,18000000.0,5675599.0,5675599.0,0.31531105555555555,0,0.0,,25.0,,1446.0,16.70588231586044,15.551686666422455,7.27655640271871
Tron,1982-07-09,1982,7,Q3,pre-1990,Action,Science Fiction,Unknown,Original Screenplay,Walt Disney Pictures,Walt Disney Pictures,17000000.0,26918576.0,26918576.0,1.5834456470588236,1,0.0,68.0,29.0,39.0,923.0,16.64872390202049,17.108327163867685,6.827629234502852
Friday the 13th Part 3,1982-08-13,1982,8,Q3,pre-1990,Horror,Contemporary Fiction,Unknown,Unknown,Paramount Pictures,Paramount Pictures,2250000.0,36690067.0,36690067.0,16.306696444444444,1,0.0,14.0,55.0,-41.0,13395.0,14.626440774180603,17.418016622440454,9.502636781978708
Fast Times at Ridgemont High,1982-08-13,1982,8,Q3,pre-1990,Comedy,Contemporary Fiction,Unknown,Based on Book/Short Story,Universal,Universal,4500000.0,27092880.0,27092880.0,6.02064,1,0.0,80.0,72.0,8.0,31362.0,15.319587954740548,17.114781520702884,10.353352247940977
The Beastmaster,1982-08-20,1982,8,Q3,pre-1990,Action,Fantasy,Unknown,Based on Book/Short Story,MGM,MGM,5000000.0,10751126.0,10751126.0,2.1502252,1,0.0,50.0,57.0,-7.0,5734.0,15.424948470398375,16.190521051238704,8.654168646443315
Class of 1984,1982-08-20,1982,8,Q3,pre-1990,Drama,Contemporary Fiction,Unknown,Original Screenplay,United Film Distribution Co.,Other,3250000.0,6965361.0,6965361.0,2.143188,1,0.0,,63.0,,2945.0,14.994165554305921,15.756459994434364,7.987864096085687
Jekyll and Hyde... Together Again,1982-08-27,1982,8,Q3,pre-1990,Comedy,Science Fiction,Unknown,Based on Book/Short Story,Universal,Universal,5000000.0,3707583.0,3707583.0,0.7415166,0,0.0,,55.0,,486.0,15.424948470398375,15.125890739796908,6.186208623900494
Inchon,1982-09-17,1982,9,Q3,pre-1990,Drama,Historical Fiction,Unknown,Original Screenplay,MGM,MGM,46000000.0,4408636.0,4408636.0,0.09583991304347826,0,0.0,,30.0,,326.0,17.64415195445337,15.299075902528676,5.786897381366708
First Blood,1982-10-22,1982,10,Q4,pre-1990,Action,Contemporary Fiction,R,Based on Book/Short Story,Orion Pictures,Other,14000000.0,47212904.0,125212904.0,8.943778857142858,1,0.6229389903775413,,74.0,,56369.0,16.454567887579532,18.645526078411876,10.939674640985677
Halloween 3: Season of the Witch,1982-10-22,1982,10,Q4,pre-1990,Horror,Contemporary Fiction,Unknown,Unknown,Universal,Universal,2500000.0,14400000.0,14400000.0,5.76,1,0.0,,38.0,,12644.0,14.73180128983843,16.48273876454623,9.444938073335509
The Man From Snowy River,1982-11-03,1982,11,Q4,pre-1990,Drama,Historical Fiction,Unknown,Original Screenplay,20th Century Fox,20th Century Fox,5000000.0,20659423.0,20659423.0,4.1318846,1,0.0,80.0,70.0,10.0,3101.0,15.424948470398375,16.843682092901773,8.03947991910045
Creepshow,1982-11-10,1982,11,Q4,pre-1990,Horror,Fantasy,Unknown,Based on Book/Short Story,Warner Bros.,Warner Bros.,8000000.0,20036244.0,20036244.0,2.5045305,1,0.0,67.0,65.0,2.0,12530.0,15.89495209964411,16.813053391464948,9.435881047890113
Q,1982-11-19,1982,11,Q4,pre-1990,Horror,Fantasy,Unknown,Original Screenplay,United Film Distribution Co.,Other,1200000.0,255000.0,255000.0,0.2125,0,0.0,,61.0,,1899.0,13.997832114758229,12.449018824140563,7.549082710812286
Gandhi,1982-12-08,1982,12,Q4,pre-1990,Drama,Dramatization,Unknown,Based on Real Life Events,Sony Pictures,Sony Pictures,22000000.0,52767889.0,52767889.0,2.3985404090909093,1,0.0,85.0,82.0,3.0,50881.0,16.90655301132259,17.781413400791646,10.837244851908915
The Verdict,1982-12-08,1982,12,Q4,pre-1990,Drama,Contemporary Fiction,Unknown,Based on Book/Short Story,20th Century Fox,20th Century Fox,16000000.0,53977250.0,53977250.0,3.373578125,1,0.0,96.0,77.0,19.0,10864.0,16.588099280204055,17.804073219462033,9.293209849798478
Tootsie,1982-12-17,1982,12,Q4,pre-1990,Comedy,Contemporary Fiction,Unknown,Original Screenplay,Sony Pictures,Sony Pictures,15000000.0,177200000.0,177200000.0,11.813333333333333,1,0.0,87.0,74.0,13.0,31669.0,16.523560759066484,18.992789596135253,10.363093563410546
Videodrome,1983-02-04,1983,2,Q1,pre-1990,Horror,Fantasy,Unknown,Original Screenplay,Universal,Universal,5952000.0,2120439.0,2120439.0,0.35625655241935483,0,0.0,,73.0,,20080.0,15.599237855495065,14.567133700682728,9.907479573805665
The Outsiders,1983-03-25,1983,3,Q1,pre-1990,Drama,Historical Fiction,PG-13,Based on Book/Short Story,Warner Bros.,Warner Bros.,10000000.0,25697647.0,25697647.0,2.5697647,1,0.0,65.0,70.0,-5.0,23607.0,16.11809565095832,17.06190998925367,10.069298557203092
Losin' It,1983-04-08,1983,4,Q2,pre-1990,Unknown,Unknown,Unknown,Unknown,Unknown,Unknown,7000000.0,1246141.0,1246141.0,0.17802014285714285,0,0.0,,46.0,,1668.0,15.761420707019587,14.035562134045966,7.419380582918692
The Evil Dead,1983-04-15,1983,4,Q2,pre-1990,Horror,Unknown,Not Rated,Unknown,New Line,New Line,375000.0,2400000.0,29400000.0,78.4,1,0.9183673469387755,,76.0,,45030.0,12.834681304952548,17.19650523230891,10.715084213295617
Flashdance,1983-04-15,1983,4,Q2,pre-1990,Drama,Contemporary Fiction,Unknown,Original Screenplay,Paramount Pictures,Paramount Pictures,7000000.0,90463574.0,201463574.0,28.78051057142857,1,0.5509680871639853,29.0,56.0,-27.0,12485.0,15.761420707019587,19.12111914881584,9.432283202713874
Lone Wolf McQuade,1983-04-15,1983,4,Q2,pre-1990,Action,Contemporary Fiction,Unknown,Original Screenplay,Orion Pictures,Other,5000000.0,12232628.0,12232628.0,2.4465256,1,0.0,,58.0,,2917.0,15.424948470398375,16.31961736601873,7.978310969867722
Star Wars Ep. VI: Return of the Jedi,1983-05-25,1983,5,Q2,pre-1990,Adventure,Science Fiction,PG,Original Screenplay,20th Century Fox,20th Century Fox,32500000.0,309205079.0,572700000.0,17.62153846153846,1,0.4600924061463244,,,,,17.296750647299966,20.165872577364087,
War Games,1983-06-03,1983,6,Q2,pre-1990,Thriller/Suspense,Science Fiction,Unknown,Original Screenplay,MGM,MGM,12000000.0,74433837.0,74433837.0,6.20281975,1,0.0,,64.0,,88.0,16.300417207752275,18.12542119480098,4.477336814478207
Octopussy,1983-06-10,1983,6,Q2,pre-1990,Action,Contemporary Fiction,Unknown,Based on Book/Short Story,MGM,MGM,27500000.0,67900000.0,187500000.0,6.818181818181818,1,0.6378666666666667,47.0,66.0,-19.0,23167.0,17.1296965626368,19.04928940337474,10.05048413127047
Superman III,1983-06-17,1983,6,Q2,pre-1990,Adventure,Super Hero,Unknown,Based on Comic/Graphic Novel,Warner Bros.,Warner Bros.,39000000.0,59950623.0,59950623.0,1.5371954615384615,1,0.0,23.0,47.0,-24.0,18070.0,17.47907220409392,17.909031831377128,9.802008383586275
Twilight Zone: The Movie,1983-06-24,1983,6,Q2,pre-1990,Horror,Fantasy,Unknown,Based on TV,Warner Bros.,Warner Bros.,10000000.0,29500000.0,29500000.0,2.95,1,0.0,67.0,63.0,4.0,12054.0,16.11809565095832,17.19990082131005,9.39715183404299
The Ballad of Gregorio Cortez,1983-08-19,1983,8,Q3,pre-1990,Western,Historical Fiction,Unknown,Based on Book/Short Story,Embassy,Other,1305000.0,909000.0,909000.0,0.696551724137931,0,0.0,,,,,14.081713598738931,13.720100373159616,
Brainstorm,1983-09-30,1983,9,Q3,pre-1990,Thriller/Suspense,Science Fiction,Unknown,Based on Book/Short Story,MGM,MGM,15000000.0,8921050.0,8921050.0,0.5947366666666667,0,0.0,64.0,63.0,1.0,4410.0,16.523560759066484,16.003924210633045,8.391629968440892
Never Say Never Again,1983-10-07,1983,10,Q4,pre-1990,Action,Contemporary Fiction,Unknown,Based on Book/Short Story,Warner Bros.,Warner Bros.,36000000.0,55500000.0,160000000.0,4.444444444444445,1,0.653125,65.0,60.0,5.0,21247.0,17.399029496420383,18.890684373198102,9.963970987915639
The Right Stuff,1983-10-21,1983,10,Q4,pre-1990,Action,Dramatization,Unknown,Based on Book/Short Story,Warner Bros.,Warner Bros.,27000000.0,21500000.0,21500000.0,0.7962962962962963,0,0.0,97.0,79.0,18.0,24275.0,17.111347423968603,16.883563493097892,10.097202293159526
The Dead Zone,1983-10-21,1983,10,Q4,pre-1990,Horror,Fantasy,Unknown,Based on Book/Short Story,Paramount Pictures,Paramount Pictures,10000000.0,20766000.0,20766000.0,2.0766,1,0.0,,73.0,,19485.0,16.11809565095832,16.848827591845538,9.87740021777281
Yentl,1983-11-18,1983,11,Q4,pre-1990,Musical,Unknown,Unknown,Based on Book/Short Story,MGM/UA Classics,Other,12000000.0,39012241.0,39012241.0,3.251020083333333,1,0.0,71.0,62.0,9.0,4952.0,16.300417207752275,17.479386026641347,8.507546814364431
A Christmas Story,1983-11-18,1983,11,Q4,pre-1990,Comedy,Historical Fiction,PG,Based on Book/Short Story,MGM,MGM,3250000.0,19294144.0,19294144.0,5.936659692307693,1,0.0,88.0,80.0,8.0,51757.0,14.994165554305921,16.775312188144927,10.85431496768052
Scarface,1983-12-09,1983,12,Q4,pre-1990,Drama,Historical Fiction,Not Rated,Remake,Universal,Universal,25000000.0,44942821.0,44942821.0,1.79771284,1,0.0,88.0,82.0,6.0,152262.0,17.034386382832476,17.62090159533701,11.93335800020018
Footloose,1984-02-17,1984,2,Q1,pre-1990,Musical,Contemporary Fiction,Unknown,Original Screenplay,Paramount Pictures,Paramount Pictures,8200000.0,80000000.0,80000000.0,9.75609756097561,1,0.0,56.0,60.0,-4.0,15626.0,15.919644712234481,18.197537192638155,9.65669147255669
Repo Man,1984-03-02,1984,3,Q1,pre-1990,Comedy,Science Fiction,Unknown,Original Screenplay,Universal,Universal,1500000.0,2300000.0,2300000.0,1.5333333333333334,1,0.0,97.0,67.0,30.0,12438.0,14.22097566607244,14.648419680899378,9.428511581663834
The Hotel New Hampshire,1984-03-09,1984,3,Q1,pre-1990,Drama,Contemporary Fiction,Unknown,Based on Book/Short Story,Orion Pictures,Other,7500000.0,5142858.0,5142858.0,0.6857144,0,0.0,69.0,58.0,11.0,4387.0,15.830413578506539,15.453119514031723,8.386400901166214
Splash,1984-03-09,1984,3,Q1,pre-1990,Comedy,Fantasy,Unknown,Original Screenplay,Walt Disney Pictures,Walt Disney Pictures,8000000.0,62599495.0,62599495.0,7.824936875,1,0.0,91.0,62.0,29.0,21732.0,15.89495209964411,17.952267768945138,9.986541107671414
The Ice Pirates,1984-03-16,1984,3,Q1,pre-1990,Comedy,Science Fiction,Unknown,Original Screenplay,MGM/UA Classics,Other,9000000.0,13075390.0,13075390.0,1.4528211111111111,1,0.0,11.0,51.0,-40.0,3600.0,16.012735135300492,16.386242395386287,8.1886891244442
Police Academy,1984-03-23,1984,3,Q1,pre-1990,Comedy,Contemporary Fiction,Unknown,Original Screenplay,Warner Bros.,Warner Bros.,4500000.0,81198894.0,81198894.0,18.044198666666666,1,0.0,47.0,63.0,-16.0,23192.0,15.319587954740548,18.21241218434949,10.051562670601491
Friday the 13th Part IV: The Final Chapter,1984-04-13,1984,4,Q2,pre-1990,Horror,Fantasy,Unknown,Unknown,Paramount Pictures,Paramount Pictures,2600000.0,32980880.0,32980880.0,12.684953846153846,1,0.0,,,,,14.77102200299171,17.31143855757783,
Love Letters,1984-04-27,1984,4,Q2,pre-1990,Thriller/Suspense,Contemporary Fiction,PG-13,Original Screenplay,New World,Other,550000.0,5269990.0,5269990.0,9.5818,1,0.0,,73.0,,477.0,13.217673557208654,15.477539022982539,6.1675164908883415
Indiana Jones and the Temple of Doom,1984-05-23,1984,5,Q2,pre-1990,Adventure,Historical Fiction,Unknown,Original Screenplay,Paramount Pictures,Paramount Pictures,28000000.0,179880271.0,333080271.0,11.895723964285715,1,0.4599491874437679,85.0,75.0,10.0,110761.0,17.14771506813948,19.623894072949913,11.615130005774297
Star Trek III: The Search for Spock,1984-06-01,1984,6,Q2,pre-1990,Adventure,Science Fiction,Unknown,Based on TV,Paramount Pictures,Paramount Pictures,18000000.0,76471046.0,87000000.0,4.833333333333333,1,0.12102245977011494,,65.0,,22261.0,16.70588231586044,18.28141867661886,10.010591547450328
Ghostbusters,1984-06-08,1984,6,Q2,pre-1990,Comedy,Science Fiction,PG,Original Screenplay,Sony Pictures,Sony Pictures,30000000.0,238632124.0,291632124.0,9.7210708,1,0.18173580904962308,,68.0,,358.0,17.216707939626428,19.491003716640154,5.8805329864007
Gremlins,1984-06-08,1984,6,Q2,pre-1990,Comedy,Fantasy,Unknown,Original Screenplay,Warner Bros.,Warner Bros.,11000000.0,148168459.0,148168459.0,13.469859909090909,1,0.0,78.0,70.0,8.0,42163.0,16.213405830762646,18.813860420914867,10.649298338178925
Conan the Destroyer,1984-06-29,1984,6,Q2,pre-1990,Action,Fantasy,Unknown,Based on Book/Short Story,Universal,Universal,18000000.0,26400000.0,26400000.0,1.4666666666666666,1,0.0,29.0,54.0,-25.0,20368.0,16.70588231586044,17.088874568116545,9.921720320797188
Die Unendliche Geschichte,1984-07-20,1984,7,Q3,pre-1990,Adventure,Fantasy,Unknown,Based on Book/Short Story,Warner Bros.,Warner Bros.,27000000.0,21300000.0,21300000.0,0.7888888888888889,0,0.0,,74.0,,25704.0,17.111347423968603,16.874217630679652,10.154401900795694
Sheena,1984-08-17,1984,8,Q3,pre-1990,Adventure,Contemporary Fiction,Unknown,Based on Comic/Graphic Novel,Sony/Columbia,Other,25000000.0,5778353.0,5778353.0,0.23113412,0,0.0,38.0,43.0,-5.0,1598.0,17.034386382832476,15.569629251946251,7.37650812632622
C.H.U.D.,1984-08-31,1984,8,Q3,pre-1990,Horror,Fantasy,Unknown,Original Screenplay,New World,Other,1250000.0,4700000.0,4700000.0,3.76,1,0.0,,50.0,,2806.0,14.038654109278484,15.363073066680286,7.939515260662406
Amadeus,1984-09-19,1984,9,Q3,pre-1990,Drama,Dramatization,R,Based on Play,Warner Bros.,Warner Bros.,18000000.0,51973029.0,51973029.0,2.8873905,1,0.0,96.0,84.0,12.0,96997.0,16.70588231586044,17.76623546891137,11.482435329172192
Body Double,1984-10-26,1984,10,Q4,pre-1990,Thriller/Suspense,Contemporary Fiction,Unknown,Original Screenplay,Sony/Columbia,Other,10000000.0,8801940.0,8801940.0,0.880194,0,0.0,84.0,64.0,20.0,9738.0,16.11809565095832,15.990482709697357,9.183791036742646
The Terminator,1984-10-26,1984,10,Q4,pre-1990,Action,Science Fiction,Unknown,Original Screenplay,Orion Pictures,Other,6400000.0,38019031.0,78019031.0,12.19047359375,1,0.5126954217106336,100.0,81.0,19.0,179606.0,15.671808548329901,18.17246334207332,12.098520841864598
A Nightmare on Elm Street,1984-11-09,1984,11,Q4,pre-1990,Horror,Fantasy,Unknown,Original Screenplay,New Line,New Line,1800000.0,25504513.0,25504513.0,14.169173888888889,1,0.0,95.0,53.0,42.0,12554.0,14.403297222866392,17.05436597486163,9.437794618877478
Beverly Hills Cop,1984-12-05,1984,12,Q4,pre-1990,Action,Contemporary Fiction,Unknown,Original Screenplay,Paramount Pictures,Paramount Pictures,15000000.0,234760478.0,316300000.0,21.086666666666666,1,0.2577917230477395,83.0,73.0,10.0,45065.0,16.523560759066484,19.57220168827588,10.715861170990511
The Cotton Club,1984-12-14,1984,12,Q4,pre-1990,Drama,Historical Fiction,Unknown,Original Screenplay,Orion Pictures,Other,48000000.0,25928721.0,25928721.0,0.5401816875,0,0.0,74.0,63.0,11.0,6940.0,17.686711568872166,17.070861831192268,8.84505705350085
Dune,1984-12-14,1984,12,Q4,pre-1990,Action,Science Fiction,Unknown,Based on Book/Short Story,Universal,Universal,45000000.0,27447471.0,27447471.0,0.6099438,0,0.0,62.0,65.0,-3.0,38489.0,17.622173047734595,17.127784590527938,10.55812776516606
Witness,1985-02-08,1985,2,Q1,pre-1990,Thriller/Suspense,Contemporary Fiction,Unknown,Original Screenplay,Paramount Pictures,Paramount Pictures,12000000.0,65532576.0,65532576.0,5.461048,1,0.0,94.0,76.0,18.0,30460.0,16.300417207752275,17.998057920482637,10.324169626449153
Def-Con 4,1985-03-15,1985,3,Q1,pre-1990,Action,Science Fiction,Unknown,Original Screenplay,New World,Other,1300000.0,210904.0,210904.0,0.16223384615384615,0,0.0,,38.0,,639.0,14.077874822431765,12.259158332621762,6.459904454377535
Friday the 13th Part V: A New Beginning,1985-03-22,1985,3,Q1,pre-1990,Horror,Contemporary Fiction,Unknown,Unknown,Paramount Pictures,Paramount Pictures,2200000.0,21930418.0,21930418.0,9.968371818181819,1,0.0,,,,,14.603967918328545,16.903385180859935,
Ladyhawke,1985-04-12,1985,4,Q2,pre-1990,Action,Fantasy,Unknown,Original Screenplay,Warner Bros.,Warner Bros.,20000000.0,18400000.0,18400000.0,0.92,0,0.0,63.0,67.0,-4.0,15260.0,16.811242831518264,16.727861222579214,9.632990304838447
Rambo: First Blood Part II,1985-05-22,1985,5,Q2,pre-1990,Action,Contemporary Fiction,R,Based on Book/Short Story,Sony/TriStar,Other,44000000.0,150415432.0,300400000.0,6.827272727272727,1,0.49928284953395474,30.0,58.0,-28.0,38548.0,17.599700191882537,19.520625477854253,10.559659496971179
A View to a Kill,1985-05-24,1985,5,Q2,pre-1990,Action,Contemporary Fiction,Unknown,Based on Book/Short Story,MGM,MGM,30000000.0,50327960.0,152627960.0,5.087598666666667,1,0.6702572713413715,39.0,61.0,-22.0,23770.0,17.216707939626428,18.84351388414648,10.07617956035424
Return to Oz,1985-06-21,1985,6,Q2,pre-1990,Adventure,Fantasy,Unknown,Based on Book/Short Story,Walt Disney Pictures,Walt Disney Pictures,27000000.0,10618813.0,10618813.0,0.3932893703703704,0,0.0,55.0,67.0,-12.0,7491.0,17.111347423968603,16.178137797286485,8.921457578947884
Lifeforce,1985-06-21,1985,6,Q2,pre-1990,Horror,Science Fiction,Unknown,Based on Book/Short Story,Sony/TriStar,Other,25000000.0,11603545.0,11603545.0,0.4641418,0,0.0,57.0,58.0,-1.0,5727.0,17.034386382832476,16.266821212837648,8.652947112393857
Pale Rider,1985-06-28,1985,6,Q2,pre-1990,Western,Historical Fiction,Unknown,Original Screenplay,Warner Bros.,Warner Bros.,6900000.0,41410568.0,41410568.0,6.001531594202898,1,0.0,92.0,71.0,21.0,15352.0,15.747031969567487,17.53904667192128,9.639001037687535
Red Sonja,1985-06-28,1985,6,Q2,pre-1990,Action,Fantasy,Unknown,Based on Book/Short Story,MGM,MGM,17900000.0,6905861.0,6905861.0,0.3858022905027933,0,0.0,20.0,44.0,-24.0,11896.0,16.70031127081098,15.747881029304088,9.383957488139991
Day of the Dead,1985-07-03,1985,7,Q3,pre-1990,Horror,Unknown,Unknown,Unknown,United Film Distribution Co.,Other,3500000.0,5804262.0,34004262.0,9.715503428571429,1,0.8293078085329422,78.0,45.0,33.0,8395.0,15.068273526459642,17.34199642766559,9.035391569511642
Back to the Future,1985-07-03,1985,7,Q3,pre-1990,Adventure,Science Fiction,Unknown,Original Screenplay,Universal,Universal,19000000.0,210609762.0,381109762.0,20.05840852631579,1,0.447377676985351,96.0,84.0,12.0,201598.0,16.759949537130716,19.758597980840083,12.21403089449522
Mad Max Beyond Thunderdome,1985-07-10,1985,7,Q3,pre-1990,Action,Science Fiction,Unknown,Unknown,Warner Bros.,Warner Bros.,10000000.0,36230219.0,36230219.0,3.6230219,1,0.0,,59.0,,24273.0,16.11809565095832,17.405404107567318,10.097119900475949
Silverado,1985-07-10,1985,7,Q3,pre-1990,Western,Historical Fiction,Unknown,Original Screenplay,Sony/Columbia,Other,26000000.0,33200000.0,33200000.0,1.2769230769230768,1,0.0,76.0,70.0,6.0,14243.0,17.073607095985757,17.318060433886718,9.564020836934587
The Return of the Living Dead,1985-08-16,1985,8,Q3,pre-1990,Horror,Science Fiction,Unknown,Unknown,Orion Pictures,Other,4000000.0,14237880.0,14237880.0,3.55947,1,0.0,88.0,71.0,17.0,13621.0,15.201804919084164,16.471416576460417,9.519367998447342
Commando,1985-10-04,1985,10,Q4,pre-1990,Action,Contemporary Fiction,Unknown,Original Screenplay,20th Century Fox,20th Century Fox,10000000.0,35073978.0,35073978.0,3.5073978,1,0.0,71.0,45.0,26.0,49.0,16.11809565095832,17.372970045965925,3.8918202981106265
Silver Bullet,1985-10-11,1985,10,Q4,pre-1990,Horror,Fantasy,Unknown,Based on Book/Short Story,Paramount Pictures,Paramount Pictures,7000000.0,10803211.0,10803211.0,1.5433158571428571,1,0.0,50.0,59.0,-9.0,6387.0,15.761420707019587,16.19535396271997,8.76201995356159
Krush Groove,1985-10-25,1985,10,Q4,pre-1990,Drama,Contemporary Fiction,Unknown,Original Screenplay,Warner Bros.,Warner Bros.,3000000.0,11052713.0,11052713.0,3.6842376666666667,1,0.0,,58.0,,588.0,14.914122846632385,16.218186476154834,6.376726947898627
A Nightmare On Elm Street Part 2: Freddy's Revenge,1985-11-01,1985,11,Q4,pre-1990,Horror,Fantasy,Unknown,Original Screenplay,New Line,New Line,3000000.0,21163999.0,21163999.0,7.0546663333333335,1,0.0,,49.0,,16222.0,14.914122846632385,16.86781213575611,9.69412362463029
Subway,1985-11-06,1985,11,Q4,pre-1990,Drama,Contemporary Fiction,Unknown,Original Screenplay,Island/Alive,Other,2000000.0,390659.0,1663296.0,0.831648,0,0.7651295980991958,86.0,62.0,24.0,5904.0,14.508657738524219,14.324311733917922,8.683385366280309
Young Sherlock Holmes,1985-12-04,1985,12,Q4,pre-1990,Adventure,Historical Fiction,Unknown,Based on Book/Short Story,Paramount Pictures,Paramount Pictures,18000000.0,19739000.0,19739000.0,1.0966111111111112,1,0.0,63.0,65.0,-2.0,7293.0,16.70588231586044,16.798106932125126,8.894670262984233
Brazil,1985-12-18,1985,12,Q4,pre-1990,Black Comedy,Fantasy,R,Original Screenplay,Universal,Universal,15000000.0,9929135.0,9929135.0,0.6619423333333333,0,0.0,98.0,80.0,18.0,76635.0,16.523560759066484,16.1109839224587,11.246809170433009
Out of Africa,1985-12-18,1985,12,Q4,pre-1990,Drama,Historical Fiction,Unknown,Based on Book/Short Story,Universal,Universal,31000000.0,79096868.0,258210860.0,8.329382580645161,1,0.6936733489830753,63.0,70.0,-7.0,19638.0,17.24949776244942,19.369287095910583,9.885221743729236
The Color Purple,1985-12-18,1985,12,Q4,pre-1990,Drama,Historical Fiction,Unknown,Based on Book/Short Story,Warner Bros.,Warner Bros.,15000000.0,93589701.0,93589701.0,6.2393134,1,0.0,88.0,77.0,11.0,26962.0,16.523560759066484,18.354430903342568,10.20218374625101
The Clan of the Cave Bear,1986-01-17,1986,1,Q1,pre-1990,Adventure,Historical Fiction,Unknown,Based on Book/Short Story,Warner Bros.,Warner Bros.,15000000.0,1953732.0,1953732.0,0.1302488,0,0.0,13.0,49.0,-36.0,2763.0,16.523560759066484,14.48525194762356,7.924072324923417
Nine 1/2 Weeks,1986-02-21,1986,2,Q1,pre-1990,Drama,Contemporary Fiction,Unknown,Based on Book/Short Story,MGM,MGM,18000000.0,6734844.0,6734844.0,0.374158,0,0.0,,54.0,,12731.0,16.70588231586044,15.722805204974826,9.451795243061646
Highlander,1986-03-07,1986,3,Q1,pre-1990,Action,Fantasy,R,Original Screenplay,20th Century Fox,20th Century Fox,16000000.0,5900000.0,12900000.0,0.80625,0,0.5426356589147286,66.0,72.0,-6.0,40802.0,16.588099280204055,16.3727378693319,10.616486378798674
April Fool's Day,1986-03-27,1986,3,Q1,pre-1990,Horror,Contemporary Fiction,Unknown,Original Screenplay,Paramount Pictures,Paramount Pictures,5000000.0,12947763.0,12947763.0,2.5895526,1,0.0,31.0,,,,15.424948470398375,16.37643358987558,
My Beautiful Laundrette,1986-04-01,1986,4,Q2,pre-1990,Unknown,Unknown,Unknown,Unknown,Orion Classics,Other,400000.0,0.0,0.0,0.0,0,,,69.0,,5381.0,12.89921982609012,,8.59062950948942
Legend,1986-04-18,1986,4,Q2,pre-1990,Adventure,Fantasy,Unknown,Original Screenplay,Universal,Universal,25000000.0,15502112.0,15502112.0,0.62008448,0,0.0,,61.0,,20734.0,17.034386382832476,16.556486830671705,9.939530143883058
Salvador,1986-04-23,1986,4,Q2,pre-1990,Drama,Unknown,Unknown,Original Screenplay,Hemdale,Other,4500000.0,1500000.0,1500000.0,0.3333333333333333,0,0.0,91.0,75.0,16.0,7797.0,15.319587954740548,14.22097566607244,8.9614943233096
Top Gun,1986-05-16,1986,5,Q2,pre-1990,Action,Contemporary Fiction,Unknown,Original Screenplay,Paramount Pictures,Paramount Pictures,15000000.0,176786701.0,353786701.0,23.58578006666667,1,0.5003014514104078,45.0,65.0,-20.0,80013.0,16.523560759066484,19.684204749950123,11.289944400454324
Invaders from Mars,1986-06-06,1986,6,Q2,pre-1990,Horror,Science Fiction,Unknown,Remake,Cannon,Other,12000000.0,4884663.0,4984663.0,0.41538858333333334,0,0.020061536757851033,27.0,50.0,-23.0,1933.0,16.300417207752275,15.421876356284479,7.566828479208331
Legal Eagles,1986-06-18,1986,6,Q2,pre-1990,Comedy,Contemporary Fiction,Unknown,Original Screenplay,Universal,Universal,40000000.0,49851591.0,49851591.0,1.246289775,1,0.0,50.0,56.0,-6.0,4471.0,17.50439001207821,17.724560969610067,8.405367376233981
Pirates,1986-07-01,1986,7,Q3,pre-1990,Unknown,Unknown,R,Unknown,Unknown,Unknown,40000000.0,1641825.0,6341825.0,0.158545625,0,0.7411115885411533,25.0,58.0,-33.0,3275.0,17.50439001207821,15.662677139880728,8.094073148069352
Aliens,1986-07-18,1986,7,Q3,pre-1990,Action,Science Fiction,R,Original Screenplay,20th Century Fox,20th Century Fox,17000000.0,85160248.0,183316455.0,10.78332088235294,1,0.5354467879056466,100.0,75.0,25.0,84.0,16.64872390202049,19.026724479648202,4.430816798843313
Friday the 13th Part VI: Jason Lives,1986-08-01,1986,8,Q3,pre-1990,Horror,Fantasy,Unknown,Unknown,Paramount Pictures,Paramount Pictures,3000000.0,19472057.0,19472057.0,6.490685666666667,1,0.0,,,,,14.914122846632385,16.78449102148536,
Howard the Duck,1986-08-01,1986,8,Q3,pre-1990,Action,Science Fiction,Unknown,Based on Comic/Graphic Novel,Universal,Universal,30000000.0,16295774.0,16295774.0,0.5431924666666667,0,0.0,16.0,41.0,-25.0,16051.0,17.216707939626428,16.60641636835864,9.683526431913219
She's Gotta Have It,1986-08-08,1986,8,Q3,pre-1990,Comedy,Contemporary Fiction,Unknown,Original Screenplay,Island,Other,175000.0,7137502.0,7137502.0,40.78572571428571,1,0.0,93.0,62.0,31.0,2594.0,12.072541252905651,15.78087341315652,7.860956364876389
Stand by Me,1986-08-08,1986,8,Q3,pre-1990,Drama,Historical Fiction,Unknown,Based on Book/Short Story,Sony/Columbia,Other,8000000.0,52287414.0,52287414.0,6.53592675,1,0.0,94.0,82.0,12.0,90143.0,15.89495209964411,17.772266249978667,11.409152577252835
The Texas Chainsaw Massacre 2,1986-08-22,1986,8,Q3,pre-1990,Horror,Contemporary Fiction,Unknown,Remake,Cannon,Other,4700000.0,8025872.0,8025872.0,1.707632340425532,1,0.0,43.0,51.0,-8.0,7702.0,15.363073066680286,15.898180881513372,8.949235314374855
Shanghai Surprise,1986-08-29,1986,8,Q3,pre-1990,Unknown,Unknown,Unknown,Unknown,MGM,MGM,17000000.0,2315000.0,2315000.0,0.1361764705882353,0,0.0,14.0,26.0,-12.0,2591.0,16.64872390202049,14.654920245502472,7.85979918056211
Crocodile Dundee,1986-09-26,1986,9,Q3,pre-1990,Comedy,Contemporary Fiction,Unknown,Original Screenplay,Paramount Pictures,Paramount Pictures,5000000.0,174803506.0,328000000.0,65.6,1,0.46706248170731707,88.0,65.0,23.0,27277.0,15.424948470398375,19.608524166348417,10.213799135235694
Peggy Sue Got Married,1986-10-10,1986,10,Q4,pre-1990,Comedy,Fantasy,Unknown,Original Screenplay,Sony/TriStar,Other,18000000.0,41382841.0,41382841.0,2.299046722222222,1,0.0,88.0,63.0,25.0,12457.0,16.70588231586044,17.53837688428066,9.430037992886092
The Color of Money,1986-10-17,1986,10,Q4,pre-1990,Drama,Contemporary Fiction,Unknown,Unknown,Walt Disney Pictures,Walt Disney Pictures,10000000.0,52293000.0,52293000.0,5.2293,1,0.0,91.0,69.0,22.0,25824.0,16.11809565095832,17.77237307686511,10.159059571069676
Star Trek IV: The Voyage Home,1986-11-26,1986,11,Q4,pre-1990,Adventure,Science Fiction,Unknown,Based on TV,Paramount Pictures,Paramount Pictures,24000000.0,109713132.0,133000000.0,5.541666666666667,1,0.17508923308270677,,73.0,,26207.0,16.99356438831222,18.705859686186027,10.17378182963667
The Golden Child,1986-12-12,1986,12,Q4,pre-1990,Action,Fantasy,Unknown,Original Screenplay,Paramount Pictures,Paramount Pictures,12000000.0,79817937.0,79817937.0,6.65149475,1,0.0,26.0,54.0,-28.0,14471.0,16.300417207752275,18.195258811598137,9.579901925737992
Platoon,1986-12-19,1986,12,Q4,pre-1990,Drama,Historical Fiction,Unknown,Original Screenplay,Orion Pictures,Other,6000000.0,137963328.0,137963328.0,22.993888,1,0.0,86.0,82.0,4.0,108641.0,15.60727002719233,18.742498468676146,11.595804147462973
Little Shop of Horrors,1986-12-19,1986,12,Q4,pre-1990,Musical,Fantasy,Unknown,Remake,Warner Bros.,Warner Bros.,30000000.0,38747385.0,38747385.0,1.2915795,1,0.0,91.0,66.0,25.0,21521.0,17.216707939626428,17.472573827615523,9.976784481597585
American Ninja 2: The Confrontation,1986-12-31,1986,12,Q4,pre-1990,Action,Unknown,Unknown,Original Screenplay,Unknown,Unknown,350000.0,4000000.0,4000000.0,11.428571428571429,1,0.0,,37.0,,2495.0,12.765688433465597,15.201804919084164,7.822044008185619
Witchboard,1986-12-31,1986,12,Q4,pre-1990,Horror,Fantasy,Unknown,Original Screenplay,Cinema Guild,Other,2000000.0,7369373.0,7369373.0,3.6846865,1,0.0,,52.0,,1666.0,14.508657738524219,15.812843185919602,7.418180822726788
Radio Days,1987-01-30,1987,1,Q1,pre-1990,Comedy,Historical Fiction,Unknown,Original Screenplay,Orion Pictures,Other,16000000.0,14792779.0,14792779.0,0.9245486875,0,0.0,95.0,75.0,20.0,10839.0,16.588099280204055,16.509649714264366,9.29090601981575
Good Will Hunting,1987-02-20,1987,2,Q1,pre-1990,Drama,Contemporary Fiction,R,Original Screenplay,Miramax,Miramax,10000000.0,138433435.0,225933435.0,22.5933435,1,0.38728220991284446,97.0,81.0,16.0,150415.0,16.11809565095832,19.23575097845426,11.92115341956732
A Nightmare On Elm Street 3: Dream Warriors,1987-02-27,1987,2,Q1,pre-1990,Horror,Fantasy,Unknown,Original Screenplay,New Line,New Line,5000000.0,44793222.0,44793222.0,8.9586444,1,0.0,,62.0,,17354.0,15.424948470398375,17.617567391296166,9.761578306353435
"Barbarians, The",1987-03-01,1987,3,Q1,pre-1990,Unknown,Unknown,Unknown,Unknown,Unknown,Unknown,4000000.0,800000.0,800000.0,0.2,0,0.0,,54.0,,236.0,15.201804919084164,13.592367006650065,5.4638318050256105
Hollywood Shuffle,1987-03-01,1987,3,Q1,pre-1990,Unknown,Unknown,Unknown,Unknown,Unknown,Unknown,100000.0,5228617.0,5228617.0,52.28617,1,0.0,87.0,68.0,19.0,1532.0,11.512925464970229,15.469657365125293,7.3343293503005365
Lethal Weapon,1987-03-06,1987,3,Q1,pre-1990,Action,Contemporary Fiction,Unknown,Original Screenplay,Warner Bros.,Warner Bros.,15000000.0,65192350.0,120192350.0,8.012823333333333,1,0.45759983892485667,90.0,76.0,14.0,54994.0,16.523560759066484,18.604603934113232,10.914979367354672
Evil Dead II,1987-03-13,1987,3,Q1,pre-1990,Horror,Fantasy,Unknown,Unknown,Rosebud Releasing,Other,3500000.0,5923044.0,5923044.0,1.6922982857142856,1,0.0,,79.0,,44214.0,15.068273526459642,15.594361063899415,10.696796759995054
Creepshow 2,1987-05-01,1987,5,Q2,pre-1990,Horror,Fantasy,Unknown,Based on Book/Short Story,New World,Other,3500000.0,14000000.0,14000000.0,4.0,1,0.0,26.0,54.0,-28.0,5910.0,15.068273526459642,16.454567887579532,8.684401110400144
Ishtar,1987-05-15,1987,5,Q2,pre-1990,Comedy,Contemporary Fiction,Unknown,Original Screenplay,Sony Pictures,Sony Pictures,40000000.0,14375181.0,14375181.0,0.359379525,0,0.0,19.0,37.0,-18.0,6094.0,17.50439001207821,16.481013735872768,8.715059959545654
Beverly Hills Cop II,1987-05-20,1987,5,Q2,pre-1990,Action,Contemporary Fiction,R,Original Screenplay,Paramount Pictures,Paramount Pictures,20000000.0,153665036.0,276665036.0,13.8332518,1,0.4445809336023219,46.0,61.0,-15.0,29712.0,16.811242831518264,19.438318076093534,10.299306283592488
The Untouchables,1987-06-03,1987,6,Q2,pre-1990,Action,Dramatization,Unknown,Based on TV,Paramount Pictures,Paramount Pictures,25000000.0,76270454.0,76270454.0,3.05081816,1,0.0,81.0,80.0,1.0,86097.0,17.034386382832476,18.149796186659746,11.36322984660321
Predator,1987-06-12,1987,6,Q2,pre-1990,Action,Science Fiction,Unknown,Original Screenplay,20th Century Fox,20th Century Fox,18000000.0,59735548.0,98267558.0,5.459308777777777,1,0.3921132343596042,76.0,78.0,-2.0,88522.0,16.70588231586044,18.403204500126517,11.391006387673873
Spaceballs,1987-06-24,1987,6,Q2,pre-1990,Comedy,Science Fiction,Unknown,Original Screenplay,MGM,MGM,22700000.0,38119483.0,38119483.0,1.6792723788546255,1,0.0,65.0,69.0,-4.0,52434.0,16.93787548245163,17.456236074223888,10.8673105148556
RoboCop,1987-07-17,1987,7,Q3,pre-1990,Action,Science Fiction,Unknown,Original Screenplay,Orion Pictures,Other,13000000.0,53424681.0,53424681.0,4.109590846153846,1,0.0,88.0,76.0,12.0,52898.0,16.38045991542581,17.793783388164293,10.876120809948317
Jaws 4: The Revenge,1987-07-17,1987,7,Q3,pre-1990,Horror,Contemporary Fiction,PG-13,Based on Book/Short Story,Universal,Universal,23000000.0,15728335.0,15728335.0,0.683840652173913,0,0.0,,26.0,,15632.0,16.951004773893423,16.570974420735332,9.657075374282565
Superman IV: The Quest for Peace,1987-07-24,1987,7,Q3,pre-1990,Action,Super Hero,Unknown,Based on Comic/Graphic Novel,Warner Bros.,Warner Bros.,17000000.0,11227824.0,11227824.0,0.6604602352941177,0,0.0,,34.0,,15164.0,16.64872390202049,16.233905541243086,9.626679476636225
The Living Daylights,1987-07-31,1987,7,Q3,pre-1990,Action,Contemporary Fiction,Unknown,Based on Book/Short Story,MGM,MGM,40000000.0,51185000.0,191200000.0,4.78,1,0.7322960251046026,73.0,67.0,6.0,23735.0,17.50439001207821,19.068830558581574,10.074706030985418
The Offspring,1987-09-04,1987,9,Q3,pre-1990,Horror,Contemporary Fiction,Unknown,Original Screenplay,Moviestore Entertainment,Other,1100000.0,1355728.0,1355728.0,1.23248,1,0.0,,56.0,,424.0,13.9108207377686,14.119849137391117,6.049733455231958
Hellraiser,1987-09-18,1987,9,Q3,pre-1990,Horror,Fantasy,Unknown,Based on Book/Short Story,New World,Other,1000000.0,14564000.0,14564000.0,14.564,1,0.0,63.0,70.0,-7.0,22442.0,13.815510557964274,16.49406328827746,10.018689482224811
Fatal Attraction,1987-09-18,1987,9,Q3,pre-1990,Thriller/Suspense,Contemporary Fiction,Unknown,Original Screenplay,Paramount Pictures,Paramount Pictures,14000000.0,156645693.0,320100000.0,22.864285714285714,1,0.5106351358950328,81.0,68.0,13.0,22328.0,16.454567887579532,19.584144004940093,10.013596775216158
The Princess Bride,1987-09-25,1987,9,Q3,pre-1990,Adventure,Fantasy,Unknown,Based on Book/Short Story,20th Century Fox,20th Century Fox,15000000.0,30857000.0,30857000.0,2.0571333333333333,1,0.0,95.0,81.0,14.0,123571.0,16.523560759066484,17.244874186952778,11.724571168644596
The Running Man,1987-11-13,1987,11,Q4,pre-1990,Action,Science Fiction,Unknown,Based on Book/Short Story,Sony/TriStar,Other,30000000.0,38122000.0,38122000.0,1.2707333333333333,1,0.0,63.0,64.0,-1.0,36308.0,17.216707939626428,17.456302101271156,10.499793381646517
The Last Emperor,1987-11-20,1987,11,Q4,pre-1990,Drama,Dramatization,Unknown,Based on Book/Short Story,Sony/Columbia,Other,25000000.0,43984000.0,43984000.0,1.75936,1,0.0,91.0,79.0,12.0,24262.0,17.034386382832476,17.599336489387163,10.096666619330865
Teen Wolf Too,1987-11-20,1987,11,Q4,pre-1990,Comedy,Fantasy,Unknown,Original Screenplay,Atlantic,Other,3000000.0,7888000.0,7888000.0,2.6293333333333333,1,0.0,14.0,28.0,-14.0,5207.0,14.914122846632385,15.880853175264608,8.557759153162898
3 Men and a Baby,1987-11-25,1987,11,Q4,pre-1990,Comedy,Contemporary Fiction,Unknown,Remake,Walt Disney Pictures,Walt Disney Pictures,15000000.0,167780960.0,167780960.0,11.185397333333333,1,0.0,,57.0,,16764.0,16.523560759066484,18.938169877144574,9.726989009044962
Wall Street,1987-12-11,1987,12,Q4,pre-1990,Drama,Contemporary Fiction,Unknown,Original Screenplay,20th Century Fox,20th Century Fox,15000000.0,43848100.0,43848100.0,2.9232066666666667,1,0.0,78.0,73.0,5.0,35454.0,16.523560759066484,17.596241946311217,10.47599136057373
Good Morning Vietnam,1987-12-23,1987,12,Q4,pre-1990,Comedy,Historical Fiction,Unknown,Original Screenplay,Walt Disney Pictures,Walt Disney Pictures,13000000.0,123922370.0,123922370.0,9.53249,1,0.0,,72.0,,32609.0,16.38045991542581,18.635165879132092,10.392343602873122
Return of the Living Dead Part II,1988-01-15,1988,1,Q1,pre-1990,Horror,Fantasy,Unknown,Unknown,Lorimar Motion Pictures,Other,6200000.0,9205924.0,9205924.0,1.4848264516129033,1,0.0,,51.0,,4661.0,15.64005985001532,16.035357747839694,8.446985296372741
Action Jackson,1988-02-12,1988,2,Q1,pre-1990,Action,Contemporary Fiction,Unknown,Original Screenplay,Lorimar Motion Pictures,Other,7000000.0,20257000.0,20257000.0,2.8938571428571427,1,0.0,10.0,46.0,-36.0,3856.0,15.761420707019587,16.824010970795943,8.257385655730436
School Daze,1988-02-12,1988,2,Q1,pre-1990,Drama,Contemporary Fiction,Unknown,Original Screenplay,Sony Pictures,Sony Pictures,6000000.0,14545844.0,14545844.0,2.424307333333333,1,0.0,58.0,53.0,5.0,2667.0,15.60727002719233,16.492815875041288,7.888709524182015
Bloodsport,1988-02-26,1988,2,Q1,pre-1990,Action,Contemporary Fiction,Unknown,Original Screenplay,Cannon,Other,1500000.0,11806119.0,11806119.0,7.870746,1,0.0,,62.0,,19816.0,14.22097566607244,16.284128514352506,9.894244971169195
Prison,1988-03-04,1988,3,Q1,pre-1990,Horror,Unknown,Unknown,Original Screenplay,Empire Pictures,Other,4000000.0,354704.0,354704.0,0.088676,0,0.0,,58.0,,1154.0,15.201804919084164,12.779038917833734,7.050989447068045
Beetle Juice,1988-03-30,1988,3,Q1,pre-1990,Comedy,Fantasy,Unknown,Original Screenplay,Warner Bros.,Warner Bros.,15000000.0,73326666.0,73326666.0,4.8884444,1,0.0,,73.0,,61197.0,16.523560759066484,18.110434893333398,11.021853447691074
"Bright Lights, Big City",1988-04-01,1988,4,Q2,pre-1990,Drama,Contemporary Fiction,R,Based on Book/Short Story,United Artists,Other,25000000.0,16118077.0,16118077.0,0.64472308,0,0.0,61.0,68.0,-7.0,11929.0,17.034386382832476,16.595451995122833,9.386727689281946
Lady in White,1988-04-22,1988,4,Q2,pre-1990,Horror,Fantasy,Unknown,Original Screenplay,New Century Vista Film Company,Other,4700000.0,1705139.0,1705139.0,0.3627955319148936,0,0.0,73.0,66.0,7.0,2221.0,15.363073066680286,14.349157190303464,7.7057128238944275
Friday the 13th Part VII: The New Blood,1988-05-13,1988,5,Q2,pre-1990,Horror,Fantasy,Unknown,Unknown,Paramount Pictures,Paramount Pictures,2800000.0,19170001.0,19170001.0,6.846428928571428,1,0.0,,46.0,,8916.0,14.845129975145433,16.768857167186667,9.095602694505759
Rambo III,1988-05-25,1988,5,Q2,pre-1990,Action,Contemporary Fiction,Unknown,Based on Book/Short Story,Sony/TriStar,Other,58000000.0,53715611.0,188715611.0,3.2537174310344827,1,0.7153621223206595,36.0,49.0,-13.0,31551.0,17.875953568510692,19.055751736116694,10.359360563188138
Big,1988-06-03,1988,6,Q2,pre-1990,Comedy,Fantasy,Unknown,Original Screenplay,20th Century Fox,20th Century Fox,18000000.0,114968774.0,151668774.0,8.426043,1,0.24197465985978103,96.0,72.0,24.0,49256.0,16.70588231586044,18.837209582656083,10.804786466591047
Poltergeist III,1988-06-10,1988,6,Q2,pre-1990,Horror,Fantasy,Unknown,Original Screenplay,MGM,MGM,9500000.0,14114000.0,14114000.0,1.4856842105263157,1,0.0,14.0,38.0,-24.0,5387.0,16.06680235657077,16.462677770542914,8.591743922680534
Who Framed Roger Rabbit?,1988-06-22,1988,6,Q2,pre-1990,Comedy,Fantasy,Unknown,Based on Book/Short Story,Walt Disney Pictures,Walt Disney Pictures,70000000.0,154112492.0,351500000.0,5.021428571428571,1,0.5615576330014225,98.0,76.0,22.0,53541.0,18.064005800013632,19.677720269214994,10.888202994524125
Phantasm II,1988-07-08,1988,7,Q3,pre-1990,Horror,Fantasy,Unknown,Unknown,Universal,Universal,3000000.0,7000000.0,7000000.0,2.3333333333333335,1,0.0,29.0,63.0,-34.0,3781.0,14.914122846632385,15.761420707019587,8.237743803890933
Die Hard,1988-07-15,1988,7,Q3,pre-1990,Action,Contemporary Fiction,Unknown,Based on Book/Short Story,20th Century Fox,20th Century Fox,28000000.0,81350242.0,139109346.0,4.9681909285714285,1,0.4152064951840116,94.0,73.0,21.0,237.0,17.14771506813948,18.750770843709198,5.4680601411351315
Midnight Run,1988-07-20,1988,7,Q3,pre-1990,Action,Contemporary Fiction,Unknown,Original Screenplay,Universal,Universal,30000000.0,38413606.0,81613606.0,2.7204535333333335,1,0.5293235052008363,96.0,75.0,21.0,24104.0,17.216707939626428,18.217506546230812,10.090133080810137
The Last Temptation of Christ,1988-08-12,1988,8,Q3,pre-1990,Drama,Historical Fiction,Unknown,Based on Book/Short Story,Universal,Universal,7000000.0,8373585.0,8373585.0,1.1962264285714286,1,0.0,83.0,75.0,8.0,20934.0,15.761420707019587,15.940592666176983,9.949129910414829
Young Guns,1988-08-12,1988,8,Q3,pre-1990,Western,Historical Fiction,Unknown,Original Screenplay,20th Century Fox,20th Century Fox,13000000.0,44726644.0,44726644.0,3.440511076923077,1,0.0,40.0,66.0,-26.0,21404.0,16.38045991542581,17.616079944648842,9.971333099431195
A Nightmare on Elm Street 4: The Dream Master,1988-08-19,1988,8,Q3,pre-1990,Horror,Fantasy,Unknown,Original Screenplay,New Line,New Line,13000000.0,49369899.0,49369899.0,3.7976845384615383,1,0.0,,52.0,,13310.0,16.38045991542581,17.714851464456167,9.496270911389157
Halloween 4: The Return of Michael Myers,1988-10-01,1988,10,Q4,pre-1990,Horror,Fantasy,Unknown,Unknown,Universal,Universal,5000000.0,17768757.0,17768757.0,3.5537514,1,0.0,23.0,56.0,-33.0,11079.0,15.424948470398375,16.692952248331423,9.312806703520673
Mystic Pizza,1988-10-21,1988,10,Q4,pre-1990,Comedy,Contemporary Fiction,Unknown,Original Screenplay,Samuel Goldwyn Films,Other,6000000.0,12793213.0,12793213.0,2.1322021666666666,1,0.0,82.0,59.0,23.0,8413.0,15.60727002719233,16.364425353890887,9.037533407550814
They Live,1988-11-04,1988,11,Q4,pre-1990,Thriller/Suspense,Science Fiction,Unknown,Based on Book/Short Story,Universal,Universal,4000000.0,13000000.0,13000000.0,3.25,1,0.0,88.0,70.0,18.0,20995.0,15.201804919084164,16.38045991542581,9.952039593118293
Child's Play,1988-11-09,1988,11,Q4,pre-1990,Horror,Fantasy,Unknown,Original Screenplay,United Artists,Other,9000000.0,33244684.0,44196684.0,4.910742666666667,1,0.24780139614094127,70.0,63.0,7.0,16165.0,16.012735135300492,17.604160321609154,9.690603690159534
The Land Before Time,1988-11-18,1988,11,Q4,pre-1990,Adventure,Historical Fiction,Unknown,Original Screenplay,Universal,Universal,12300000.0,48092846.0,81972846.0,6.6644590243902435,1,0.41330759700596464,71.0,69.0,2.0,14017.0,16.325109820342647,18.221898604046007,9.548026157663058
Talk Radio,1988-12-01,1988,12,Q4,pre-1990,Drama,Contemporary Fiction,Unknown,Based on Book/Short Story,Universal,Universal,4000000.0,3468572.0,3468572.0,0.867143,0,0.0,80.0,70.0,10.0,5659.0,15.201804919084164,15.05925353984489,8.641002477142523
My Stepmother Is an Alien,1988-12-09,1988,12,Q4,pre-1990,Comedy,Science Fiction,Unknown,Original Screenplay,Sony Pictures,Sony Pictures,16000000.0,13854000.0,13854000.0,0.865875,0,0.0,13.0,48.0,-35.0,9073.0,16.588099280204055,16.444084557564686,9.11305824916963
Twins,1988-12-09,1988,12,Q4,pre-1990,Comedy,Contemporary Fiction,Unknown,Original Screenplay,Universal,Universal,15000000.0,111936388.0,216600000.0,14.44,1,0.4832115050784857,33.0,,,,16.523560759066484,19.193562892531165,
Rain Man,1988-12-16,1988,12,Q4,pre-1990,Comedy,Contemporary Fiction,Unknown,Original Screenplay,MGM,MGM,25000000.0,172825435.0,412800000.0,16.512,1,0.5813337330426357,87.0,80.0,7.0,106163.0,17.034386382832476,19.83847377213163,11.572730927838153
Dangerous Liaisons,1988-12-21,1988,12,Q4,pre-1990,Drama,Historical Fiction,Unknown,Based on Book/Short Story,Warner Bros.,Warner Bros.,14000000.0,34700000.0,34700000.0,2.4785714285714286,1,0.0,93.0,77.0,16.0,25761.0,16.454567887579532,17.36225024491709,10.156616999340594
Bill & Ted's Excellent Adventure,1989-02-17,1989,2,Q1,pre-1990,Comedy,Science Fiction,Unknown,Original Screenplay,Orion Pictures,Other,10000000.0,39916091.0,39916091.0,3.9916091,1,0.0,81.0,67.0,14.0,30341.0,16.11809565095832,17.502290083771296,10.32025521214842
New York Stories,1989-03-01,1989,3,Q1,pre-1990,Drama,Contemporary Fiction,Unknown,Original Screenplay,Walt Disney Pictures,Walt Disney Pictures,15000000.0,10763469.0,10763469.0,0.7175646,0,0.0,74.0,61.0,13.0,6906.0,16.523560759066484,16.191668458508435,8.840145877949938
Out of the Dark,1989-03-11,1989,3,Q1,pre-1990,Unknown,Unknown,Unknown,Unknown,New Line,New Line,1600000.0,419428.0,419428.0,0.2621425,0,0.0,,51.0,,230.0,14.28551418721001,12.94664715726248,5.438079308923196
Troop Beverly Hills,1989-03-22,1989,3,Q1,pre-1990,Comedy,Contemporary Fiction,Unknown,Original Screenplay,Sony/Columbia,Other,18000000.0,7190505.0,7190505.0,0.3994725,0,0.0,8.0,47.0,-39.0,3427.0,16.70588231586044,15.788271963670265,8.139440521874608
Major League,1989-04-07,1989,4,Q2,pre-1990,Comedy,Contemporary Fiction,Unknown,Original Screenplay,Paramount Pictures,Paramount Pictures,11000000.0,49793054.0,49793054.0,4.5266412727272725,1,0.0,84.0,69.0,15.0,20798.0,16.213405830762646,17.723386054355288,9.942612107220178
Pet Sematary,1989-04-21,1989,4,Q2,pre-1990,Horror,Fantasy,Unknown,Based on Book/Short Story,Paramount Pictures,Paramount Pictures,11500000.0,57469179.0,57469179.0,4.997319913043478,1,0.0,50.0,63.0,-13.0,19257.0,16.25785759333348,17.866759344667596,9.865629909979887
Road House,1989-05-19,1989,5,Q2,pre-1990,Action,Contemporary Fiction,Unknown,Original Screenplay,United Artists,Other,10000000.0,30050028.0,30050028.0,3.0050028,1,0.0,44.0,58.0,-14.0,14085.0,16.11809565095832,17.218374150725424,9.552865680310473
Indiana Jones and the Last Crusade,1989-05-24,1989,5,Q2,pre-1990,Adventure,Historical Fiction,Unknown,Original Screenplay,Paramount Pictures,Paramount Pictures,48000000.0,197171806.0,474171806.0,9.878579291666666,1,0.5841764451090118,89.0,83.0,6.0,171572.0,17.686711568872166,19.977080273902235,12.052758282559129
Dead Poets' Society,1989-06-02,1989,6,Q2,pre-1990,Drama,Contemporary Fiction,Unknown,Original Screenplay,Walt Disney Pictures,Walt Disney Pictures,16400000.0,95860116.0,239500000.0,14.603658536585366,1,0.599748993736952,86.0,78.0,8.0,89662.0,16.612791892794426,19.294063974815245,11.403802323951833
Star Trek V: The Final Frontier,1989-06-09,1989,6,Q2,pre-1990,Action,Science Fiction,Unknown,Based on TV,Paramount Pictures,Paramount Pictures,30000000.0,52210049.0,70200000.0,2.34,1,0.25626710826210825,,50.0,,20600.0,17.216707939626428,18.06685886899604,9.933046354777673
Batman,1989-06-23,1989,6,Q2,pre-1990,Action,Super Hero,PG-13,Based on Comic/Graphic Novel,Warner Bros.,Warner Bros.,35000000.0,251188924.0,411348924.0,11.7528264,1,0.38935315168102885,71.0,76.0,-5.0,111464.0,17.37085861945369,19.834952375798473,11.621456947793428
Do the Right Thing,1989-06-30,1989,6,Q2,pre-1990,Comedy,Contemporary Fiction,Unknown,Original Screenplay,Universal,Universal,6000000.0,26004026.0,26004026.0,4.334004333333334,1,0.0,98.0,79.0,19.0,26877.0,15.60727002719233,17.073761930152173,10.199026181265689
License to Kill,1989-07-14,1989,7,Q3,pre-1990,Action,Contemporary Fiction,Unknown,Based on Book/Short Story,MGM,MGM,42000000.0,34667015.0,156167015.0,3.718262261904762,1,0.77801320592572,,65.0,,24558.0,17.553180176247643,18.8664366014951,10.108792945720458
UHF,1989-07-21,1989,7,Q3,pre-1990,Unknown,Unknown,Unknown,Unknown,Unknown,Unknown,5000000.0,6157157.0,6157157.0,1.2314314,1,0.0,55.0,66.0,-11.0,12676.0,15.424948470398375,15.633125702999784,9.447465720810811
Friday the 13th Part VIII: Jason Takes Manhattan,1989-07-28,1989,7,Q3,pre-1990,Horror,Fantasy,Unknown,Unknown,Paramount Pictures,Paramount Pictures,5000000.0,14343976.0,14343976.0,2.8687952,1,0.0,,39.0,,10113.0,15.424948470398375,16.478840621092253,9.221577003902171
"Sex, Lies, and Videotape",1989-08-04,1989,8,Q3,pre-1990,Unknown,Unknown,Unknown,Unknown,Miramax,Miramax,1200000.0,24741667.0,36741667.0,30.618055833333333,1,0.3266046692982112,97.0,,,,13.997832114758229,17.419422009612518,
The Abyss,1989-08-09,1989,8,Q3,pre-1990,Action,Science Fiction,PG-13,Original Screenplay,20th Century Fox,20th Century Fox,70000000.0,54243125.0,54243125.0,0.7749017857142857,0,0.0,88.0,76.0,12.0,51018.0,18.064005800013632,17.808986814243557,10.839933790613847
A Nightmare On Elm Street: The Dream Child,1989-08-11,1989,8,Q3,pre-1990,Horror,Fantasy,Unknown,Original Screenplay,New Line,New Line,6000000.0,22168359.0,22168359.0,3.6947265,1,0.0,,47.0,,10849.0,15.60727002719233,16.914176559908437,9.29182818882245
Kickboxer,1989-09-08,1989,9,Q3,pre-1990,Action,Contemporary Fiction,Unknown,Original Screenplay,Cannon,Other,1500000.0,14533681.0,14533681.0,9.689120666666666,1,0.0,,55.0,,11692.0,14.22097566607244,16.491979341383374,9.366660126231137
Black Rain,1989-09-22,1989,9,Q3,pre-1990,Thriller/Suspense,Contemporary Fiction,Unknown,Original Screenplay,Paramount Pictures,Paramount Pictures,30000000.0,45892212.0,45892212.0,1.5297404,1,0.0,57.0,41.0,16.0,137.0,17.216707939626428,17.641805987432033,4.919980925828125
Halloween 5: The Revenge of Michael Myers,1989-10-13,1989,10,Q4,pre-1990,Horror,Fantasy,Unknown,Unknown,Galaxy International Releasing,Other,6000000.0,11642254.0,11642254.0,1.9403756666666667,1,0.0,14.0,,,,15.60727002719233,16.27015162413294,
Henry V,1989-11-08,1989,11,Q4,pre-1990,Action,Historical Fiction,PG-13,Based on Play,Goldwyn Entertainment,Other,9000000.0,10161099.0,10161099.0,1.129011,1,0.0,100.0,79.0,21.0,14499.0,16.012735135300492,16.13407716355607,9.581834960513193
Back to the Future Part II,1989-11-22,1989,11,Q4,pre-1990,Adventure,Science Fiction,Unknown,Original Screenplay,Universal,Universal,40000000.0,118450002.0,332000000.0,8.3,1,0.6432228855421687,64.0,75.0,-11.0,87341.0,17.50439001207821,19.62064552688076,11.377575276481679
Driving Miss Daisy,1989-12-13,1989,12,Q4,pre-1990,Drama,Historical Fiction,Unknown,Based on Play,Warner Bros.,Warner Bros.,7500000.0,106593296.0,106593296.0,14.212439466666666,1,0.0,78.0,75.0,3.0,22566.0,15.830413578506539,18.48453117841259,10.024199627698392
Glory,1989-12-14,1989,12,Q4,pre-1990,Action,Dramatization,Unknown,Based on Book/Short Story,Sony Pictures,Sony Pictures,18000000.0,26593580.0,26593580.0,1.477421111111111,1,0.0,93.0,80.0,13.0,56427.0,16.70588231586044,17.096180391238054,10.940703046338914
We're No Angels,1989-12-15,1989,12,Q4,pre-1990,Comedy,Contemporary Fiction,Unknown,Based on Play,Paramount Pictures,Paramount Pictures,20000000.0,10555348.0,10555348.0,0.5277674,0,0.0,50.0,56.0,-6.0,7839.0,16.811242831518264,16.17214320887738,8.966866554188723
Roger & Me,1989-12-20,1989,12,Q4,pre-1990,Documentary,Factual,Unknown,Based on Real Life Events,Warner Bros.,Warner Bros.,140000.0,6706368.0,6706368.0,47.90262857142857,1,0.0,100.0,75.0,25.0,14883.0,11.84939770159144,15.718568080732908,9.60797490096916
Born on the Fourth of July,1989-12-20,1989,12,Q4,pre-1990,Drama,Dramatization,Unknown,Based on Book/Short Story,Universal,Universal,14000000.0,70001698.0,70001698.0,5.000121285714286,1,0.0,89.0,72.0,17.0,32108.0,16.454567887579532,18.06403005686229,10.376860499251467
Tango & Cash,1989-12-22,1989,12,Q4,pre-1990,Action,Contemporary Fiction,Unknown,Original Screenplay,Warner Bros.,Warner Bros.,55000000.0,63408614.0,63408614.0,1.1528838909090908,1,0.0,39.0,58.0,-19.0,25248.0,17.822843743196746,17.965110277686186,10.1365022236456
Tremors,1990-01-19,1990,1,Q1,1990s,Action,Science Fiction,Unknown,Original Screenplay,Universal,Universal,10000000.0,16667084.0,16667084.0,1.6667084,1,0.0,88.0,72.0,16.0,29840.0,16.11809565095832,16.628946314410815,10.303605054317698
The Blood of Heroes,1990-02-23,1990,2,Q1,1990s,Action,Unknown,Unknown,Original Screenplay,New Line,New Line,7700000.0,882290.0,882290.0,0.11458311688311688,0,0.0,,62.0,,2523.0,15.856730886823913,13.690276079132591,7.833203948641057
The Hunt for Red October,1990-03-02,1990,3,Q1,1990s,Thriller/Suspense,Historical Fiction,Unknown,Based on Book/Short Story,Paramount Pictures,Paramount Pictures,30000000.0,120709866.0,200500000.0,6.683333333333334,1,0.3979557805486284,95.0,76.0,19.0,55202.0,17.216707939626428,19.1163248047109,10.918754463492887
Pretty Woman,1990-03-23,1990,3,Q1,1990s,Romantic Comedy,Contemporary Fiction,Unknown,Original Screenplay,Walt Disney Pictures,Walt Disney Pictures,14000000.0,178406268.0,463400000.0,33.1,1,0.6150058955545965,62.0,67.0,-5.0,60742.0,16.454567887579532,19.95410116996255,11.01439066528847
Teenage Mutant Ninja Turtles,1990-03-30,1990,3,Q1,1990s,Adventure,Fantasy,Unknown,Based on TV,New Line,New Line,13500000.0,135265915.0,202000000.0,14.962962962962964,1,0.33036675742574256,,64.0,,25867.0,16.41820024340866,19.12377825536548,10.160723304018108
Spaced Invaders,1990-04-27,1990,4,Q2,1990s,Comedy,Science Fiction,Unknown,Original Screenplay,Walt Disney Pictures,Walt Disney Pictures,3000000.0,15000000.0,15000000.0,5.0,1,0.0,9.0,48.0,-39.0,1464.0,14.914122846632385,16.523560759066484,7.288927694521257
Back to the Future Part III,1990-05-24,1990,5,Q2,1990s,Adventure,Science Fiction,Unknown,Original Screenplay,Universal,Universal,40000000.0,87666629.0,243700000.0,6.0925,1,0.6402682437423061,71.0,71.0,0.0,77541.0,17.50439001207821,19.311448518595434,11.258562107711272
Total Recall,1990-06-01,1990,6,Q2,1990s,Action,Science Fiction,Unknown,Based on Book/Short Story,Sony Pictures,Sony Pictures,65000000.0,119394839.0,261400000.0,4.021538461538461,1,0.5432485118592196,81.0,74.0,7.0,70355.0,17.98989782785991,19.381562359154394,11.161309133222357
Gremlins 2: The New Batch,1990-06-15,1990,6,Q2,1990s,Comedy,Fantasy,Unknown,Original Screenplay,Warner Bros.,Warner Bros.,50000000.0,41476097.0,41476097.0,0.82952194,0,0.0,,61.0,,22712.0,17.72753356339242,17.54062784335947,10.030648698152808
Dick Tracy,1990-06-15,1990,6,Q2,1990s,Action,Super Hero,Unknown,Based on Comic/Graphic Novel,Walt Disney Pictures,Walt Disney Pictures,47000000.0,103738726.0,162738726.0,3.462526085106383,1,0.3625443153585951,65.0,59.0,6.0,25364.0,17.665658159674333,18.907656564764142,10.141086124819923
Days of Thunder,1990-06-27,1990,6,Q2,1990s,Action,Contemporary Fiction,Unknown,Original Screenplay,Paramount Pictures,Paramount Pictures,60000000.0,82670733.0,157670733.0,2.62784555,1,0.47567483560820384,40.0,54.0,-14.0,25395.0,17.909855120186375,18.876019448153198,10.142307583235345
Die Hard 2,1990-07-03,1990,7,Q3,1990s,Action,Contemporary Fiction,Unknown,Based on Book/Short Story,20th Century Fox,20th Century Fox,70000000.0,117323878.0,239814025.0,3.4259146428571428,1,0.5107714071351749,,70.0,,79636.0,18.064005800013632,19.295374285085966,11.285221530899687
Ghost,1990-07-13,1990,7,Q3,1990s,Drama,Fantasy,Unknown,Original Screenplay,Paramount Pictures,Paramount Pictures,22000000.0,217631306.0,517600000.0,23.527272727272727,1,0.5795376622874807,81.0,69.0,12.0,51125.0,16.90655301132259,20.064713301150967,10.842028893345104
Arachnophobia,1990-07-18,1990,7,Q3,1990s,Thriller/Suspense,Science Fiction,Unknown,Original Screenplay,Walt Disney Pictures,Walt Disney Pictures,31000000.0,53208180.0,53208180.0,1.7163929032258065,1,0.0,85.0,62.0,23.0,20528.0,17.24949776244942,17.789722701890604,9.929545086855418
Mo' Better Blues,1990-08-03,1990,8,Q3,1990s,Drama,Contemporary Fiction,Unknown,Original Screenplay,Universal,Universal,10000000.0,16153000.0,16153000.0,1.6153,1,0.0,72.0,63.0,9.0,4210.0,16.11809565095832,16.597616348895894,8.345217926676428
Metropolitan,1990-08-03,1990,8,Q3,1990s,Unknown,Unknown,Unknown,Unknown,Unknown,Unknown,430000.0,2938000.0,2938000.0,6.832558139534884,1,0.0,88.0,72.0,16.0,3355.0,12.971540487669746,14.89323963571596,8.118207049405783
Flatliners,1990-08-10,1990,8,Q3,1990s,Thriller/Suspense,Science Fiction,R,Original Screenplay,Sony Pictures,Sony Pictures,26000000.0,61308153.0,61308153.0,2.3580058846153844,1,0.0,52.0,64.0,-12.0,23295.0,17.073607095985757,17.93142339369383,10.055994024250897
Goodfellas,1990-09-19,1990,9,Q3,1990s,Drama,Dramatization,Unknown,Based on Book/Short Story,Warner Bros.,Warner Bros.,25000000.0,46743809.0,46743809.0,1.86975236,1,0.0,97.0,88.0,9.0,229156.0,17.034386382832476,17.660192377122147,12.342158273316935
Dark Angel,1990-09-28,1990,9,Q3,1990s,Action,Science Fiction,Unknown,Original Screenplay,Triumph Releasing,Other,7000000.0,4372561.0,4372561.0,0.6246515714285714,0,0.0,,53.0,,3396.0,15.761420707019587,15.290859436606627,8.130353547431238
Quigley Down Under,1990-10-19,1990,10,Q4,1990s,Western,Historical Fiction,Unknown,Original Screenplay,MGM,MGM,20000000.0,21413105.0,21413105.0,1.07065525,1,0.0,60.0,65.0,-5.0,6001.0,16.811242831518264,16.879513675739588,8.699681400989514
Night of the Living Dead,1990-10-19,1990,10,Q4,1990s,Horror,Fantasy,R,Remake,Sony/Columbia,Other,4200000.0,5835247.0,5835247.0,1.389344523809524,1,0.0,67.0,66.0,1.0,10083.0,15.250595083253597,15.579427153569512,9.218606116393214
Child's Play 2,1990-11-09,1990,11,Q4,1990s,Horror,Fantasy,Unknown,Original Screenplay,Universal,Universal,13000000.0,26904572.0,34166572.0,2.628197846153846,1,0.2125469303739339,38.0,51.0,-13.0,8666.0,16.38045991542581,17.346758297139083,9.067162602299854
Dances with Wolves,1990-11-09,1990,11,Q4,1990s,Western,Historical Fiction,Unknown,Based on Book/Short Story,Orion Pictures,Other,19000000.0,184208842.0,424200000.0,22.326315789473686,1,0.5657500188590288,76.0,80.0,-4.0,71399.0,16.759949537130716,19.865715600094855,11.176039142627355
Home Alone,1990-11-16,1990,11,Q4,1990s,Comedy,Contemporary Fiction,PG,Original Screenplay,20th Century Fox,20th Century Fox,15000000.0,285761243.0,476684675.0,31.778978333333335,1,0.4005235368642803,47.0,70.0,-23.0,79080.0,16.523560759066484,19.98236577155676,11.278215277284554
Predator 2,1990-11-21,1990,11,Q4,1990s,Action,Science Fiction,Unknown,Original Screenplay,20th Century Fox,20th Century Fox,35000000.0,28317513.0,54768418.0,1.5648119428571428,1,0.4829590841933758,23.0,60.0,-37.0,35411.0,17.37085861945369,17.81862427191696,10.474777785317189
Edward Scissorhands,1990-12-07,1990,12,Q4,1990s,Comedy,Fantasy,Unknown,Original Screenplay,20th Century Fox,20th Century Fox,20000000.0,53976987.0,53976987.0,2.69884935,1,0.0,91.0,80.0,11.0,102485.0,16.811242831518264,17.80406834702706,11.537471725388228
Kindergarten Cop,1990-12-21,1990,12,Q4,1990s,Comedy,Contemporary Fiction,Unknown,Original Screenplay,Universal,Universal,26000000.0,91457688.0,202000000.0,7.769230769230769,1,0.5472391683168317,50.0,58.0,-8.0,40433.0,17.073607095985757,19.12377825536548,10.607401562206967
The Godfather: Part III,1990-12-25,1990,12,Q4,1990s,Drama,Historical Fiction,Unknown,Unknown,Paramount Pictures,Paramount Pictures,54000000.0,66520529.0,66520529.0,1.2318616481481481,1,0.0,,76.0,,82977.0,17.80449460452855,18.01302116475287,11.326318739943364
Return to the Blue Lagoon,1990-12-31,1990,12,Q4,1990s,Unknown,Unknown,Unknown,Unknown,Unknown,Unknown,11000000.0,2000000.0,2000000.0,0.18181818181818182,0,0.0,,43.0,,4632.0,16.213405830762646,14.508657738524219,8.440744019252831
Straight out of Brooklyn,1990-12-31,1990,12,Q4,1990s,Unknown,Unknown,Unknown,Unknown,Unknown,Unknown,450000.0,2712293.0,2712293.0,6.027317777777778,1,0.0,100.0,56.0,44.0,263.0,13.017002861746503,14.813304960554785,5.572154032177765
Johnny Suede,1990-12-31,1990,12,Q4,1990s,Drama,Unknown,Unknown,Original Screenplay,Miramax,Miramax,500000.0,55000.0,55000.0,0.11,0,0.0,,58.0,,1587.0,13.122363377404328,10.915088464214607,7.369600720526409
Warlock,1991-01-10,1991,1,Q1,1990s,Horror,Science Fiction,Unknown,Original Screenplay,Trimark,Other,7000000.0,8824553.0,8824553.0,1.2606504285714286,1,0.0,,59.0,,4921.0,15.761420707019587,15.993048507942728,8.501267040865978
Flight of the Intruder,1991-01-18,1991,1,Q1,1990s,Action,Historical Fiction,Unknown,Based on Book/Short Story,Paramount Pictures,Paramount Pictures,35000000.0,14471440.0,14471440.0,0.4134697142857143,0,0.0,,53.0,,2592.0,17.37085861945369,16.487687609896753,7.860185057472165
White Fang,1991-01-18,1991,1,Q1,1990s,Adventure,Historical Fiction,Unknown,Based on Book/Short Story,Walt Disney Pictures,Walt Disney Pictures,14000000.0,34729091.0,34729091.0,2.480649357142857,1,0.0,67.0,,,,16.454567887579532,17.363088251040555,
The Silence of the Lambs,1991-02-14,1991,2,Q1,1990s,Thriller/Suspense,Contemporary Fiction,Unknown,Based on Book/Short Story,Orion Pictures,Other,20000000.0,130726716.0,275726716.0,13.7863358,1,0.5258830268736091,96.0,87.0,9.0,244856.0,16.811242831518264,19.434920773729466,12.408425561629082
The Doors,1991-03-01,1991,3,Q1,1990s,Drama,Dramatization,Unknown,Based on Real Life Events,Sony Pictures,Sony Pictures,40000000.0,34167219.0,34167219.0,0.854180475,0,0.0,57.0,70.0,-13.0,29750.0,17.50439001207821,17.34677723359762,10.300584410973777
Haakon Haakonsen,1991-03-01,1991,3,Q1,1990s,Adventure,Historical Fiction,Unknown,Based on Book/Short Story,Walt Disney Pictures,Walt Disney Pictures,8500000.0,15024232.0,15024232.0,1.767556705882353,1,0.0,,64.0,,1125.0,15.955576721460545,16.525174922270487,7.025538314638521
Nikita,1991-03-08,1991,3,Q1,1990s,Thriller/Suspense,Contemporary Fiction,Unknown,Original Screenplay,Goldwyn Entertainment,Other,7000000.0,5017971.0,5017971.0,0.716853,0,0.0,,75.0,,24872.0,15.761420707019587,15.428536226696906,10.12149795173859
Teenage Mutant Ninja Turtles II: The Secret of the Ooze,1991-03-22,1991,3,Q1,1990s,Adventure,Fantasy,Unknown,Based on Comic/Graphic Novel,New Line,New Line,25000000.0,78656813.0,78656813.0,3.14627252,1,0.0,,53.0,,12742.0,17.034386382832476,18.1806048080017,9.452658902676433
Stone Cold,1991-05-17,1991,5,Q2,1990s,Action,Contemporary Fiction,R,Original Screenplay,Sony Pictures,Sony Pictures,25000000.0,9286314.0,9286314.0,0.37145256,0,0.0,29.0,46.0,-17.0,52.0,17.034386382832476,16.044052261334485,3.9512437185814275
Hudson Hawk,1991-05-24,1991,5,Q2,1990s,Action,Contemporary Fiction,Unknown,Original Screenplay,Sony Pictures,Sony Pictures,65000000.0,17218916.0,17218916.0,0.2649064,0,0.0,20.0,53.0,-33.0,21920.0,17.98989782785991,16.66151910492435,9.995154741061953
Robin Hood: Prince of Thieves,1991-06-14,1991,6,Q2,1990s,Adventure,Historical Fiction,PG-13,Traditional/Legend/Fairytale,Warner Bros.,Warner Bros.,50000000.0,165493908.0,390500000.0,7.81,1,0.5761999795134443,56.0,67.0,-11.0,54480.0,17.72753356339242,19.782938527244013,10.905588940823394
The Naked Gun 2Ω: The Smell of Fear,1991-06-28,1991,6,Q2,1990s,Comedy,Contemporary Fiction,Unknown,Based on TV,Paramount Pictures,Paramount Pictures,23000000.0,86930411.0,86930411.0,3.7795830869565217,1,0.0,,66.0,,26384.0,16.951004773893423,18.280618482986092,10.18051304479938
Terminator 2: Judgment Day,1991-07-02,1991,7,Q3,1990s,Action,Science Fiction,R,Original Screenplay,Sony Pictures,Sony Pictures,100000000.0,204859496.0,516816151.0,5.16816151,1,0.6036124343180599,98.0,85.0,13.0,237477.0,18.420680743952367,20.06319776187932,12.377826055662071
Boyz n the Hood,1991-07-12,1991,7,Q3,1990s,Drama,Contemporary Fiction,Unknown,Original Screenplay,Sony Pictures,Sony Pictures,6500000.0,56190094.0,56190094.0,8.644629846153846,1,0.0,98.0,78.0,20.0,30299.0,15.687312734865866,17.844251035982516,10.31886998765251
Bill & Ted's Bogus Journey,1991-07-19,1991,7,Q3,1990s,Comedy,Fantasy,Unknown,Original Screenplay,Orion Pictures,Other,20000000.0,37537675.0,37537675.0,1.87688375,1,0.0,58.0,58.0,0.0,20188.0,16.811242831518264,17.44085565326752,9.912843647460154
Slacker,1991-08-01,1991,8,Q3,1990s,Unknown,Unknown,Unknown,Unknown,Unknown,Unknown,23000.0,1227508.0,1227508.0,53.36991304347826,1,0.0,83.0,69.0,14.0,5907.0,10.043249494911286,14.020496655941184,8.683893367307235
Double Impact,1991-08-09,1991,8,Q3,1990s,Action,Contemporary Fiction,Unknown,Original Screenplay,Sony Pictures,Sony Pictures,16000000.0,29090445.0,29090445.0,1.8181528125,1,0.0,8.0,47.0,-39.0,10426.0,16.588099280204055,17.185920327707425,9.252057965328051
Harley Davidson and the Marlboro Man,1991-08-23,1991,8,Q3,1990s,Action,Science Fiction,Unknown,Original Screenplay,MGM,MGM,23000000.0,7018525.0,7018525.0,0.30515326086956523,0,0.0,27.0,53.0,-26.0,6995.0,16.951004773893423,15.76406363996485,8.852950887099581
Beastmaster 2: Through the Portal of Time,1991-08-30,1991,8,Q3,1990s,Unknown,Fantasy,Unknown,Based on Book/Short Story,New Line,New Line,6000000.0,773490.0,773490.0,0.128915,0,0.0,17.0,33.0,-16.0,1327.0,15.60727002719233,13.558668020663465,7.190676034332207
Freddy's Dead: The Final Nightmare,1991-09-13,1991,9,Q3,1990s,Horror,Fantasy,R,Original Screenplay,New Line,New Line,5000000.0,34872033.0,34872033.0,6.9744066,1,0.0,,45.0,,12779.0,15.424948470398375,17.367195719217882,9.455558477608703
My Own Private Idaho,1991-09-29,1991,9,Q3,1990s,Black Comedy,Contemporary Fiction,Unknown,Based on Book/Short Story,Fine Line,Other,2500000.0,6401336.0,6401336.0,2.5605344,1,0.0,84.0,70.0,14.0,17604.0,14.73180128983843,15.67201727654465,9.775881427930981
House Party 2,1991-10-23,1991,10,Q4,1990s,Comedy,Contemporary Fiction,Unknown,Original Screenplay,New Line,New Line,5000000.0,19438638.0,19438638.0,3.8877276,1,0.0,25.0,43.0,-18.0,1596.0,15.424948470398375,16.782773292813733,7.3752557780097545
Due occhi diabolici,1991-10-25,1991,10,Q4,1990s,Unknown,Unknown,Unknown,Unknown,Unknown,Unknown,9000000.0,349618.0,349618.0,0.03884644444444445,0,0.0,,59.0,,2059.0,16.012735135300492,12.764596408852274,7.629975707027789
Beauty and the Beast,1991-11-13,1991,11,Q4,1990s,Musical,Fantasy,G,Based on Book/Short Story,Walt Disney Pictures,Walt Disney Pictures,20000000.0,171340294.0,403476931.0,20.17384655,1,0.5753405440669419,93.0,34.0,59.0,354.0,16.811242831518264,19.815629871797007,5.869296913133774
Cape Fear,1991-11-15,1991,11,Q4,1990s,Thriller/Suspense,Contemporary Fiction,R,Remake,Universal,Universal,35000000.0,79091969.0,182291969.0,5.208341971428571,1,0.5661247753596869,76.0,73.0,3.0,47196.0,17.37085861945369,19.021120184920953,10.76206442221981
The Addams Family,1991-11-22,1991,11,Q4,1990s,Comedy,Fantasy,Unknown,Based on TV,Paramount Pictures,Paramount Pictures,30000000.0,113502246.0,191502246.0,6.3834082,1,0.4073059278897439,59.0,66.0,-7.0,28907.0,17.216707939626428,19.070410094975728,10.271839059304192
Star Trek VI: The Undiscovered Country,1991-12-06,1991,12,Q4,1990s,Action,Science Fiction,Unknown,Based on TV,Paramount Pictures,Paramount Pictures,27000000.0,74888996.0,96900000.0,3.588888888888889,1,0.22715174406604746,,72.0,,23546.0,17.111347423968603,18.389190076860995,10.066711233638141
Hook,1991-12-11,1991,12,Q4,1990s,Adventure,Kids Fiction,Unknown,Based on Book/Short Story,Sony Pictures,Sony Pictures,70000000.0,119654823.0,300854823.0,4.297926042857143,1,0.6022838463852713,24.0,62.0,-38.0,60159.0,18.064005800013632,19.522138390746942,11.004746336145143
JFK,1991-12-20,1991,12,Q4,1990s,Drama,Dramatization,R,Based on Book/Short Story,Warner Bros.,Warner Bros.,40000000.0,70405498.0,205400000.0,5.135,1,0.657227370983447,83.0,80.0,3.0,59684.0,17.50439001207821,19.140469855458733,10.996819256760313
The Prince of Tides,1991-12-25,1991,12,Q4,1990s,Drama,Contemporary Fiction,Unknown,Based on Book/Short Story,Sony/Columbia,Other,30000000.0,74787599.0,74787599.0,2.492919966666667,1,0.0,74.0,64.0,10.0,6829.0,17.216707939626428,18.130162640430175,8.82893352896109
Medicine Man,1992-02-07,1992,2,Q1,1990s,Drama,Contemporary Fiction,Unknown,Original Screenplay,Walt Disney Pictures,Walt Disney Pictures,40000000.0,44948240.0,44948240.0,1.123706,1,0.0,22.0,57.0,-35.0,9307.0,17.50439001207821,17.621022163499102,9.13852208418571
Wayne's World,1992-02-14,1992,2,Q1,1990s,Comedy,Contemporary Fiction,PG-13,Based on TV,Paramount Pictures,Paramount Pictures,20000000.0,121697323.0,183097323.0,9.15486615,1,0.33534078485680535,84.0,69.0,15.0,42570.0,16.811242831518264,19.025528389111862,10.658905058822198
Radio Flyer,1992-02-21,1992,2,Q1,1990s,Drama,Historical Fiction,Unknown,Original Screenplay,Sony Pictures,Sony Pictures,35000000.0,4651977.0,4651977.0,0.13291362857142858,0,0.0,43.0,65.0,-22.0,6210.0,17.37085861945369,15.35280284849841,8.733916174927524
Memoirs of an Invisible Man,1992-02-28,1992,2,Q1,1990s,Comedy,Science Fiction,Unknown,Based on Book/Short Story,Warner Bros.,Warner Bros.,40000000.0,14358033.0,14358033.0,0.358950825,0,0.0,24.0,58.0,-34.0,8522.0,17.50439001207821,16.47982013448617,9.050406334059858
The Lawnmower Man,1992-03-06,1992,3,Q1,1990s,Action,Science Fiction,Unknown,Original Screenplay,New Line,New Line,10000000.0,32100816.0,32100816.0,3.2100816,1,0.0,47.0,51.0,-4.0,12607.0,16.11809565095832,17.284392008337896,9.44200749423127
My Cousin Vinny,1992-03-13,1992,3,Q1,1990s,Comedy,Contemporary Fiction,Unknown,Original Screenplay,20th Century Fox,20th Century Fox,11000000.0,52929168.0,52929168.0,4.811742545454545,1,0.0,86.0,73.0,13.0,30524.0,16.213405830762646,17.784465124836643,10.326268538409524
The Player,1992-04-10,1992,4,Q2,1990s,Black Comedy,Contemporary Fiction,R,Based on Book/Short Story,Fine Line,Other,8000000.0,21706101.0,28876702.0,3.60958775,1,0.24831786538504294,,77.0,,24451.0,15.89495209964411,17.17854566879206,10.104426393862145
Lethal Weapon 3,1992-05-15,1992,5,Q2,1990s,Action,Contemporary Fiction,R,Original Screenplay,Warner Bros.,Warner Bros.,35000000.0,144731527.0,319700000.0,9.134285714285713,1,0.5472895620894589,56.0,65.0,-9.0,39735.0,17.37085861945369,19.58289361403007,10.58998769037428
Alien³,1992-05-22,1992,5,Q2,1990s,Action,Science Fiction,R,Original Screenplay,20th Century Fox,20th Century Fox,55000000.0,54927174.0,158500000.0,2.881818181818182,1,0.6534563154574132,37.0,63.0,-26.0,78860.0,17.822843743196746,18.88126515128161,11.275429407431618
Patriot Games,1992-06-05,1992,6,Q2,1990s,Action,Contemporary Fiction,Unknown,Based on Book/Short Story,Paramount Pictures,Paramount Pictures,45000000.0,83287363.0,178100000.0,3.957777777777778,1,0.5323561875350926,75.0,69.0,6.0,29544.0,17.622173047734595,18.99785574825989,10.293635956532398
Batman Returns,1992-06-18,1992,6,Q2,1990s,Action,Super Hero,PG-13,Original Screenplay,Warner Bros.,Warner Bros.,80000000.0,162831698.0,266822354.0,3.335279425,1,0.3897374205760886,78.0,69.0,9.0,78673.0,18.197537192638155,19.402093654103123,11.27305530057358
Boomerang,1992-07-01,1992,7,Q3,1990s,Comedy,Contemporary Fiction,Unknown,Original Screenplay,Paramount Pictures,Paramount Pictures,42000000.0,70052444.0,131052444.0,3.1202962857142857,1,0.46546251361783075,37.0,59.0,-22.0,202.0,17.553180176247643,18.69110813693026,5.308267697401205
A League of Their Own,1992-07-01,1992,7,Q3,1990s,Comedy,Historical Fiction,Unknown,Original Screenplay,Sony Pictures,Sony Pictures,40000000.0,107533925.0,132440066.0,3.31100165,1,0.18805593920498348,81.0,69.0,12.0,33426.0,17.50439001207821,18.701640768982067,10.41708931924887
Death Becomes Her,1992-07-31,1992,7,Q3,1990s,Comedy,Fantasy,Unknown,Original Screenplay,Universal,Universal,55000000.0,58422650.0,149022650.0,2.7095027272727275,1,0.6079612730011176,53.0,60.0,-7.0,27681.0,17.822843743196746,18.81960886577968,10.228501536246666
Buffy the Vampire Slayer,1992-07-31,1992,7,Q3,1990s,Horror,Fantasy,Unknown,Original Screenplay,20th Century Fox,20th Century Fox,7000000.0,14231669.0,14231669.0,2.0330955714285714,1,0.0,32.0,53.0,-21.0,16056.0,15.761420707019587,16.470980250609344,9.683837890476173
Raising Cain,1992-08-07,1992,8,Q3,1990s,Thriller/Suspense,Contemporary Fiction,Unknown,Original Screenplay,Universal,Universal,11000000.0,21171695.0,21171695.0,1.9246995454545455,1,0.0,53.0,57.0,-4.0,5135.0,16.213405830762646,16.868175706037245,8.543835122362658
Light Sleeper,1992-09-21,1992,9,Q3,1990s,Unknown,Unknown,Unknown,Unknown,Unknown,Unknown,5000000.0,1050861.0,1050861.0,0.2101722,0,0.0,94.0,67.0,27.0,1986.0,15.424948470398375,13.865120386117383,7.593877844605118
The Last of the Mohicans,1992-09-25,1992,9,Q3,1990s,Action,Historical Fiction,Unknown,Based on Book/Short Story,20th Century Fox,20th Century Fox,40000000.0,72455275.0,72455275.0,1.811381875,1,0.0,97.0,78.0,19.0,45410.0,17.50439001207821,18.09848003291421,10.723487624091996
The Mighty Ducks,1992-10-02,1992,10,Q4,1990s,Comedy,Contemporary Fiction,PG,Original Screenplay,Walt Disney Pictures,Walt Disney Pictures,10000000.0,50752337.0,50752337.0,5.0752337,1,0.0,8.0,59.0,-51.0,15479.0,16.11809565095832,17.74246822408702,9.647239545573877
Hero,1992-10-02,1992,10,Q4,1990s,Comedy,Contemporary Fiction,Unknown,Original Screenplay,Sony Pictures,Sony Pictures,42000000.0,19487173.0,66787173.0,1.5901707857142857,1,0.7082198253847337,,64.0,,323.0,17.553180176247643,18.017021599110407,5.777652323222656
Reservoir Dogs,1992-10-23,1992,10,Q4,1990s,Unknown,Unknown,R,Unknown,Miramax,Miramax,1200000.0,2832029.0,2832029.0,2.360024166666667,1,0.0,96.0,84.0,12.0,212985.0,13.997832114758229,14.856503973856313,12.268977019676568
Aladdin,1992-11-11,1992,11,Q4,1990s,Comedy,Fantasy,G,Original Screenplay,Walt Disney Pictures,Walt Disney Pictures,28000000.0,217350219.0,504050219.0,18.001793535714285,1,0.5687925313648162,,78.0,,69090.0,17.14771506813948,20.038186461944836,11.14316528148284
Dracula,1992-11-13,1992,11,Q4,1990s,Horror,Fantasy,R,Based on Book/Short Story,Sony Pictures,Sony Pictures,40000000.0,82522790.0,215862692.0,5.3965673,1,0.6177070283177974,,64.0,,136.0,17.50439001207821,19.19015307832976,4.912654885736052
Malcolm X,1992-11-18,1992,11,Q4,1990s,Drama,Dramatization,Unknown,Based on Book/Short Story,Warner Bros.,Warner Bros.,35000000.0,48169910.0,48169910.0,1.376283142857143,1,0.0,90.0,77.0,13.0,23062.0,17.37085861945369,17.69024511022185,10.045941520331061
Home Alone 2: Lost in New York,1992-11-20,1992,11,Q4,1990s,Comedy,Contemporary Fiction,PG,Original Screenplay,20th Century Fox,20th Century Fox,20000000.0,173585516.0,358994850.0,17.9497425,1,0.5164679493313066,21.0,58.0,-37.0,51408.0,16.811242831518264,19.698818600945756,10.84754908135564
The Crying Game,1992-11-25,1992,11,Q4,1990s,Drama,Contemporary Fiction,R,Original Screenplay,Miramax,Miramax,4000000.0,62546695.0,62546695.0,15.63667375,1,0.0,100.0,73.0,27.0,21195.0,15.201804919084164,17.951423955751416,9.961520583786738
The Muppet Christmas Carol,1992-12-11,1992,12,Q4,1990s,Comedy,Unknown,Unknown,Based on TV,Walt Disney Pictures,Walt Disney Pictures,12000000.0,27281507.0,27281507.0,2.2734589166666668,1,0.0,67.0,75.0,-8.0,10853.0,16.300417207752275,17.12171963134924,9.292196818446016
A Few Good Men,1992-12-11,1992,12,Q4,1990s,Drama,Contemporary Fiction,Unknown,Based on Play,Sony Pictures,Sony Pictures,33000000.0,141340178.0,236500000.0,7.166666666666667,1,0.40236711205073994,83.0,76.0,7.0,63541.0,17.312018119430753,19.28145876589626,11.059440645817386
Ed and his Dead Mother,1992-12-31,1992,12,Q4,1990s,Unknown,Unknown,Unknown,Unknown,Unknown,Unknown,1800000.0,673.0,673.0,0.0003738888888888889,0,0.0,50.0,56.0,-6.0,829.0,14.403297222866392,6.511745329644728,6.720220155135295
The Nutcracker,1992-12-31,1992,12,Q4,1990s,Unknown,Unknown,Unknown,Unknown,Unknown,Unknown,19000000.0,2119994.0,2119994.0,0.11157863157894737,0,0.0,50.0,52.0,-2.0,561.0,16.759949537130716,14.56692381645551,6.329720905522696
Nowhere to Run,1993-01-15,1993,1,Q1,1990s,Action,Contemporary Fiction,Unknown,Original Screenplay,Sony/Columbia,Other,15000000.0,22189039.0,52189039.0,3.4792692666666665,1,0.5748333476690384,26.0,50.0,-24.0,6746.0,16.523560759066484,17.77038304996089,8.816705015621595
Alive,1993-01-15,1993,1,Q1,1990s,Adventure,Dramatization,R,Based on Book/Short Story,Walt Disney Pictures,Walt Disney Pictures,32000000.0,36299670.0,36299670.0,1.1343646875,1,0.0,71.0,32.0,39.0,124.0,17.281246460764002,17.407319208284665,4.820281565605037
Loaded Weapon 1,1993-02-05,1993,2,Q1,1990s,Comedy,Contemporary Fiction,PG-13,Original Screenplay,New Line,New Line,13000000.0,27979399.0,27979399.0,2.1522614615384614,1,0.0,,57.0,,17637.0,16.38045991542581,17.14697904734261,9.777754247070364
Braindead,1993-02-12,1993,2,Q1,1990s,Horror,Unknown,Unknown,Original Screenplay,Trimark,Other,3000000.0,242623.0,242623.0,0.08087433333333334,0,0.0,,76.0,,32827.0,14.914122846632385,12.399264077263714,10.39900662648473
Groundhog Day,1993-02-12,1993,2,Q1,1990s,Comedy,Fantasy,PG,Original Screenplay,Sony/Columbia,Other,14600000.0,70906973.0,70906973.0,4.85664198630137,1,0.0,96.0,82.0,14.0,134964.0,16.496532086678563,18.076879336454766,11.812763355192022
Army of Darkness,1993-02-19,1993,2,Q1,1990s,Horror,Fantasy,R,Unknown,Universal,Universal,11000000.0,11502976.0,21502976.0,1.954816,1,0.4650519072336778,,76.0,,55671.0,16.213405830762646,16.883701902123573,10.927214644012448
El Mariachi,1993-02-26,1993,2,Q1,1990s,Action,Unknown,Unknown,Original Screenplay,Sony/Columbia,Other,7000.0,2040920.0,2040920.0,291.56,1,0.0,,70.0,,19668.0,8.85366542803745,14.528911244551463,9.88674822853183
Teenage Mutant Ninja Turtles III,1993-03-19,1993,3,Q1,1990s,Adventure,Fantasy,Unknown,Based on Comic/Graphic Novel,New Line,New Line,21000000.0,42273609.0,42273609.0,2.013029,1,0.0,30.0,43.0,-13.0,9064.0,16.860032995687696,17.559673548600248,9.112065802707843
The Adventures of Huck Finn,1993-04-02,1993,4,Q2,1990s,Adventure,Historical Fiction,PG,Based on Book/Short Story,Walt Disney Pictures,Walt Disney Pictures,6500000.0,24103594.0,24103594.0,3.7082452307692306,1,0.0,62.0,58.0,4.0,3095.0,15.687312734865866,16.99787151597302,8.037543185118697
Bound by Honor,1993-04-16,1993,4,Q2,1990s,Unknown,Unknown,Unknown,Original Screenplay,Walt Disney Pictures,Walt Disney Pictures,35000000.0,4496583.0,4496583.0,0.1284738,0,0.0,,77.0,,10142.0,17.37085861945369,15.318828332967636,9.224440496354964
The Dark Half,1993-04-23,1993,4,Q2,1990s,Horror,Fantasy,Unknown,Based on Book/Short Story,Orion Pictures,Other,15000000.0,9579068.0,9579068.0,0.6386045333333333,0,0.0,,57.0,,5488.0,16.523560759066484,16.075090859201925,8.610319169405722
Much Ado About Nothing,1993-05-07,1993,5,Q2,1990s,Drama,Historical Fiction,Unknown,Based on Play,Goldwyn Entertainment,Other,8000000.0,22549338.0,22549338.0,2.81866725,1,0.0,90.0,74.0,16.0,22470.0,15.89495209964411,16.931216266497557,10.019936365179374
Excessive Force,1993-05-14,1993,5,Q2,1990s,Unknown,Unknown,Unknown,Unknown,Unknown,Unknown,13000000.0,1152117.0,1152117.0,0.08862438461538462,0,0.0,,47.0,,537.0,16.38045991542581,13.957111677580851,6.285998094508865
Menace II Society,1993-05-26,1993,5,Q2,1990s,Action,Contemporary Fiction,R,Original Screenplay,New Line,New Line,3500000.0,27731527.0,27731527.0,7.923293428571428,1,0.0,85.0,74.0,11.0,14807.0,15.068273526459642,17.138080482790595,9.602855320908718
Cliffhanger,1993-05-28,1993,5,Q2,1990s,Action,Contemporary Fiction,Unknown,Original Screenplay,Sony Pictures,Sony Pictures,65000000.0,84049211.0,255000000.0,3.923076923076923,1,0.6703952509803922,82.0,62.0,20.0,34447.0,17.98989782785991,19.3567741031227,10.447177189921291
Super Mario Bros.,1993-05-28,1993,5,Q2,1990s,Action,Fantasy,Unknown,Based on Game,Walt Disney Pictures,Walt Disney Pictures,42000000.0,20844907.0,20844907.0,0.4963073095238095,0,0.0,,38.0,,17281.0,17.553180176247643,16.852620207785524,9.757362911053992
Jurassic Park,1993-06-10,1993,6,Q2,1990s,Action,Science Fiction,PG-13,Based on Book/Short Story,Universal,Universal,63000000.0,357067947.0,923067947.0,14.651872174603175,1,0.6131726292084108,87.0,79.0,8.0,151365.0,17.958645284355807,20.643213405142262,11.92744941756674
Last Action Hero,1993-06-18,1993,6,Q2,1990s,Action,Fantasy,Unknown,Original Screenplay,Sony Pictures,Sony Pictures,85000000.0,50016394.0,137298489.0,1.6152763411764706,1,0.6357105284676512,38.0,59.0,-21.0,43171.0,18.258161814454592,18.73766786557932,10.672924252515658
The Firm,1993-06-30,1993,6,Q2,1990s,Thriller/Suspense,Contemporary Fiction,R,Based on Book/Short Story,Paramount Pictures,Paramount Pictures,42000000.0,158340892.0,270340892.0,6.4366879047619046,1,0.41429174540120994,76.0,55.0,21.0,957.0,17.553180176247643,19.415194283563228,6.863803391452954
Hocus Pocus,1993-07-16,1993,7,Q3,1990s,Comedy,Fantasy,Unknown,Original Screenplay,Walt Disney Pictures,Walt Disney Pictures,28000000.0,39360491.0,39360491.0,1.4057318214285714,1,0.0,29.0,60.0,-31.0,15893.0,17.14771506813948,17.488273104664014,9.67363403969682
Poetic Justice,1993-07-23,1993,7,Q3,1990s,Drama,Contemporary Fiction,Unknown,Original Screenplay,Sony/Columbia,Other,14000000.0,27450453.0,27450453.0,1.960746642857143,1,0.0,36.0,51.0,-15.0,3689.0,16.454567887579532,17.127893228515887,8.213110697596676
The Fugitive,1993-08-06,1993,8,Q3,1990s,Thriller/Suspense,Contemporary Fiction,PG-13,Based on TV,Warner Bros.,Warner Bros.,44000000.0,183875760.0,368900000.0,8.38409090909091,1,0.5015566278124153,94.0,78.0,16.0,96914.0,17.599700191882537,19.726036162566903,11.481579266286964
Jason Goes to Hell: The Final Friday,1993-08-13,1993,8,Q3,1990s,Horror,Fantasy,Unknown,Unknown,New Line,New Line,3000000.0,15935068.0,15935068.0,5.311689333333334,1,0.0,,41.0,,8733.0,14.914122846632385,16.584032773160523,9.074864232413733
Fortress,1993-09-03,1993,9,Q3,1990s,Action,Science Fiction,Unknown,Original Screenplay,Miramax,Miramax,12000000.0,6730578.0,46730578.0,3.8942148333333333,1,0.8559705809759083,36.0,55.0,-19.0,7026.0,16.300417207752275,17.659909283528,8.857372832825773
True Romance,1993-09-10,1993,9,Q3,1990s,Thriller/Suspense,Contemporary Fiction,Unknown,Original Screenplay,Warner Bros.,Warner Bros.,12500000.0,12281000.0,12281000.0,0.98248,0,0.0,91.0,79.0,12.0,73829.0,16.34123920227253,16.323563910592522,11.209506887331928
The Age of Innocence,1993-09-17,1993,9,Q3,1990s,Drama,Historical Fiction,Unknown,Based on Book/Short Story,Sony/Columbia,Other,34000000.0,32014993.0,32014993.0,0.9416174411764706,0,0.0,81.0,71.0,10.0,16000.0,17.341871082580436,17.281714882287506,9.680344001221918
Warlock: The Armageddon,1993-09-24,1993,9,Q3,1990s,Horror,Science Fiction,Unknown,Original Screenplay,Trimark,Other,3000000.0,3902679.0,3902679.0,1.300893,1,0.0,,49.0,,1888.0,14.914122846632385,15.177173798353131,7.543273346705446
Cool Runnings,1993-10-01,1993,10,Q4,1990s,Comedy,Contemporary Fiction,Unknown,Based on Real Life Events,Walt Disney Pictures,Walt Disney Pictures,14000000.0,68856263.0,155056263.0,11.075447357142858,1,0.5559272378439818,73.0,65.0,8.0,24533.0,16.454567887579532,18.859298596116417,10.107774429000033
Gettysburg,1993-10-08,1993,10,Q4,1990s,Drama,Unknown,Unknown,Unknown,New Line,New Line,25000000.0,10731997.0,10731997.0,0.42927988,0,0.0,87.0,76.0,11.0,11215.0,17.034386382832476,16.18874021098978,9.32500744695431
The Remains of the Day,1993-11-05,1993,11,Q4,1990s,Drama,Historical Fiction,Unknown,Based on Book/Short Story,Sony/Columbia,Other,15000000.0,22954968.0,63954968.0,4.263664533333333,1,0.6410760771547881,97.0,79.0,18.0,21736.0,16.523560759066484,17.973689768663696,9.986725151106183
RoboCop 3,1993-11-05,1993,11,Q4,1990s,Action,Science Fiction,Unknown,Original Screenplay,Orion Pictures,Other,22000000.0,10696210.0,10696210.0,0.4861913636363636,0,0.0,,34.0,,13310.0,16.90655301132259,16.185400031079034,9.496270911389157
Mrs. Doubtfire,1993-11-24,1993,11,Q4,1990s,Comedy,Contemporary Fiction,PG-13,Based on Book/Short Story,20th Century Fox,20th Century Fox,25000000.0,219195051.0,441286003.0,17.65144012,1,0.5032812064968215,64.0,66.0,-2.0,56917.0,17.034386382832476,19.90520375608437,10.949349345263151
Schindler's List,1993-12-15,1993,12,Q4,1990s,Drama,Dramatization,R,Based on Real Life Events,Universal,Universal,25000000.0,96067179.0,321200000.0,12.848,1,0.7009116469489415,97.0,89.0,8.0,276283.0,17.034386382832476,19.58757454003688,12.529180981693253
Philadelphia,1993-12-22,1993,12,Q4,1990s,Drama,Contemporary Fiction,Unknown,Original Screenplay,Sony/TriStar,Other,26000000.0,77324422.0,201324422.0,7.743247,1,0.6159213013908467,74.0,76.0,-2.0,53283.0,17.073607095985757,19.120428204662,10.883372609935437
What's Eating Gilbert Grape,1993-12-25,1993,12,Q4,1990s,Drama,Unknown,Unknown,Unknown,Paramount Pictures,Paramount Pictures,11000000.0,9170214.0,9170214.0,0.8336558181818182,0,0.0,88.0,78.0,10.0,51219.0,16.213405830762646,16.03147118092872,10.843865835939344
Tombstone,1993-12-25,1993,12,Q4,1990s,Western,Dramatization,R,Based on Real Life Events,Walt Disney Pictures,Walt Disney Pictures,25000000.0,56505000.0,56505000.0,2.2602,1,0.0,77.0,77.0,0.0,43688.0,17.034386382832476,17.849839687776388,10.68482874383199
Shadowlands,1993-12-29,1993,12,Q4,1990s,Drama,Dramatization,R,Based on Play,Savoy,Other,22000000.0,25842377.0,25842377.0,1.1746535,1,0.0,96.0,74.0,22.0,7689.0,16.90655301132259,17.067526221812017,8.94754601503218
Ace Ventura: Pet Detective,1994-02-04,1994,2,Q1,1990s,Comedy,Contemporary Fiction,PG-13,Original Screenplay,Warner Bros.,Warner Bros.,12000000.0,72217396.0,107217396.0,8.934783,1,0.3264395639677725,49.0,66.0,-17.0,63543.0,16.300417207752275,18.490369069555033,11.059472121062107
Romeo Is Bleeding,1994-02-04,1994,2,Q1,1990s,Drama,Contemporary Fiction,R,Original Screenplay,Gramercy,Other,10000000.0,3275585.0,3275585.0,0.3275585,0,0.0,24.0,63.0,-39.0,6537.0,16.11809565095832,15.002007037053971,8.78523362361273
On Deadly Ground,1994-02-18,1994,2,Q1,1990s,Action,Contemporary Fiction,R,Original Screenplay,Warner Bros.,Warner Bros.,50000000.0,38590458.0,38590458.0,0.77180916,0,0.0,,38.0,,9579.0,17.72753356339242,17.468515601803052,9.167328481382892
Sugar Hill,1994-02-25,1994,2,Q1,1990s,Drama,Contemporary Fiction,R,Original Screenplay,20th Century Fox,20th Century Fox,10000000.0,18272447.0,18272447.0,1.8272447,1,0.0,22.0,53.0,-31.0,1627.0,16.11809565095832,16.72090485479889,7.394493107219038
Four Weddings and a Funeral,1994-03-09,1994,3,Q1,1990s,Romantic Comedy,Contemporary Fiction,R,Original Screenplay,Gramercy,Other,4500000.0,52700832.0,242895809.0,53.97684644444445,1,0.7830311184990434,96.0,71.0,25.0,39003.0,15.319587954740548,19.30814313980955,10.57139384523028
The Hudsucker Proxy,1994-03-11,1994,3,Q1,1990s,Comedy,Unknown,PG,Original Screenplay,Warner Bros.,Warner Bros.,40000000.0,2816518.0,14938149.0,0.373453725,0,0.8114546855838699,58.0,74.0,-16.0,32344.0,17.50439001207821,16.519428834410924,10.384183811320607
Naked Gun 33 1/3: The Final Insult,1994-03-18,1994,3,Q1,1990s,Comedy,Contemporary Fiction,PG-13,Based on TV,Paramount Pictures,Paramount Pictures,30000000.0,51041856.0,51041856.0,1.7013952,1,0.0,,61.0,,24904.0,17.216707939626428,17.74815655997603,10.122783712121445
Serial Mom,1994-04-13,1994,4,Q2,1990s,Comedy,Contemporary Fiction,R,Original Screenplay,Savoy,Other,13000000.0,7881335.0,7881335.0,0.6062565384615385,0,0.0,61.0,64.0,-3.0,10999.0,16.38045991542581,15.880007863728405,9.305559638557117
The Inkwell,1994-04-22,1994,4,Q2,1990s,Comedy,Historical Fiction,R,Original Screenplay,Walt Disney Pictures,Walt Disney Pictures,8000000.0,8864699.0,8864699.0,1.108087375,1,0.0,29.0,57.0,-28.0,542.0,15.89495209964411,15.997587543163299,6.295266001439646
PCU,1994-04-29,1994,4,Q2,1990s,Comedy,Contemporary Fiction,PG-13,Original Screenplay,20th Century Fox,20th Century Fox,9000000.0,4333569.0,4333569.0,0.48150766666666667,0,0.0,47.0,60.0,-13.0,6967.0,16.012735135300492,15.281902009894296,8.848939995030118
3 Ninjas Kick Back,1994-05-06,1994,5,Q2,1990s,Action,Contemporary Fiction,PG,Original Screenplay,Walt Disney Pictures,Walt Disney Pictures,20000000.0,11744960.0,11744960.0,0.587248,0,0.0,17.0,32.0,-15.0,3107.0,16.811242831518264,16.278934770364796,8.041412909393047
Crooklyn,1994-05-13,1994,5,Q2,1990s,Comedy,Historical Fiction,PG-13,Original Screenplay,Universal,Universal,14000000.0,13024170.0,13024170.0,0.9302978571428572,0,0.0,75.0,65.0,10.0,3137.0,16.454567887579532,16.382317419964824,8.051022208190679
Beverly Hills Cop III,1994-05-25,1994,5,Q2,1990s,Action,Contemporary Fiction,R,Original Screenplay,Paramount Pictures,Paramount Pictures,50000000.0,42586861.0,119180938.0,2.38361876,1,0.6426705334371509,10.0,50.0,-40.0,21199.0,17.72753356339242,18.596153383700198,9.961709289736252
The Flintstones,1994-05-27,1994,5,Q2,1990s,Comedy,Historical Fiction,PG,Based on TV,Universal,Universal,45000000.0,130531208.0,358500000.0,7.966666666666667,1,0.6358962119944211,20.0,46.0,-26.0,26521.0,17.622173047734595,19.69743921800395,10.185692150979541
Renaissance Man,1994-06-03,1994,6,Q2,1990s,Comedy,Contemporary Fiction,PG-13,Original Screenplay,Walt Disney Pictures,Walt Disney Pictures,40000000.0,24172899.0,24172899.0,0.604322475,0,0.0,,59.0,,7650.0,17.50439001207821,17.000742687564145,8.942460926820582
Speed,1994-06-10,1994,6,Q2,1990s,Action,Contemporary Fiction,R,Original Screenplay,20th Century Fox,20th Century Fox,30000000.0,121248145.0,283200000.0,9.44,1,0.5718638947740113,90.0,26.0,64.0,4175.0,17.216707939626428,19.461663919783838,8.336869637284956
The Lion King,1994-06-15,1994,6,Q2,1990s,Adventure,Kids Fiction,G,Original Screenplay,Walt Disney Pictures,Walt Disney Pictures,79300000.0,328539505.0,783839505.0,9.884483039092055,1,0.5808587052524228,92.0,82.0,10.0,136503.0,18.188748686605077,20.47971484434791,11.824101871387617
Wolf,1994-06-17,1994,6,Q2,1990s,Thriller/Suspense,Fantasy,R,Original Screenplay,Sony Pictures,Sony Pictures,70000000.0,65011757.0,131011757.0,1.8715965285714287,1,0.5037715813550993,60.0,60.0,0.0,20035.0,18.064005800013632,18.69079762522991,9.905236023070245
Wyatt Earp,1994-06-24,1994,6,Q2,1990s,Western,Dramatization,PG-13,Based on Real Life Events,Warner Bros.,Warner Bros.,63000000.0,25052000.0,25052000.0,0.39765079365079364,0,0.0,42.0,64.0,-22.0,15614.0,17.958645284355807,17.03646422262744,9.655923226680237
Baby's Day Out,1994-07-01,1994,7,Q3,1990s,Comedy,Contemporary Fiction,PG,Original Screenplay,20th Century Fox,20th Century Fox,50000000.0,16581575.0,16581575.0,0.3316315,0,0.0,21.0,50.0,-29.0,8332.0,17.72753356339242,16.62380269712842,9.027858802380862
The Shadow,1994-07-01,1994,7,Q3,1990s,Action,Super Hero,PG-13,Based on Comic/Graphic Novel,Universal,Universal,40000000.0,31835600.0,31835600.0,0.79589,0,0.0,34.0,56.0,-22.0,9530.0,17.50439001207821,17.276095718436434,9.162199996648248
Forrest Gump,1994-07-06,1994,7,Q3,1990s,Drama,Historical Fiction,PG-13,Based on Book/Short Story,Paramount Pictures,Paramount Pictures,55000000.0,329694499.0,679400525.0,12.352736818181818,1,0.5147273414308886,70.0,86.0,-16.0,300455.0,17.822843743196746,20.336721386431112,12.613053271327713
True Lies,1994-07-15,1994,7,Q3,1990s,Action,Contemporary Fiction,R,Remake,20th Century Fox,20th Century Fox,100000000.0,146282411.0,365300000.0,3.653,1,0.599555403777717,69.0,72.0,-3.0,80581.0,18.420680743952367,19.71622949176551,11.297018168695637
The Client,1994-07-20,1994,7,Q3,1990s,Drama,Contemporary Fiction,PG-13,Based on Book/Short Story,Warner Bros.,Warner Bros.,45000000.0,92115211.0,117615211.0,2.6136713555555557,1,0.2168086915220515,80.0,65.0,15.0,19299.0,17.622173047734595,18.582928930302522,9.86780856007911
The Mask,1994-07-29,1994,7,Q3,1990s,Comedy,Fantasy,PG-13,Based on Comic/Graphic Novel,New Line,New Line,18000000.0,119920129.0,343900000.0,19.105555555555554,1,0.6512936056993311,75.0,66.0,9.0,72981.0,16.70588231586044,19.655861475402496,11.197954412280776
Clear and Present Danger,1994-08-03,1994,8,Q3,1990s,Action,Contemporary Fiction,PG-13,Based on Book/Short Story,Paramount Pictures,Paramount Pictures,62000000.0,122012656.0,207500000.0,3.346774193548387,1,0.4119872,78.0,68.0,10.0,29612.0,17.942644943009366,19.150641897635026,10.295934963562988
Police Academy 7: Mission to Moscow,1994-08-26,1994,8,Q3,1990s,Comedy,Contemporary Fiction,PG,Original Screenplay,Warner Bros.,Warner Bros.,10000000.0,126247.0,126247.0,0.0126247,0,0.0,,25.0,,13121.0,16.11809565095832,11.745995584479038,9.481969279105716
There Goes My Baby,1994-09-02,1994,9,Q3,1990s,Comedy,Contemporary Fiction,R,Original Screenplay,Orion Pictures,Other,10500000.0,125169.0,125169.0,0.011920857142857143,0,0.0,,63.0,,507.0,16.166885815127753,11.73742010315538,6.2285110035911835
Rapa Nui,1994-09-11,1994,9,Q3,1990s,Unknown,Unknown,Unknown,Unknown,Unknown,Unknown,20000000.0,305070.0,305070.0,0.0152535,0,0.0,,61.0,,2081.0,16.811242831518264,12.628296537453293,7.640603826393634
Timecop,1994-09-16,1994,9,Q3,1990s,Action,Science Fiction,R,Based on Comic/Graphic Novel,Universal,Universal,28000000.0,44853581.0,102053581.0,3.64477075,1,0.5604898861902748,47.0,55.0,-8.0,16570.0,17.14771506813948,18.441008537246308,9.71534911042061
The Shawshank Redemption,1994-09-23,1994,9,Q3,1990s,Drama,Historical Fiction,R,Based on Book/Short Story,Sony Pictures,Sony Pictures,25000000.0,28241469.0,28241469.0,1.12965876,1,0.0,88.0,92.0,-4.0,519541.0,17.034386382832476,17.156301987650004,13.160701008447662
Exotica,1994-09-23,1994,9,Q3,1990s,Drama,Contemporary Fiction,R,Original Screenplay,Miramax,Miramax,1500000.0,5046118.0,5046118.0,3.364078666666667,1,0.0,96.0,71.0,25.0,8402.0,14.22097566607244,15.434129792769014,9.036225051729327
The River Wild,1994-09-30,1994,9,Q3,1990s,Action,Contemporary Fiction,PG-13,Original Screenplay,Universal,Universal,45000000.0,46815000.0,94215000.0,2.0936666666666666,1,0.5031046011781564,56.0,62.0,-6.0,14285.0,17.622173047734595,18.361089962538728,9.566965314664873
Ed Wood,1994-09-30,1994,9,Q3,1990s,Comedy,Dramatization,R,Based on Book/Short Story,Walt Disney Pictures,Walt Disney Pictures,18000000.0,5828466.0,5828466.0,0.32380366666666666,0,0.0,91.0,81.0,10.0,74171.0,16.70588231586044,15.578264401920189,11.214128517179825
The Specialist,1994-10-07,1994,10,Q4,1990s,Action,Contemporary Fiction,R,Based on Book/Short Story,Warner Bros.,Warner Bros.,45000000.0,57362581.0,57362581.0,1.2747240222222223,1,0.0,4.0,49.0,-45.0,18749.0,17.622173047734595,17.864902749756578,9.83889569664295
Pulp Fiction,1994-10-14,1994,10,Q4,1990s,Drama,Contemporary Fiction,R,Original Screenplay,Miramax,Miramax,8000000.0,107928762.0,212928762.0,26.61609525,1,0.493122671703694,94.0,89.0,5.0,417703.0,15.89495209964411,19.176468217028365,12.942525932647648
Hoop Dreams,1994-10-14,1994,10,Q4,1990s,Documentary,Factual,PG-13,Based on Real Life Events,Fine Line,Other,700000.0,7768371.0,11768371.0,16.811958571428573,1,0.3398941110881022,98.0,80.0,18.0,9492.0,13.458835614025542,16.28092606693914,9.158204617555654
Wes Craven's New Nightmare,1994-10-14,1994,10,Q4,1990s,Horror,Fantasy,R,Original Screenplay,New Line,New Line,8000000.0,18090181.0,18090181.0,2.261272625,1,0.0,81.0,,,,15.89495209964411,16.71087986284934,
Clerks,1994-10-19,1994,10,Q4,1990s,Comedy,Contemporary Fiction,R,Original Screenplay,Miramax,Miramax,27000.0,3073428.0,3073428.0,113.83066666666667,1,0.0,88.0,79.0,9.0,89991.0,10.203592144986466,14.938304108993313,11.40746494431207
Stargate,1994-10-28,1994,10,Q4,1990s,Action,Science Fiction,PG-13,Original Screenplay,MGM,MGM,55000000.0,71565669.0,196565669.0,3.5739212545454544,1,0.6359197953331311,46.0,67.0,-21.0,47174.0,17.822843743196746,19.096507126827643,10.76159817234382
Frankenstein,1994-11-04,1994,11,Q4,1990s,Horror,Unknown,R,Based on Book/Short Story,Sony Pictures,Sony Pictures,45000000.0,22006296.0,112006296.0,2.4890288,1,0.8035262589167309,,62.0,,19913.0,17.622173047734595,18.534065641965118,9.899128063758676
The Santa Clause,1994-11-11,1994,11,Q4,1990s,Comedy,Kids Fiction,PG,Original Screenplay,Walt Disney Pictures,Walt Disney Pictures,22000000.0,144833357.0,189800000.0,8.627272727272727,1,0.2369159272918862,79.0,61.0,18.0,17773.0,16.90655301132259,19.061481444140103,9.785435730759993
Interview with the Vampire: The Vampire Chronicles,1994-11-11,1994,11,Q4,1990s,Horror,Fantasy,R,Based on Book/Short Story,Warner Bros.,Warner Bros.,50000000.0,105264608.0,223564608.0,4.47129216,1,0.5291535232625014,,74.0,,78953.0,17.72753356339242,19.225211004069614,11.27660801769523
LÈon,1994-11-18,1994,11,Q4,1990s,Thriller/Suspense,Contemporary Fiction,R,Original Screenplay,Sony Pictures,Sony Pictures,16000000.0,19284974.0,45284974.0,2.830310875,1,0.5741418776126491,,86.0,,199762.0,16.588099280204055,17.628485835649474,12.204881936917952
Star Trek: Generations,1994-11-18,1994,11,Q4,1990s,Adventure,Science Fiction,PG,Based on TV,Paramount Pictures,Paramount Pictures,38000000.0,75671262.0,120000000.0,3.1578947368421053,1,0.36940615,,65.0,,26465.0,17.45309671769066,18.60300230074632,10.183578384292089
A Low Down Dirty Shame,1994-11-23,1994,11,Q4,1990s,Action,Contemporary Fiction,R,Original Screenplay,Walt Disney Pictures,Walt Disney Pictures,10000000.0,29317886.0,29317886.0,2.9317886,1,0.0,,54.0,,1847.0,16.11809565095832,17.193708331428347,7.52131798019924
Dumb & Dumber,1994-12-16,1994,12,Q4,1990s,Comedy,Contemporary Fiction,PG-13,Original Screenplay,New Line,New Line,16000000.0,127175374.0,246400000.0,15.4,1,0.48386617694805195,,72.0,,88093.0,16.588099280204055,19.32246678962364,11.386148353602957
Little Women,1994-12-21,1994,12,Q4,1990s,Drama,Historical Fiction,PG,Based on Book/Short Story,Sony Pictures,Sony Pictures,15000000.0,50003303.0,50003303.0,3.3335535333333333,1,0.0,89.0,71.0,18.0,16514.0,16.523560759066484,17.727599621210555,9.711963784977375
Ri¢hie Ri¢h,1994-12-21,1994,12,Q4,1990s,Comedy,Contemporary Fiction,PG,Original Screenplay,Warner Bros.,Warner Bros.,40000000.0,38087756.0,38087756.0,0.9521939,0,0.0,25.0,47.0,-22.0,12687.0,17.50439001207821,17.45540342361879,9.448333126140598
Legends of the Fall,1994-12-23,1994,12,Q4,1990s,Drama,Historical Fiction,R,Based on Book/Short Story,Sony Pictures,Sony Pictures,30000000.0,66502573.0,66502573.0,2.2167524333333333,1,0.0,63.0,71.0,-8.0,39815.0,17.216707939626428,18.0127511966069,10.591999004691544
Street Fighter,1994-12-23,1994,12,Q4,1990s,Action,Contemporary Fiction,PG-13,Based on Game,Universal,Universal,35000000.0,33423000.0,99423000.0,2.8406571428571428,1,0.6638303008358227,13.0,33.0,-20.0,25407.0,17.37085861945369,18.41489403319063,10.142780005589708
The Jungle Book,1994-12-25,1994,12,Q4,1990s,Adventure,Historical Fiction,PG,Based on Book/Short Story,Walt Disney Pictures,Walt Disney Pictures,27000000.0,44342956.0,44342956.0,1.6423317037037037,1,0.0,,58.0,,5564.0,17.111347423968603,17.607464426596984,8.624072553043334
Tales from the Crypt: Demon Knight,1995-01-13,1995,1,Q1,1990s,Horror,Fantasy,R,Original Screenplay,Universal,Universal,12000000.0,21089146.0,21089146.0,1.7574288333333334,1,0.0,,64.0,,6430.0,16.300417207752275,16.864269058510384,8.768729817231666
Before Sunrise,1995-01-27,1995,1,Q1,1990s,Drama,Contemporary Fiction,R,Original Screenplay,Sony Pictures,Sony Pictures,2500000.0,5274005.0,5274005.0,2.109602,1,0.0,100.0,80.0,20.0,39705.0,14.73180128983843,15.478300593941944,10.589232403329312
Highlander III: The Sorcerer,1995-01-27,1995,1,Q1,1990s,Action,Fantasy,PG-13,Original Screenplay,Miramax,Miramax,26000000.0,13738574.0,13738574.0,0.5284066923076923,0,0.0,,38.0,,7763.0,17.073607095985757,16.43571805480189,8.95712413640568
The Jerky Boys,1995-02-03,1995,2,Q1,1990s,Comedy,Contemporary Fiction,R,Original Screenplay,Walt Disney Pictures,Walt Disney Pictures,4000000.0,7555256.0,7555256.0,1.888814,1,0.0,10.0,39.0,-29.0,1481.0,15.201804919084164,15.837754037959373,7.300472814267799
The Quick and the Dead,1995-02-10,1995,2,Q1,1990s,Western,Historical Fiction,R,Original Screenplay,Sony Pictures,Sony Pictures,32000000.0,18552460.0,18552460.0,0.579764375,0,0.0,56.0,63.0,-7.0,27352.0,17.281246460764002,16.73611295278044,10.216544931319138
Tank Girl,1995-03-01,1995,3,Q1,1990s,Action,Science Fiction,R,Based on Comic/Graphic Novel,MGM,MGM,25000000.0,4064333.0,4064333.0,0.16257332,0,0.0,42.0,47.0,-5.0,10772.0,17.034386382832476,15.217760203860019,9.28470545393149
Outbreak,1995-03-10,1995,3,Q1,1990s,Thriller/Suspense,Contemporary Fiction,R,Original Screenplay,Warner Bros.,Warner Bros.,50000000.0,67823573.0,67823573.0,1.35647146,1,0.0,59.0,64.0,-5.0,33192.0,17.72753356339242,18.032420376848204,10.410064162012704
Jefferson in Paris,1995-03-31,1995,3,Q1,1990s,Drama,Dramatization,PG-13,Based on Real Life Events,Walt Disney Pictures,Walt Disney Pictures,14000000.0,2461628.0,2461628.0,0.17583057142857142,0,0.0,36.0,56.0,-20.0,1464.0,16.454567887579532,14.71633347764091,7.288927694521257
Bad Boys,1995-04-07,1995,4,Q2,1990s,Action,Contemporary Fiction,R,Original Screenplay,Sony Pictures,Sony Pictures,23000000.0,65647413.0,141247413.0,6.141191869565217,1,0.535231041718265,39.0,66.0,-27.0,53929.0,16.951004773893423,18.766023612778856,10.895423645604193
Rob Roy,1995-04-07,1995,4,Q2,1990s,Drama,Dramatization,R,Based on Real Life Events,MGM,MGM,28000000.0,31390587.0,31390587.0,1.1210923928571428,1,0.0,71.0,68.0,3.0,15630.0,17.14771506813948,17.26201862886629,9.656947423415522
Don Juan DeMarco,1995-04-07,1995,4,Q2,1990s,Drama,Contemporary Fiction,PG-13,Original Screenplay,New Line,New Line,25000000.0,22032635.0,22032635.0,0.8813054,0,0.0,73.0,66.0,7.0,20386.0,17.034386382832476,16.908035321249105,9.922603669728359
Kiss of Death,1995-04-21,1995,4,Q2,1990s,Drama,Contemporary Fiction,R,Remake,20th Century Fox,20th Century Fox,40000000.0,14942422.0,14942422.0,0.37356055,0,0.0,67.0,76.0,-9.0,2374.0,17.50439001207821,16.519714839656885,7.772331575169614
Friday,1995-04-26,1995,4,Q2,1990s,Comedy,Contemporary Fiction,R,Original Screenplay,New Line,New Line,3500000.0,27467564.0,27936778.0,7.981936571428571,1,0.016795566045590512,77.0,70.0,7.0,21623.0,15.068273526459642,17.14545458660367,9.981512841973895
Crimson Tide,1995-05-12,1995,5,Q2,1990s,Action,Contemporary Fiction,R,Original Screenplay,Walt Disney Pictures,Walt Disney Pictures,55000000.0,91387195.0,159387195.0,2.897949,1,0.4266340216351759,86.0,72.0,14.0,33354.0,17.822843743196746,18.886846988596698,10.414932984181524
The Perez Family,1995-05-12,1995,5,Q2,1990s,Comedy,Historical Fiction,R,Based on Book/Short Story,Goldwyn Entertainment,Other,11000000.0,2794056.0,2794056.0,0.2540050909090909,0,0.0,67.0,60.0,7.0,1177.0,16.213405830762646,14.843004861547364,7.0707241072602764
Die Hard: With a Vengeance,1995-05-19,1995,5,Q2,1990s,Action,Contemporary Fiction,R,Based on Book/Short Story,20th Century Fox,20th Century Fox,90000000.0,100012499.0,364480746.0,4.049786066666667,1,0.7256027921979725,,74.0,,87437.0,18.31532022829454,19.713984284972533,11.378673813021223
Braveheart,1995-05-24,1995,5,Q2,1990s,Drama,Dramatization,R,Based on Real Life Events,Paramount Pictures,Paramount Pictures,72000000.0,75545647.0,209000000.0,2.9027777777777777,1,0.6385375741626794,77.0,84.0,-7.0,240642.0,18.09217667698033,19.157844809929085,12.391065630879288
Tales from the Hood,1995-05-24,1995,5,Q2,1990s,Horror,Contemporary Fiction,R,Original Screenplay,Savoy,Other,6000000.0,11784569.0,11784569.0,1.9640948333333332,1,0.0,33.0,58.0,-25.0,1860.0,15.60727002719233,16.28230152177015,7.528331766707247
Casper,1995-05-26,1995,5,Q2,1990s,Comedy,Fantasy,PG,Based on TV,Universal,Universal,55000000.0,100328194.0,282300000.0,5.132727272727273,1,0.6446043428976267,41.0,57.0,-16.0,26121.0,17.822843743196746,19.45848089322372,10.170494867496725
The Bridges of Madison County,1995-06-02,1995,6,Q2,1990s,Drama,Historical Fiction,PG-13,Based on Book/Short Story,Warner Bros.,Warner Bros.,22000000.0,71516617.0,175516617.0,7.978028045454545,1,0.5925364890094709,90.0,72.0,18.0,21923.0,16.90655301132259,18.983244280148654,9.995291593011165
Congo,1995-06-09,1995,6,Q2,1990s,Adventure,Contemporary Fiction,PG-13,Based on Book/Short Story,Paramount Pictures,Paramount Pictures,50000000.0,81022333.0,152022333.0,3.04044666,1,0.4670366425701413,21.0,46.0,-25.0,17954.0,17.72753356339242,18.839537995649323,9.795568210316635
Pocahontas,1995-06-10,1995,6,Q2,1990s,Adventure,Historical Fiction,G,Based on Real Life Events,Walt Disney Pictures,Walt Disney Pictures,55000000.0,141579773.0,347100000.0,6.310909090909091,1,0.5921066753097091,55.0,60.0,-5.0,26690.0,17.822843743196746,19.665123480832015,10.19204424239857
Batman Forever,1995-06-16,1995,6,Q2,1990s,Action,Super Hero,PG-13,Original Screenplay,Warner Bros.,Warner Bros.,100000000.0,184031112.0,336529144.0,3.36529144,1,0.4531495554512806,43.0,54.0,-11.0,76218.0,18.420680743952367,19.634195312511178,11.241352934251516
The Incredibly True Adventure of Two Girls in Love,1995-06-16,1995,6,Q2,1990s,Drama,Contemporary Fiction,R,Original Screenplay,Fine Line,Other,250000.0,2210408.0,2477155.0,9.90862,1,0.10768280547644374,,58.0,,1795.0,12.429216196844383,14.722621282210126,7.492760300922379
Apollo 13,1995-06-30,1995,6,Q2,1990s,Drama,Dramatization,PG,Based on Book/Short Story,Universal,Universal,65000000.0,172070496.0,334100000.0,5.14,1,0.4849730739299611,,75.0,,87605.0,17.98989782785991,19.626950907326986,11.380593352921188
Judge Dredd,1995-06-30,1995,6,Q2,1990s,Action,Science Fiction,R,Based on Comic/Graphic Novel,Walt Disney Pictures,Walt Disney Pictures,85000000.0,34687912.0,113487912.0,1.3351519058823529,1,0.6943470772464295,15.0,49.0,-34.0,30736.0,18.258161814454592,18.547206887011328,10.333189885008338
Clueless,1995-07-01,1995,7,Q3,1990s,Comedy,Contemporary Fiction,PG-13,Based on Book/Short Story,Paramount Pictures,Paramount Pictures,13700000.0,56598476.0,56598476.0,4.131275620437957,1,0.0,83.0,67.0,16.0,39055.0,16.432906390798355,17.851492617015854,10.572726188044397
First Knight,1995-07-07,1995,7,Q3,1990s,Drama,Historical Fiction,PG-13,Traditional/Legend/Fairytale,Sony Pictures,Sony Pictures,75000000.0,37361412.0,127361412.0,1.69815216,1,0.7066504570473826,45.0,56.0,-11.0,20928.0,18.132998671500584,18.662539366682307,9.948843254256925
Species,1995-07-07,1995,7,Q3,1990s,Action,Science Fiction,R,Original Screenplay,MGM,MGM,35000000.0,60054449.0,113354449.0,3.2386985428571426,1,0.4702065112592096,39.0,56.0,-17.0,21917.0,17.37085861945369,18.546030184257823,9.99501787038172
Under Siege 2: Dark Territory,1995-07-14,1995,7,Q3,1990s,Action,Contemporary Fiction,R,Original Screenplay,Warner Bros.,Warner Bros.,60000000.0,50024083.0,104324083.0,1.7387347166666667,1,0.5204934319911539,34.0,51.0,-17.0,15218.0,17.909855120186375,18.463012794563816,9.630234216736469
The Indian in the Cupboard,1995-07-14,1995,7,Q3,1990s,Adventure,Kids Fiction,PG,Based on Book/Short Story,Paramount Pictures,Paramount Pictures,45000000.0,35627222.0,35627222.0,0.7917160444444444,0,0.0,68.0,57.0,11.0,4836.0,17.622173047734595,17.388620566537867,8.483843211734683
Kids,1995-07-21,1995,7,Q3,1990s,Drama,Contemporary Fiction,Not Rated,Original Screenplay,Shining Excalibur,Other,1500000.0,7412216.0,20412216.0,13.608144,1,0.6368735271074929,50.0,67.0,-17.0,26122.0,14.22097566607244,16.831644103120592,10.170533150137466
The Net,1995-07-28,1995,7,Q3,1990s,Thriller/Suspense,Science Fiction,PG-13,Original Screenplay,Sony Pictures,Sony Pictures,22000000.0,50621733.0,110521733.0,5.023715136363636,1,0.5419748530363707,33.0,56.0,-23.0,24363.0,16.90655301132259,18.520722738316387,10.10082086695052
Waterworld,1995-07-28,1995,7,Q3,1990s,Action,Science Fiction,PG-13,Original Screenplay,Universal,Universal,175000000.0,88246220.0,264246220.0,1.5099784,1,0.666045478342131,42.0,57.0,-15.0,54126.0,18.980296531887788,19.392391877976547,10.899069940884694
Babe,1995-08-04,1995,8,Q3,1990s,Adventure,Contemporary Fiction,G,Based on Book/Short Story,Universal,Universal,30000000.0,63658910.0,246100000.0,8.203333333333333,1,0.7413290938642828,98.0,73.0,25.0,35644.0,17.216707939626428,19.321248515361283,10.481336108732611
Virtuosity,1995-08-04,1995,8,Q3,1990s,Action,Science Fiction,R,Original Screenplay,Paramount Pictures,Paramount Pictures,30000000.0,23998226.0,23998226.0,0.7999408666666666,0,0.0,34.0,53.0,-19.0,11079.0,17.216707939626428,16.99349046891358,9.312806703520673
The Brothers McMullen,1995-08-09,1995,8,Q3,1990s,Drama,Contemporary Fiction,R,Original Screenplay,Fox Searchlight,Fox Searchlight,25000.0,10426506.0,10426506.0,417.06024,1,0.0,91.0,64.0,27.0,4365.0,10.126631103850338,16.15986177564739,8.381373468273702
The Usual Suspects,1995-08-16,1995,8,Q3,1990s,Drama,Contemporary Fiction,R,Original Screenplay,Gramercy,Other,6000000.0,23341568.0,23341568.0,3.890261333333333,1,0.0,87.0,87.0,0.0,266890.0,15.60727002719233,16.96574636337164,12.494591867474515
Mortal Kombat,1995-08-18,1995,8,Q3,1990s,Action,Fantasy,PG-13,Based on Game,New Line,New Line,20000000.0,70433227.0,122133227.0,6.10666135,1,0.4233082288082014,35.0,54.0,-19.0,29605.0,16.811242831518264,18.62062303146257,10.295698544965877
The Princess and the Cobbler,1995-08-25,1995,8,Q3,1990s,Adventure,Fantasy,G,Original Screenplay,Miramax,Miramax,24000000.0,669276.0,669276.0,0.0278865,0,0.0,,73.0,,893.0,16.99356438831222,13.413951810086328,6.794586580876499
Desperado,1995-08-25,1995,8,Q3,1990s,Action,Contemporary Fiction,R,Original Screenplay,Sony Pictures,Sony Pictures,7000000.0,25532388.0,25532388.0,3.647484,1,0.0,61.0,70.0,-9.0,51515.0,15.761420707019587,17.05545832185863,10.849628306379168
Se7en,1995-09-22,1995,9,Q3,1990s,Thriller/Suspense,Contemporary Fiction,R,Original Screenplay,New Line,New Line,30000000.0,100125643.0,328125643.0,10.937521433333334,1,0.6948557812045186,,87.0,,278918.0,17.216707939626428,19.60890715092729,12.538673110794395
Showgirls,1995-09-22,1995,9,Q3,1990s,Drama,Contemporary Fiction,Not Rated,Original Screenplay,MGM,MGM,40000000.0,20254932.0,20254932.0,0.5063733,0,0.0,12.0,41.0,-29.0,27004.0,17.50439001207821,16.823908877417537,10.20374028216176
To Die For,1995-09-27,1995,9,Q3,1990s,Black Comedy,Contemporary Fiction,R,Based on Book/Short Story,Sony Pictures,Sony Pictures,20000000.0,21284514.0,27688744.0,1.3844372,1,0.2312936260308521,87.0,68.0,19.0,18459.0,16.811242831518264,17.136536534782877,9.8233073354086
Halloween:  The Curse of Michael Myers,1995-09-29,1995,9,Q3,1990s,Horror,Contemporary Fiction,R,Unknown,Miramax,Miramax,5000000.0,15126948.0,15126948.0,3.0253896,1,0.0,,44.0,,8576.0,15.424948470398375,16.53198834697645,9.056722883310583
Assassins,1995-10-06,1995,10,Q4,1990s,Action,Contemporary Fiction,R,Original Screenplay,Warner Bros.,Warner Bros.,50000000.0,30306268.0,83306268.0,1.66612536,1,0.6362066297340315,9.0,59.0,-50.0,23370.0,17.72753356339242,18.238034350404664,10.059208427532903
The Scarlet Letter,1995-10-13,1995,10,Q4,1990s,Drama,Historical Fiction,R,Based on Book/Short Story,Walt Disney Pictures,Walt Disney Pictures,50000000.0,10359006.0,10359006.0,0.20718012,0,0.0,15.0,46.0,-31.0,6155.0,17.72753356339242,16.15336684424656,8.725020038618554
Jade,1995-10-13,1995,10,Q4,1990s,Thriller/Suspense,Contemporary Fiction,R,Original Screenplay,Paramount Pictures,Paramount Pictures,50000000.0,9812870.0,9812870.0,0.1962574,0,0.0,16.0,48.0,-32.0,5279.0,17.72753356339242,16.09920534736828,8.571491964823617
Mallrats,1995-10-20,1995,10,Q4,1990s,Comedy,Contemporary Fiction,R,Original Screenplay,Gramercy,Other,6100000.0,2108367.0,2108367.0,0.3456339344262295,0,0.0,53.0,71.0,-18.0,52807.0,15.623799329143539,14.561424272161702,10.87439903666454
Get Shorty,1995-10-20,1995,10,Q4,1990s,Comedy,Contemporary Fiction,R,Based on Book/Short Story,MGM,MGM,30250000.0,72021008.0,115021008.0,3.8023473719008263,1,0.37384475016946467,86.0,69.0,17.0,33364.0,17.225006742441124,18.56062534790475,10.415232753361503
Copycat,1995-10-27,1995,10,Q4,1990s,Thriller/Suspense,Contemporary Fiction,R,Original Screenplay,Warner Bros.,Warner Bros.,20000000.0,32051917.0,32051917.0,1.60259585,1,0.0,75.0,65.0,10.0,17182.0,16.811242831518264,17.28286755233475,9.751617603198001
Vampire in Brooklyn,1995-10-27,1995,10,Q4,1990s,Horror,Fantasy,R,Original Screenplay,Paramount Pictures,Paramount Pictures,14000000.0,19637147.0,19637147.0,1.4026533571428572,1,0.0,11.0,43.0,-32.0,8200.0,16.454567887579532,16.79293358557286,9.011889433252344
Leaving Las Vegas,1995-10-27,1995,10,Q4,1990s,Drama,Contemporary Fiction,R,Based on Book/Short Story,MGM,MGM,4000000.0,31983777.0,49800000.0,12.45,1,0.35775548192771084,89.0,76.0,13.0,42131.0,15.201804919084164,17.72352554199488,10.648539090746434
Fair Game,1995-11-03,1995,11,Q4,1990s,Action,Contemporary Fiction,R,Based on Book/Short Story,Warner Bros.,Warner Bros.,50000000.0,11497497.0,11497497.0,0.22994994,0,0.0,13.0,66.0,-53.0,194.0,17.72753356339242,16.257639917469895,5.267858159063328
Ace Ventura: When Nature Calls,1995-11-10,1995,11,Q4,1990s,Comedy,Contemporary Fiction,PG-13,Original Screenplay,Warner Bros.,Warner Bros.,30000000.0,108360063.0,212400000.0,7.08,1,0.4898302118644068,,56.0,,51275.0,17.216707939626428,19.17398184733206,10.844958582940581
Goldeneye,1995-11-17,1995,11,Q4,1990s,Action,Contemporary Fiction,PG-13,Based on Book/Short Story,MGM,MGM,60000000.0,106429941.0,356429941.0,5.940499016666666,1,0.7014001104918399,80.0,72.0,8.0,69199.0,17.909855120186375,19.69164825957217,11.144741690634294
The American President,1995-11-17,1995,11,Q4,1990s,Romantic Comedy,Contemporary Fiction,PG-13,Original Screenplay,Sony Pictures,Sony Pictures,62000000.0,60022813.0,107822813.0,1.739077629032258,1,0.4433199122712556,90.0,68.0,22.0,22780.0,17.942644943009366,18.495999817426725,10.033638237001172
Money Train,1995-11-22,1995,11,Q4,1990s,Action,Contemporary Fiction,R,Original Screenplay,Sony Pictures,Sony Pictures,68000000.0,35324232.0,77224232.0,1.1356504705882353,1,0.542575807034248,17.0,52.0,-35.0,13972.0,18.03501826314038,18.16222385175346,9.544810605926722
Casino,1995-11-22,1995,11,Q4,1990s,Drama,Historical Fiction,R,Based on Book/Short Story,Universal,Universal,52000000.0,42438300.0,110400000.0,2.123076923076923,1,0.6155951086956521,81.0,81.0,0.0,108634.0,17.7667542765457,18.51962069180727,11.595739712990508
Toy Story,1995-11-22,1995,11,Q4,1990s,Adventure,Kids Fiction,G,Original Screenplay,Walt Disney Pictures,Walt Disney Pictures,30000000.0,191796233.0,361948825.0,12.064960833333334,1,0.47010124152219585,100.0,82.0,18.0,151143.0,17.216707939626428,19.707013392393417,11.925981687524207
Things to Do in Denver when You're Dead,1995-12-01,1995,12,Q4,1990s,Black Comedy,Contemporary Fiction,R,Original Screenplay,Miramax,Miramax,15000000.0,529766.0,529766.0,0.03531773333333333,0,0.0,33.0,66.0,-33.0,12789.0,16.523560759066484,13.180190678600354,9.45634070543332
Sense and Sensibility,1995-12-11,1995,12,Q4,1990s,Drama,Historical Fiction,PG,Based on Book/Short Story,Sony Pictures,Sony Pictures,16500000.0,42993774.0,134993774.0,8.181440848484849,1,0.6815129118473271,98.0,77.0,21.0,31279.0,16.61887093887081,18.720739216820693,10.350702224838756
Othello,1995-12-14,1995,12,Q4,1990s,Drama,Historical Fiction,R,Based on Play,Sony Pictures,Sony Pictures,11000000.0,2844379.0,2844379.0,0.2585799090909091,0,0.0,68.0,69.0,-1.0,4289.0,16.213405830762646,14.860855324036388,8.36380888451688
Sabrina,1995-12-15,1995,12,Q4,1990s,Romantic Comedy,Contemporary Fiction,PG,Remake,Paramount Pictures,Paramount Pictures,58000000.0,53458319.0,87100000.0,1.5017241379310344,1,0.3862420321469575,61.0,60.0,1.0,15749.0,17.875953568510692,18.28256744182273,9.664532150174582
Jumanji,1995-12-15,1995,12,Q4,1990s,Adventure,Fantasy,PG,Based on Book/Short Story,Sony Pictures,Sony Pictures,65000000.0,100458310.0,262758310.0,4.042435538461539,1,0.6176778957057533,48.0,64.0,-16.0,54973.0,17.98989782785991,19.386745194243094,10.914597434588382
Men of War,1995-12-19,1995,12,Q4,1990s,Unknown,Unknown,Unknown,Unknown,Unknown,Unknown,6000000.0,0.0,0.0,0.0,0,,,52.0,,1435.0,15.60727002719233,,7.268920128193722
Nixon,1995-12-20,1995,12,Q4,1990s,Drama,Dramatization,R,Based on Real Life Events,Walt Disney Pictures,Walt Disney Pictures,45000000.0,13668249.0,34668249.0,0.7704055333333333,0,0.6057415821606681,75.0,71.0,4.0,13761.0,17.622173047734595,17.36133481162664,9.529593783265282
Cutthroat Island,1995-12-22,1995,12,Q4,1990s,Adventure,Historical Fiction,PG-13,Original Screenplay,MGM,MGM,92000000.0,10017322.0,10017322.0,0.1088839347826087,0,0.0,45.0,53.0,-8.0,10346.0,18.337299135013314,16.11982635243015,9.24435525056346
Four Rooms,1995-12-25,1995,12,Q4,1990s,Comedy,Contemporary Fiction,R,Original Screenplay,Miramax,Miramax,4000000.0,4301000.0,4301000.0,1.07525,1,0.0,14.0,64.0,-50.0,34328.0,15.201804919084164,15.274358111765874,10.44371662667136
Twelve Monkeys,1995-12-27,1995,12,Q4,1990s,Drama,Science Fiction,R,Based on Short Film,Universal,Universal,29000000.0,57141459.0,168841459.0,5.822119275862069,1,0.6615673701327113,,81.0,,169858.0,17.182806387950748,18.94447072015846,12.042718072862233
Restoration,1995-12-29,1995,12,Q4,1990s,Drama,Historical Fiction,R,Based on Book/Short Story,Miramax,Miramax,18000000.0,4100000.0,4100000.0,0.22777777777777777,0,0.0,,65.0,,4024.0,16.70588231586044,15.226497531674536,8.300031711779575
Dead Man Walking,1995-12-29,1995,12,Q4,1990s,Drama,Dramatization,R,Based on Real Life Events,Gramercy,Other,11000000.0,39387284.0,83088295.0,7.553481363636363,1,0.5259586924969396,94.0,76.0,18.0,32159.0,16.213405830762646,18.235414395512468,10.378447628282094
Richard III,1995-12-29,1995,12,Q4,1990s,Drama,Historical Fiction,R,Based on Play,MGM,MGM,9200000.0,2684904.0,4204857.0,0.45704967391304346,0,0.36147555077378374,95.0,75.0,20.0,6625.0,16.034714042019267,15.251750843676566,8.798605650854423
Eye for an Eye,1996-01-12,1996,1,Q1,1990s,Drama,Contemporary Fiction,R,Based on Book/Short Story,Paramount Pictures,Paramount Pictures,20000000.0,26792700.0,26792700.0,1.339635,1,0.0,,57.0,,4837.0,16.811242831518264,17.10364002031702,8.484049972822984
From Dusk Till Dawn,1996-01-19,1996,1,Q1,1990s,Horror,Fantasy,R,Original Screenplay,Miramax/Dimension,Other,20000000.0,25728961.0,25728961.0,1.28644805,1,0.0,63.0,71.0,-8.0,80234.0,16.811242831518264,17.063127802564246,11.292702644166996
White Squall,1996-02-02,1996,2,Q1,1990s,Adventure,Dramatization,PG-13,Based on Real Life Events,Walt Disney Pictures,Walt Disney Pictures,38000000.0,10229300.0,10229300.0,0.2691921052631579,0,0.0,63.0,64.0,-1.0,8385.0,17.45309671769066,16.140766709389172,9.034199674257309
The Juror,1996-02-02,1996,2,Q1,1990s,Thriller/Suspense,Contemporary Fiction,R,Based on Book/Short Story,Sony Pictures,Sony Pictures,44000000.0,22730924.0,22730924.0,0.516611909090909,0,0.0,16.0,53.0,-37.0,6482.0,17.599700191882537,16.939236846124356,8.776784383701493
Broken Arrow,1996-02-09,1996,2,Q1,1990s,Action,Contemporary Fiction,R,Original Screenplay,20th Century Fox,20th Century Fox,65000000.0,70645997.0,148345997.0,2.2822461076923077,1,0.5237755084149659,55.0,58.0,-3.0,33584.0,17.98989782785991,18.81505792085204,10.421805042060415
City Hall,1996-02-16,1996,2,Q1,1990s,Drama,Contemporary Fiction,R,Original Screenplay,Sony Pictures,Sony Pictures,40000000.0,20278055.0,20278055.0,0.506951375,0,0.0,55.0,61.0,-6.0,9908.0,17.50439001207821,16.825049824790028,9.20109779060925
Happy Gilmore,1996-02-16,1996,2,Q1,1990s,Comedy,Contemporary Fiction,PG-13,Original Screenplay,Universal,Universal,10000000.0,38623460.0,38623460.0,3.862346,1,0.0,58.0,69.0,-11.0,54111.0,16.11809565095832,17.46937042183717,10.898792771338309
Bottle Rocket,1996-02-21,1996,2,Q1,1990s,Adventure,Unknown,R,Based on Short Film,Sony Pictures,Sony Pictures,5000000.0,407488.0,407488.0,0.0814976,0,0.0,79.0,72.0,7.0,21980.0,15.424948470398375,12.917766763376697,9.997888227957612
Unforgettable,1996-02-23,1996,2,Q1,1990s,Thriller/Suspense,Science Fiction,R,Original Screenplay,MGM,MGM,18000000.0,2483790.0,2483790.0,0.13798833333333332,0,0.0,23.0,57.0,-34.0,2284.0,16.70588231586044,14.725296177398908,7.7336835707759
Rumble in the Bronx,1996-02-23,1996,2,Q1,1990s,Action,Contemporary Fiction,R,Original Screenplay,New Line,New Line,7500000.0,32281907.0,36238752.0,4.8318336,1,0.10918822480420959,,,,,15.830413578506539,17.40563960145999,
Mary Reilly,1996-02-23,1996,2,Q1,1990s,Drama,Historical Fiction,R,Based on Book/Short Story,Sony Pictures,Sony Pictures,47000000.0,5707094.0,6370115.0,0.13553436170212765,0,0.10408305030599918,27.0,55.0,-28.0,6864.0,17.665658159674333,15.667128080760582,8.834045641167798
Fargo,1996-03-08,1996,3,Q1,1990s,Thriller/Suspense,Contemporary Fiction,R,Based on Real Life Events,Gramercy,Other,7000000.0,24567751.0,51204567.0,7.314938142857143,1,0.5202039107175733,94.0,83.0,11.0,165159.0,15.761420707019587,17.751339285250474,12.014663925246895
Executive Decision,1996-03-15,1996,3,Q1,1990s,Thriller/Suspense,Contemporary Fiction,R,Original Screenplay,Warner Bros.,Warner Bros.,55000000.0,56679192.0,122079192.0,2.2196216727272726,1,0.5357178314220822,65.0,63.0,2.0,18569.0,17.822843743196746,18.620180506867772,9.829248802600596
Girl 6,1996-03-22,1996,3,Q1,1990s,Comedy,Contemporary Fiction,R,Original Screenplay,Fox Searchlight,Fox Searchlight,12000000.0,4880941.0,4880941.0,0.4067450833333333,0,0.0,34.0,49.0,-15.0,3348.0,16.300417207752275,15.400848587109278,8.116118431609365
Flirting with Disaster,1996-03-22,1996,3,Q1,1990s,Comedy,Contemporary Fiction,R,Original Screenplay,Miramax,Miramax,7000000.0,14853474.0,14853474.0,2.121924857142857,1,0.0,86.0,67.0,19.0,8474.0,15.761420707019587,16.51374433524737,9.044757931186505
Sgt. Bilko,1996-03-29,1996,3,Q1,1990s,Comedy,Contemporary Fiction,PG,Based on TV,Universal,Universal,39000000.0,30356589.0,37956589.0,0.9732458717948718,0,0.20022874025903645,33.0,52.0,-19.0,9693.0,17.47907220409392,17.451953669923558,9.179159254492609
Bang,1996-04-01,1996,4,Q2,1990s,Thriller/Suspense,Contemporary Fiction,Unknown,Original Screenplay,JeTi Films,Other,10000.0,527.0,527.0,0.0527,0,0.0,,63.0,,369.0,9.210340371976184,6.267200548541362,5.910796644040527
Faithful,1996-04-05,1996,4,Q2,1990s,Black Comedy,Contemporary Fiction,R,Based on Play,New Line,New Line,13000000.0,2104439.0,2104439.0,0.1618799230769231,0,0.0,7.0,57.0,-50.0,989.0,16.38045991542581,14.559559481265428,6.8966943316227125
Le hussard sur le toit,1996-04-19,1996,4,Q2,1990s,Drama,Historical Fiction,R,Based on Book/Short Story,Miramax,Miramax,35000000.0,1320043.0,1320043.0,0.037715514285714284,0,0.0,,69.0,,3083.0,17.37085861945369,14.09317486978955,8.03365842788615
Mrs. Winterbourne,1996-04-19,1996,4,Q2,1990s,Romantic Comedy,Contemporary Fiction,PG-13,Based on Book/Short Story,Sony Pictures,Sony Pictures,25000000.0,10039566.0,10039566.0,0.40158264,0,0.0,7.0,58.0,-51.0,2987.0,17.034386382832476,16.122044444201904,8.00202481821611
The Pallbearer,1996-05-03,1996,5,Q2,1990s,Romantic Comedy,Contemporary Fiction,PG-13,Original Screenplay,Miramax,Miramax,8000000.0,5656388.0,5656388.0,0.7070485,0,0.0,39.0,47.0,-8.0,4166.0,15.89495209964411,15.548296083922807,8.334711621820917
The Craft,1996-05-03,1996,5,Q2,1990s,Thriller/Suspense,Fantasy,R,Original Screenplay,Sony Pictures,Sony Pictures,15000000.0,24769466.0,55669466.0,3.7112977333333332,1,0.5550619077251433,45.0,59.0,-14.0,21130.0,16.523560759066484,17.834942367873698,9.958449110610102
Twister,1996-05-10,1996,5,Q2,1990s,Action,Contemporary Fiction,PG-13,Based on Book/Short Story,Warner Bros.,Warner Bros.,88000000.0,241888385.0,495900000.0,5.635227272727272,1,0.5122234623916112,57.0,60.0,-3.0,61665.0,18.29284737244248,20.02188485145936,11.02947178800009
Welcome to the Dollhouse,1996-05-10,1996,5,Q2,1990s,Comedy,Contemporary Fiction,R,Original Screenplay,Sony Pictures Classics,Sony Pictures Classics,800000.0,4198137.0,4726732.0,5.908415,1,0.11183096481882197,,73.0,,13469.0,13.592367006650065,15.368744612589527,9.508146027598816
Mission: Impossible,1996-05-21,1996,5,Q2,1990s,Action,Contemporary Fiction,PG-13,Based on TV,Paramount Pictures,Paramount Pictures,80000000.0,180981886.0,456481886.0,5.706023575,1,0.6035288769377368,,69.0,,86222.0,18.197537192638155,19.939059577036772,11.364680644506228
Spy Hard,1996-05-24,1996,5,Q2,1990s,Comedy,Contemporary Fiction,PG-13,Original Screenplay,Walt Disney Pictures,Walt Disney Pictures,18000000.0,26936265.0,26936265.0,1.4964591666666667,1,0.0,7.0,47.0,-40.0,12682.0,16.70588231586044,17.10898407790949,9.447938944259977
Dragonheart,1996-05-31,1996,5,Q2,1990s,Adventure,Fantasy,PG-13,Original Screenplay,Universal,Universal,57000000.0,51364680.0,104364680.0,1.830959298245614,1,0.5078346429079263,50.0,62.0,-12.0,26309.0,17.858561825798823,18.463401861995415,10.177666364950163
The Rock,1996-06-07,1996,6,Q2,1990s,Action,Contemporary Fiction,R,Original Screenplay,Walt Disney Pictures,Walt Disney Pictures,75000000.0,134069511.0,336069511.0,4.480926813333333,1,0.6010661288461838,66.0,72.0,-6.0,108324.0,18.132998671500584,19.63282857450737,11.592882015086156
The Phantom,1996-06-07,1996,6,Q2,1990s,Action,Super Hero,PG,Based on Comic/Graphic Novel,Paramount Pictures,Paramount Pictures,45000000.0,17220599.0,17220599.0,0.3826799777777778,0,0.0,43.0,48.0,-5.0,9477.0,17.622173047734595,16.661616841492435,9.156623089470195
The Cable Guy,1996-06-14,1996,6,Q2,1990s,Comedy,Contemporary Fiction,PG-13,Original Screenplay,Sony Pictures,Sony Pictures,47000000.0,60240295.0,102825796.0,2.187782893617021,1,0.4141519215664521,52.0,58.0,-6.0,51109.0,17.665658159674333,18.448546813358845,10.841715885928185
Lone Star,1996-06-21,1996,6,Q2,1990s,Drama,Contemporary Fiction,R,Original Screenplay,Sony Pictures Classics,Sony Pictures Classics,5000000.0,12961389.0,12961389.0,2.5922778,1,0.0,92.0,76.0,16.0,14599.0,15.424948470398375,16.377485419071398,9.58870831219998
The Hunchback of Notre Dame,1996-06-21,1996,6,Q2,1990s,Adventure,Historical Fiction,G,Based on Book/Short Story,Walt Disney Pictures,Walt Disney Pictures,100000000.0,100138851.0,325500000.0,3.255,1,0.6923537603686636,73.0,65.0,8.0,19479.0,18.420680743952367,19.600873019612898,9.877092241176596
Eraser,1996-06-21,1996,6,Q2,1990s,Action,Contemporary Fiction,R,Original Screenplay,Warner Bros.,Warner Bros.,100000000.0,101295562.0,234400000.0,2.344,1,0.5678516979522185,34.0,59.0,-25.0,37287.0,18.420680743952367,19.27253961566713,10.526400019413622
Silent Trigger,1996-06-26,1996,6,Q2,1990s,Unknown,Unknown,Unknown,Unknown,Unknown,Unknown,15000000.0,76382.0,76382.0,0.005092133333333334,0,0.0,,52.0,,1364.0,16.523560759066484,11.243502345301838,7.218176838403408
The Nutty Professor,1996-06-28,1996,6,Q2,1990s,Comedy,Kids Fiction,PG-13,Remake,Universal,Universal,55000000.0,128814019.0,273814019.0,4.978436709090909,1,0.5295565235467363,67.0,56.0,11.0,32234.0,17.822843743196746,19.427959671114877,10.380777075082664
Striptease,1996-06-28,1996,6,Q2,1990s,Comedy,Contemporary Fiction,R,Based on Book/Short Story,Sony Pictures,Sony Pictures,50000000.0,32773011.0,32773011.0,0.65546022,0,0.0,12.0,39.0,-27.0,18012.0,17.72753356339242,17.30511589927368,9.798793481421463
Independence Day,1996-07-02,1996,7,Q3,1990s,Adventure,Science Fiction,PG-13,Original Screenplay,20th Century Fox,20th Century Fox,75000000.0,306169255.0,817400878.0,10.898678373333333,1,0.625435617650511,61.0,65.0,-4.0,149493.0,18.132998671500584,20.52164020323138,11.915004847974185
Phenomenon,1996-07-05,1996,7,Q3,1990s,Drama,Contemporary Fiction,PG,Original Screenplay,Walt Disney Pictures,Walt Disney Pictures,32000000.0,104636382.0,142836382.0,4.4636369375,1,0.26743886582061427,50.0,63.0,-13.0,26823.0,17.281246460764002,18.77721035133025,10.197015007403428
Harriet the Spy,1996-07-10,1996,7,Q3,1990s,Adventure,Kids Fiction,PG,Based on Book/Short Story,Paramount Pictures,Paramount Pictures,13000000.0,26570048.0,26570048.0,2.0438498461538464,1,0.0,45.0,58.0,-13.0,2963.0,16.38045991542581,17.095295124283105,7.993957547573565
Les Visiteurs,1996-07-12,1996,7,Q3,1990s,Comedy,Fantasy,R,Original Screenplay,Miramax,Miramax,7000000.0,659000.0,98754000.0,14.107714285714286,1,0.9933268525831865,,67.0,,7393.0,15.761420707019587,18.40814246725426,8.9082888855571
Courage Under Fire,1996-07-12,1996,7,Q3,1990s,Drama,Historical Fiction,R,Original Screenplay,20th Century Fox,20th Century Fox,46000000.0,59003384.0,100833145.0,2.1920248913043476,1,0.41484137978637875,85.0,66.0,19.0,19682.0,17.64415195445337,18.42897767899672,9.88745979145893
Walking and Talking,1996-07-17,1996,7,Q3,1990s,Romantic Comedy,Contemporary Fiction,R,Original Screenplay,Miramax,Miramax,1000000.0,1287480.0,1615787.0,1.615787,1,0.20318705373913765,86.0,65.0,21.0,1756.0,13.815510557964274,14.295332702445188,7.470793774195062
Multiplicity,1996-07-17,1996,7,Q3,1990s,Comedy,Science Fiction,PG-13,Based on Book/Short Story,Sony Pictures,Sony Pictures,45000000.0,20133326.0,20133326.0,0.44740724444444446,0,0.0,44.0,57.0,-13.0,11935.0,17.622173047734595,16.817887009998458,9.387230538772931
Trainspotting,1996-07-19,1996,7,Q3,1990s,Drama,Contemporary Fiction,R,Based on Book/Short Story,Miramax,Miramax,3100000.0,16501785.0,24000785.0,7.74218870967742,1,0.31244811367628184,89.0,82.0,7.0,150483.0,14.946912669455374,16.993597096110648,11.921605399980335
Fled,1996-07-19,1996,7,Q3,1990s,Action,Contemporary Fiction,R,Original Screenplay,MGM,MGM,30000000.0,17192205.0,19892205.0,0.6630735,0,0.13573155917104213,14.0,49.0,-35.0,4215.0,17.216707939626428,16.805838504414176,8.346404870435956
A Time to Kill,1996-07-24,1996,7,Q3,1990s,Drama,Contemporary Fiction,R,Based on Book/Short Story,Warner Bros.,Warner Bros.,40000000.0,108766007.0,152266007.0,3.806650175,1,0.28568424993242253,68.0,71.0,-3.0,38577.0,17.50439001207821,18.841139595316847,10.560411522938548
The Adventures of Pinocchio,1996-07-26,1996,7,Q3,1990s,Adventure,Fantasy,G,Based on Book/Short Story,New Line,New Line,25000000.0,15382170.0,36682170.0,1.4672868,1,0.5806635757917266,27.0,53.0,-26.0,1734.0,17.034386382832476,17.41780136390798,7.458186157340487
Kingpin,1996-07-26,1996,7,Q3,1990s,Comedy,Contemporary Fiction,R,Original Screenplay,MGM,MGM,25000000.0,25023424.0,32223424.0,1.28893696,1,0.2234399423227029,51.0,67.0,-16.0,28404.0,17.034386382832476,17.2882041994648,10.254285259301984
Stonewall,1996-07-26,1996,7,Q3,1990s,Drama,Dramatization,R,Based on Real Life Events,Strand,Other,2000000.0,304602.0,304602.0,0.152301,0,0.0,,70.0,,741.0,14.508657738524219,12.626761285409824,6.608000625296087
Chain Reaction,1996-08-02,1996,8,Q3,1990s,Action,Contemporary Fiction,PG-13,Original Screenplay,20th Century Fox,20th Century Fox,55000000.0,21226204.0,60209334.0,1.0947151636363637,1,0.6474599104517582,13.0,52.0,-39.0,15817.0,17.822843743196746,17.913337948093954,9.668840589963489
Emma,1996-08-02,1996,8,Q3,1990s,Romantic Comedy,Historical Fiction,PG,Based on Book/Short Story,Miramax,Miramax,5900000.0,22231658.0,37831658.0,6.412145423728814,1,0.4123530615549548,,68.0,,13798.0,15.590462908875947,17.448656823298823,9.532278933106054
Basquiat,1996-08-09,1996,8,Q3,1990s,Drama,Dramatization,R,Based on Real Life Events,Miramax,Miramax,3000000.0,2962051.0,2962051.0,0.9873503333333333,0,0.0,69.0,67.0,2.0,7935.0,14.914122846632385,14.901392491757532,8.97903863296051
Jack,1996-08-09,1996,8,Q3,1990s,Drama,Contemporary Fiction,PG-13,Original Screenplay,Walt Disney Pictures,Walt Disney Pictures,45000000.0,58617334.0,58617334.0,1.3026074222222221,1,0.0,17.0,53.0,-36.0,17267.0,17.622173047734595,17.886541012854224,9.75655244441243
Escape from L.A.,1996-08-09,1996,8,Q3,1990s,Action,Science Fiction,R,Original Screenplay,Paramount Pictures,Paramount Pictures,50000000.0,25426861.0,25426861.0,0.50853722,0,0.0,56.0,53.0,3.0,23262.0,17.72753356339242,17.051316692893774,10.054576406898985
The Fan,1996-08-16,1996,8,Q3,1990s,Thriller/Suspense,Contemporary Fiction,R,Based on Book/Short Story,Sony Pictures,Sony Pictures,55000000.0,18582965.0,18582965.0,0.3378720909090909,0,0.0,40.0,56.0,-16.0,20640.0,17.822843743196746,16.737755858812157,9.9349862195955
Tin Cup,1996-08-16,1996,8,Q3,1990s,Romantic Comedy,Contemporary Fiction,R,Original Screenplay,Warner Bros.,Warner Bros.,45000000.0,53854588.0,75854588.0,1.6856575111111112,1,0.2900286005112835,69.0,61.0,8.0,17274.0,17.622173047734595,18.14432874973438,9.756957759840232
Kansas City,1996-08-16,1996,8,Q3,1990s,Drama,Historical Fiction,R,Original Screenplay,New Line,New Line,19000000.0,1353824.0,1353824.0,0.0712538947368421,0,0.0,58.0,60.0,-2.0,2397.0,16.759949537130716,14.118443738776595,7.781973234434385
She's the One,1996-08-23,1996,8,Q3,1990s,Romantic Comedy,Contemporary Fiction,R,Original Screenplay,Fox Searchlight,Fox Searchlight,3500000.0,9482579.0,13795053.0,3.941443714285714,1,0.3126101798956481,60.0,60.0,0.0,8159.0,15.068273526459642,16.439820607597873,9.0068768914288
The Island of Dr. Moreau,1996-08-23,1996,8,Q3,1990s,Adventure,Science Fiction,PG-13,Based on Book/Short Story,New Line,New Line,40000000.0,27682712.0,27682712.0,0.6920678,0,0.0,23.0,41.0,-18.0,13770.0,17.50439001207821,17.136318660792934,9.5302475917227
Bogus,1996-09-06,1996,9,Q3,1990s,Comedy,Fantasy,PG,Original Screenplay,Warner Bros.,Warner Bros.,32000000.0,4357406.0,4357406.0,0.1361689375,0,0.0,40.0,48.0,-8.0,2742.0,17.281246460764002,15.28738748414134,7.91644286012226
Maximum Risk,1996-09-13,1996,9,Q3,1990s,Action,Contemporary Fiction,R,Original Screenplay,Sony Pictures,Sony Pictures,25000000.0,14102929.0,51702929.0,2.06811716,1,0.7272315268637876,29.0,49.0,-20.0,7064.0,17.034386382832476,17.76102499164565,8.862766742283796
Last Man Standing,1996-09-20,1996,9,Q3,1990s,Action,Historical Fiction,R,Original Screenplay,New Line,New Line,67000000.0,18115927.0,18115927.0,0.2703869701492537,0,0.0,,,,,18.02020317735524,16.712302054063016,
The First Wives Club,1996-09-20,1996,9,Q3,1990s,Comedy,Contemporary Fiction,PG,Based on Book/Short Story,Paramount Pictures,Paramount Pictures,30000000.0,105489203.0,181489203.0,6.0496401,1,0.41875769326068396,41.0,56.0,-15.0,14682.0,17.216707939626428,19.016706722296416,9.594377532670727
When The Cat's Away,1996-09-20,1996,9,Q3,1990s,Comedy,Contemporary Fiction,R,Original Screenplay,Sony Pictures Classics,Sony Pictures Classics,300000.0,1652472.0,2525984.0,8.419946666666666,1,0.3458105831232502,,,,,12.611537753638338,14.742141247747414,
Extreme Measures,1996-09-27,1996,9,Q3,1990s,Drama,Contemporary Fiction,R,Based on Book/Short Story,Sony Pictures,Sony Pictures,38000000.0,17378193.0,17378193.0,0.45732086842105263,0,0.0,55.0,59.0,-4.0,8038.0,17.45309671769066,16.670726702315704,8.991935575009146
Secrets & Lies,1996-09-28,1996,9,Q3,1990s,Drama,Contemporary Fiction,R,Original Screenplay,October Films,Other,4500000.0,13417292.0,13417292.0,2.9816204444444443,1,0.0,94.0,79.0,15.0,14364.0,15.319587954740548,16.41205488077024,9.572480355345974
The Glimmer Man,1996-10-04,1996,10,Q4,1990s,Action,Contemporary Fiction,R,Original Screenplay,Warner Bros.,Warner Bros.,45000000.0,20404841.0,36404841.0,0.8089964666666667,0,0.4395019882108536,13.0,49.0,-36.0,7230.0,17.622173047734595,17.41021231826948,8.88599431515281
Bound,1996-10-04,1996,10,Q4,1990s,Thriller/Suspense,Contemporary Fiction,R,Original Screenplay,Gramercy,Other,4500000.0,3802260.0,6300000.0,1.4,1,0.3964666666666667,88.0,74.0,14.0,23564.0,15.319587954740548,15.65606019136176,10.067475402641579
Crash,1996-10-04,1996,10,Q4,1990s,Drama,Contemporary Fiction,R,Based on Book/Short Story,Fine Line,Other,10000000.0,3357324.0,3357324.0,0.3357324,0,0.0,65.0,61.0,4.0,20886.0,16.11809565095832,15.026654786050232,9.946834357039494
That Thing You Do!,1996-10-04,1996,10,Q4,1990s,Drama,Historical Fiction,PG,Original Screenplay,20th Century Fox,20th Century Fox,2500000.0,25857416.0,31748615.0,12.699446,1,0.18555766920856231,92.0,67.0,25.0,25916.0,14.73180128983843,17.273359660304262,10.162615817569847
The Ghost and the Darkness,1996-10-11,1996,10,Q4,1990s,Action,Dramatization,R,Based on Real Life Events,Paramount Pictures,Paramount Pictures,55000000.0,38564422.0,38564422.0,0.7011713090909091,0,0.0,51.0,66.0,-15.0,19735.0,17.822843743196746,17.467840699554788,9.890148988096948
The Long Kiss Goodnight,1996-10-11,1996,10,Q4,1990s,Action,Contemporary Fiction,R,Original Screenplay,New Line,New Line,65000000.0,33447612.0,33447612.0,0.5145786461538462,0,0.0,69.0,66.0,3.0,28257.0,17.98989782785991,17.325490951855585,10.249096493490926
Michael Collins,1996-10-11,1996,10,Q4,1990s,Drama,Dramatization,R,Based on Real Life Events,Warner Bros.,Warner Bros.,25000000.0,11092559.0,27572844.0,1.10291376,1,0.5976998600507079,77.0,69.0,8.0,11805.0,17.034386382832476,17.132341933283723,9.376278449519614
Get on the Bus,1996-10-16,1996,10,Q4,1990s,Drama,Historical Fiction,R,Based on Real Life Events,Sony Pictures,Sony Pictures,2400000.0,5691854.0,5691854.0,2.371605833333333,1,0.0,87.0,67.0,20.0,2701.0,14.690979295318174,15.554546587827776,7.901377353792616
Swingers,1996-10-18,1996,10,Q4,1990s,Comedy,Contemporary Fiction,R,Original Screenplay,Miramax,Miramax,200000.0,4505922.0,6542637.0,32.713185,1,0.3112987928261953,86.0,62.0,24.0,431.0,12.206072645530174,15.693850853174842,6.066108090103747
Sleepers,1996-10-18,1996,10,Q4,1990s,Drama,Dramatization,R,Based on Book/Short Story,Warner Bros.,Warner Bros.,44000000.0,53300852.0,165600852.0,3.7636557272727273,1,0.6781366076546514,73.0,73.0,0.0,51874.0,17.599700191882537,18.925090944829734,10.85657298023876
Thinner,1996-10-25,1996,10,Q4,1990s,Horror,Fantasy,R,Based on Book/Short Story,Paramount Pictures,Paramount Pictures,14000000.0,15171475.0,15171475.0,1.0836767857142857,1,0.0,18.0,53.0,-35.0,7888.0,16.454567887579532,16.534927577975772,8.973097896282471
Romeo+Juliet,1996-11-01,1996,11,Q4,1990s,Drama,Contemporary Fiction,PG-13,Based on Play,20th Century Fox,20th Century Fox,14500000.0,46338728.0,147542381.0,10.175336620689656,1,0.6859293737438058,,65.0,,78.0,16.489659207390805,18.80962602128669,4.356708826689592
The Funeral,1996-11-01,1996,11,Q4,1990s,Drama,Historical Fiction,R,Original Screenplay,October Films,Other,12500000.0,1212799.0,1412799.0,0.11302392,0,0.14156295410741374,83.0,64.0,19.0,4084.0,16.34123920227253,14.161083401017313,8.314832179284556
Set It Off,1996-11-06,1996,11,Q4,1990s,Drama,Contemporary Fiction,R,Original Screenplay,New Line,New Line,9000000.0,36049108.0,36049108.0,4.0054564444444445,1,0.0,61.0,63.0,-2.0,4570.0,16.012735135300492,17.40039267797718,8.42726848388825
Ransom,1996-11-08,1996,11,Q4,1990s,Action,Contemporary Fiction,R,Original Screenplay,Walt Disney Pictures,Walt Disney Pictures,70000000.0,136492681.0,308700000.0,4.41,1,0.5578468383543894,70.0,66.0,4.0,38524.0,18.064005800013632,19.547880489472387,10.559036702680755
Space Jam,1996-11-15,1996,11,Q4,1990s,Comedy,Kids Fiction,PG,Original Screenplay,Warner Bros.,Warner Bros.,80000000.0,90463534.0,250200000.0,3.1275,1,0.6384351159072742,36.0,56.0,-20.0,29293.0,18.197537192638155,19.337771155997086,10.285103858612302
The English Patient,1996-11-15,1996,11,Q4,1990s,Drama,Historical Fiction,R,Based on Book/Short Story,Miramax,Miramax,35000000.0,78716374.0,231716374.0,6.620467828571429,1,0.6602899801979466,83.0,73.0,10.0,54484.0,17.37085861945369,19.261024655874163,10.905662359567232
The Mirror Has Two Faces,1996-11-15,1996,11,Q4,1990s,Romantic Comedy,Contemporary Fiction,PG-13,Original Screenplay,Sony Pictures,Sony Pictures,42000000.0,41267469.0,41267469.0,0.9825587857142857,0,0.0,54.0,60.0,-6.0,6055.0,17.553180176247643,17.535585072007088,8.708639655987193
Sling Blade,1996-11-20,1996,11,Q4,1990s,Drama,Contemporary Fiction,R,Based on Short Film,Miramax,Miramax,4833610.0,24475416.0,34175000.0,7.070284942310199,1,0.28382103877103143,96.0,80.0,16.0,41785.0,15.391104158463778,17.347004940574287,10.640292702435536
Shine,1996-11-22,1996,11,Q4,1990s,Drama,Dramatization,PG-13,Based on Real Life Events,Fine Line,Other,5500000.0,35811509.0,35811509.0,6.5111834545454546,1,0.0,90.0,76.0,14.0,22439.0,15.520258650202699,17.39377988015409,10.018555795363802
Jingle All the Way,1996-11-22,1996,11,Q4,1990s,Comedy,Kids Fiction,PG,Original Screenplay,20th Century Fox,20th Century Fox,60000000.0,60592389.0,129832389.0,2.16387315,1,0.5333029803526145,16.0,49.0,-33.0,22928.0,17.909855120186375,18.681754861153046,10.040114150067954
Star Trek: First Contact,1996-11-22,1996,11,Q4,1990s,Adventure,Science Fiction,PG-13,Based on TV,Paramount Pictures,Paramount Pictures,46000000.0,92027888.0,150000000.0,3.260869565217391,1,0.38648074666666665,,76.0,,45106.0,17.64415195445337,18.82614585206053,10.716770554336053
Daylight,1996-12-06,1996,12,Q4,1990s,Action,Contemporary Fiction,PG-13,Original Screenplay,Universal,Universal,80000000.0,32908290.0,158908290.0,1.986353625,1,0.7929101747932723,22.0,54.0,-32.0,20052.0,18.197537192638155,18.883837801322915,9.906084178383393
Everyone Says I Love You,1996-12-06,1996,12,Q4,1990s,Musical,Contemporary Fiction,R,Original Screenplay,Miramax,Miramax,20000000.0,9725847.0,34600000.0,1.73,1,0.7189061560693641,80.0,68.0,12.0,16481.0,16.811242831518264,17.359364240027954,9.70996348123418
Mars Attacks!,1996-12-13,1996,12,Q4,1990s,Comedy,Science Fiction,PG-13,Original Screenplay,Warner Bros.,Warner Bros.,80000000.0,37771017.0,101371017.0,1.2671377125,1,0.6273982631544478,50.0,63.0,-13.0,76396.0,18.197537192638155,18.434297779862266,11.243685617763045
Jerry Maguire,1996-12-13,1996,12,Q4,1990s,Romantic Comedy,Contemporary Fiction,R,Original Screenplay,Sony Pictures,Sony Pictures,50000000.0,153952592.0,274000000.0,5.48,1,0.4381292262773723,84.0,72.0,12.0,78603.0,17.72753356339242,19.428638664352345,11.272165145627852
Marvin's Room,1996-12-20,1996,12,Q4,1990s,Drama,Contemporary Fiction,PG-13,Based on Play,Miramax,Miramax,23000000.0,12803305.0,12803305.0,0.5566654347826087,0,0.0,81.0,66.0,15.0,9684.0,16.951004773893423,16.365213898686157,9.178230318057949
Scream,1996-12-20,1996,12,Q4,1990s,Horror,Contemporary Fiction,R,Original Screenplay,Miramax,Miramax,15000000.0,103046663.0,173046663.0,11.5364442,1,0.40451516825840206,81.0,29.0,52.0,217.0,16.523560759066484,18.96907184441561,5.37989735354046
Ghosts of Mississippi,1996-12-20,1996,12,Q4,1990s,Drama,Dramatization,PG-13,Based on Real Life Events,Sony Pictures,Sony Pictures,36000000.0,13052741.0,13052741.0,0.3625761388888889,0,0.0,50.0,64.0,-14.0,5276.0,17.399029496420383,16.384508707992193,8.570923513837204
Beavis and Butt-head Do America,1996-12-20,1996,12,Q4,1990s,Comedy,Contemporary Fiction,PG-13,Based on TV,Paramount Pictures,Paramount Pictures,12000000.0,63118386.0,63118386.0,5.2598655,1,0.0,71.0,66.0,5.0,22918.0,16.300417207752275,17.960522663832762,10.039677906986393
My Fellow Americans,1996-12-20,1996,12,Q4,1990s,Comedy,Contemporary Fiction,PG-13,Original Screenplay,Warner Bros.,Warner Bros.,21500000.0,22331846.0,22331846.0,1.038690511627907,1,0.0,50.0,63.0,-13.0,6366.0,16.883563493097892,16.921524289454524,8.758726607842037
Evita,1996-12-25,1996,12,Q4,1990s,Musical,Dramatization,PG,Based on Musical/Opera,Walt Disney Pictures,Walt Disney Pictures,55000000.0,50047179.0,151947179.0,2.7626759818181816,1,0.6706277844092123,61.0,61.0,0.0,16769.0,17.822843743196746,18.8390435118372,9.72728722274711
Hamlet,1996-12-25,1996,12,Q4,1990s,Drama,Historical Fiction,PG-13,Based on Play,Sony Pictures,Sony Pictures,18000000.0,4501094.0,7129670.0,0.3960927777777778,0,0.36868129941497996,94.0,60.0,34.0,5147.0,16.70588231586044,15.779775508009415,8.546169299652755
Turbulence,1997-01-10,1997,1,Q1,1990s,Thriller/Suspense,Contemporary Fiction,R,Original Screenplay,MGM,MGM,55000000.0,11532774.0,11532774.0,0.2096868,0,0.0,17.0,45.0,-28.0,5147.0,17.822843743196746,16.260703453073994,8.546169299652755
The Relic,1997-01-10,1997,1,Q1,1990s,Horror,Science Fiction,R,Based on Book/Short Story,Paramount Pictures,Paramount Pictures,60000000.0,33956608.0,33956608.0,0.5659434666666666,0,0.0,32.0,54.0,-22.0,10249.0,17.909855120186375,17.34059403220449,9.234935418831563
Albino Alligator,1997-01-17,1997,1,Q1,1990s,Drama,Unknown,R,Original Screenplay,Miramax,Miramax,5000000.0,353480.0,353480.0,0.070696,0,0.0,,59.0,,4377.0,15.424948470398375,12.77558218563194,8.384118837190895
Prefontaine,1997-01-24,1997,1,Q1,1990s,Drama,Dramatization,PG-13,Based on Real Life Events,Walt Disney Pictures,Walt Disney Pictures,8000000.0,590817.0,590817.0,0.073852125,0,0.0,62.0,62.0,0.0,2580.0,15.89495209964411,13.289261603768376,7.855544677915663
Waiting for Guffman,1997-01-31,1997,1,Q1,1990s,Comedy,Contemporary Fiction,R,Original Screenplay,Sony Pictures Classics,Sony Pictures Classics,4000000.0,2922988.0,2922988.0,0.730747,0,0.0,,74.0,,14880.0,15.201804919084164,14.888116938713761,9.607773308387083
Shadow Conspiracy,1997-01-31,1997,1,Q1,1990s,Thriller/Suspense,Contemporary Fiction,R,Original Screenplay,Walt Disney Pictures,Walt Disney Pictures,45000000.0,2154540.0,2154540.0,0.04787866666666667,0,0.0,,47.0,,2427.0,17.622173047734595,14.583087801658214,7.794411205726601
Dante's Peak,1997-02-07,1997,2,Q1,1990s,Drama,Contemporary Fiction,PG-13,Original Screenplay,Universal,Universal,115000000.0,67163857.0,178200000.0,1.5495652173913044,1,0.6230984455667788,28.0,56.0,-28.0,23472.0,18.560442686327523,18.998417073000983,10.063563500382763
Absolute Power,1997-02-14,1997,2,Q1,1990s,Thriller/Suspense,Contemporary Fiction,R,Based on Book/Short Story,Sony Pictures,Sony Pictures,50000000.0,50068310.0,50068310.0,1.0013662,1,0.0,46.0,65.0,-19.0,20154.0,17.72753356339242,17.728898830990335,9.911158058840348
Blood and Wine,1997-02-21,1997,2,Q1,1990s,Thriller/Suspense,Contemporary Fiction,R,Original Screenplay,Fox Searchlight,Fox Searchlight,26000000.0,1083350.0,1083350.0,0.04166730769230769,0,0.0,61.0,61.0,0.0,4761.0,17.073607095985757,13.895568650134853,8.46821300919452
Kama Sutra,1997-02-28,1997,2,Q1,1990s,Drama,Historical Fiction,R,Original Screenplay,Trimark,Other,3000000.0,4109095.0,4109095.0,1.3696983333333332,1,0.0,,,,,14.914122846632385,15.228713367578814,
Donnie Brasco,1997-02-28,1997,2,Q1,1990s,Drama,Dramatization,R,Based on Real Life Events,Sony Pictures,Sony Pictures,35000000.0,41954997.0,55954997.0,1.5987142,1,0.2502010678331374,87.0,77.0,10.0,65462.0,17.37085861945369,17.840058300619752,11.08922510059791
Smilla's Sense of Snow,1997-02-28,1997,2,Q1,1990s,Thriller/Suspense,Contemporary Fiction,R,Based on Book/Short Story,Fox Searchlight,Fox Searchlight,35000000.0,2221994.0,2221994.0,0.06348554285714286,0,0.0,53.0,61.0,-8.0,7280.0,17.37085861945369,14.61391554890804,8.892886141190731
Love Jones,1997-03-14,1997,3,Q1,1990s,Drama,Contemporary Fiction,R,Original Screenplay,New Line,New Line,10000000.0,12554569.0,12554569.0,1.2554569,1,0.0,67.0,67.0,0.0,1165.0,16.11809565095832,16.34559522103196,7.060476365999801
Selena,1997-03-21,1997,3,Q1,1990s,Drama,Dramatization,PG,Based on Real Life Events,Warner Bros.,Warner Bros.,20000000.0,35450113.0,35450113.0,1.77250565,1,0.0,63.0,63.0,0.0,7996.0,16.811242831518264,17.383636998525482,8.98669669562029
Liar Liar,1997-03-21,1997,3,Q1,1990s,Comedy,Contemporary Fiction,PG-13,Original Screenplay,Universal,Universal,45000000.0,181410615.0,302710615.0,6.726902555555555,1,0.40071274011980057,82.0,67.0,15.0,67798.0,17.622173047734595,19.52828784110091,11.124287974968324
Cats Don't Dance,1997-03-26,1997,3,Q1,1990s,Musical,Fantasy,G,Original Screenplay,Warner Bros.,Warner Bros.,32000000.0,3588602.0,3588602.0,0.1121438125,0,0.0,67.0,69.0,-2.0,1663.0,17.281246460764002,15.093273269580951,7.416378479192928
The Devil's Own,1997-03-26,1997,3,Q1,1990s,Thriller/Suspense,Contemporary Fiction,R,Based on Book/Short Story,Sony Pictures,Sony Pictures,90000000.0,42885593.0,140900000.0,1.5655555555555556,1,0.6956309936124911,29.0,58.0,-29.0,21331.0,18.31532022829454,18.76356097686891,9.967916692691817
Love and Other Catastrophes,1997-03-28,1997,3,Q1,1990s,Comedy,Unknown,R,Unknown,Fox Searchlight,Fox Searchlight,250000.0,212285.0,743216.0,2.972864,1,0.7143697121698134,,57.0,,1406.0,12.429216196844383,13.518741994775327,7.2485040723706105
Chasing Amy,1997-04-04,1997,4,Q2,1990s,Romantic Comedy,Contemporary Fiction,R,Original Screenplay,Miramax,Miramax,250000.0,12006514.0,15155095.0,60.62038,1,0.20775725919237062,91.0,75.0,16.0,63591.0,12.429216196844383,16.533847337012624,11.060227229880846
The Saint,1997-04-04,1997,4,Q2,1990s,Action,Contemporary Fiction,PG-13,Based on TV,Paramount Pictures,Paramount Pictures,90000000.0,61363304.0,169400000.0,1.8822222222222222,1,0.6377608972845337,30.0,59.0,-29.0,27413.0,18.31532022829454,18.947773340182227,10.21877263241388
Pink Flamingos,1997-04-11,1997,4,Q2,1990s,Unknown,Unknown,Not Rated,Unknown,Fine Line,Other,12000.0,413802.0,413802.0,34.4835,1,0.0,,58.0,,7947.0,9.392661928770137,12.933142877534678,8.98054977794018
Grosse Point Blank,1997-04-11,1997,4,Q2,1990s,Black Comedy,Contemporary Fiction,R,Original Screenplay,Walt Disney Pictures,Walt Disney Pictures,15000000.0,28084357.0,28084357.0,1.8722904666666667,1,0.0,,74.0,,41523.0,16.523560759066484,17.15072328890289,10.634002769564812
Anaconda,1997-04-11,1997,4,Q2,1990s,Horror,Contemporary Fiction,PG-13,Original Screenplay,Sony Pictures,Sony Pictures,45000000.0,65598907.0,136998907.0,3.0444201555555557,1,0.5211720411754818,38.0,42.0,-4.0,29430.0,17.622173047734595,18.735483505658383,10.289769841227518
8 Heads in a Duffel Bag,1997-04-18,1997,4,Q2,1990s,Black Comedy,Contemporary Fiction,R,Original Screenplay,Orion Pictures,Other,3000000.0,3602884.0,4002884.0,1.3342946666666666,1,0.09992795194664647,11.0,48.0,-37.0,5127.0,14.914122846632385,15.202525659288533,8.5422759717837
McHale's Navy,1997-04-18,1997,4,Q2,1990s,Comedy,Contemporary Fiction,PG,Based on TV,Universal,Universal,42000000.0,4408420.0,4408420.0,0.10496238095238095,0,0.0,3.0,39.0,-36.0,3466.0,17.553180176247643,15.299026906582627,8.150756470275551
Volcano,1997-04-25,1997,4,Q2,1990s,Action,Contemporary Fiction,PG-13,Original Screenplay,20th Century Fox,20th Century Fox,90000000.0,47546796.0,120100000.0,1.3344444444444445,1,0.6041066111573689,42.0,52.0,-10.0,21313.0,18.31532022829454,18.603835287050213,9.967072494161238
Breakdown,1997-05-02,1997,5,Q2,1990s,Thriller/Suspense,Contemporary Fiction,R,Original Screenplay,Paramount Pictures,Paramount Pictures,36000000.0,50159144.0,50159144.0,1.3933095555555555,1,0.0,79.0,,,,17.399029496420383,17.730711388752574,
Austin Powers: International Man of Mystery,1997-05-02,1997,5,Q2,1990s,Comedy,Contemporary Fiction,PG-13,Original Screenplay,New Line,New Line,18000000.0,53883989.0,67683989.0,3.760221611111111,1,0.20388869219868233,,71.0,,74487.0,16.70588231586044,18.030360210650695,11.218379892497046
Warriors of Virtue,1997-05-02,1997,5,Q2,1990s,Action,Contemporary Fiction,PG,Original Screenplay,MGM,MGM,35000000.0,6448817.0,6448817.0,0.18425191428571427,0,0.0,10.0,40.0,-30.0,1202.0,17.37085861945369,15.679407261097415,7.091742115095153
The Fifth Element,1997-05-09,1997,5,Q2,1990s,Action,Science Fiction,PG-13,Original Screenplay,Sony Pictures,Sony Pictures,95000000.0,63570862.0,263900000.0,2.7778947368421054,1,0.7591100341038272,72.0,74.0,-2.0,131252.0,18.369387449564815,19.391080801473553,11.78487441843301
Father's Day,1997-05-09,1997,5,Q2,1990s,Comedy,Contemporary Fiction,PG-13,Remake,Warner Bros.,Warner Bros.,85000000.0,28681080.0,35681080.0,0.4197774117647059,0,0.19618240255059544,,48.0,,6654.0,18.258161814454592,17.39013113427628,8.802973456578423
The Lost World: Jurassic Park,1997-05-22,1997,5,Q2,1990s,Action,Science Fiction,PG-13,Based on Book/Short Story,Universal,Universal,75000000.0,229086679.0,786686679.0,10.48915572,1,0.7087955279842739,,60.0,,77124.0,18.132998671500584,20.483340606399025,11.253169795159286
Con Air,1997-06-06,1997,6,Q2,1990s,Action,Contemporary Fiction,R,Original Screenplay,Walt Disney Pictures,Walt Disney Pictures,80000000.0,101117573.0,224117573.0,2.8014696625,1,0.5488190789929712,57.0,66.0,-9.0,76052.0,18.197537192638155,19.227681351582557,11.239172595829476
Speed II: Cruise Control,1997-06-13,1997,6,Q2,1990s,Action,Contemporary Fiction,PG-13,Original Screenplay,20th Century Fox,20th Century Fox,110000000.0,48097081.0,150468000.0,1.367890909090909,1,0.6803501010181567,,34.0,,30896.0,18.51599092375669,18.829260994960674,10.338382004668295
Ulee's Gold,1997-06-13,1997,6,Q2,1990s,Drama,Contemporary Fiction,R,Original Screenplay,Orion Pictures,Other,2700000.0,9054736.0,15600000.0,5.777777777777778,1,0.41956820512820514,94.0,70.0,24.0,4041.0,14.808762330974558,16.562781472219765,8.304247465078474
Hercules,1997-06-15,1997,6,Q2,1990s,Adventure,Historical Fiction,G,Based on Book/Short Story,Walt Disney Pictures,Walt Disney Pictures,70000000.0,99112101.0,250700000.0,3.5814285714285714,1,0.6046585520542481,84.0,68.0,16.0,21902.0,18.064005800013632,19.33976756312852,9.994333235835704
Dream With The Fishes,1997-06-20,1997,6,Q2,1990s,Drama,Contemporary Fiction,R,Original Screenplay,Sony Pictures Classics,Sony Pictures Classics,1000000.0,542909.0,542909.0,0.542909,0,0.0,58.0,66.0,-8.0,1188.0,13.815510557964274,13.204696997394743,7.080026499922591
Batman & Robin,1997-06-20,1997,6,Q2,1990s,Action,Super Hero,PG-13,Original Screenplay,Warner Bros.,Warner Bros.,125000000.0,107325195.0,238317814.0,1.906542512,1,0.5496551718118731,11.0,35.0,-24.0,81283.0,18.643824295266576,19.289115693786112,11.305692171579992
My Best Friend's Wedding,1997-06-20,1997,6,Q2,1990s,Comedy,Contemporary Fiction,PG-13,Original Screenplay,Sony Pictures,Sony Pictures,46000000.0,126813153.0,287200000.0,6.243478260869566,1,0.5584500243732591,72.0,62.0,10.0,37287.0,17.64415195445337,19.475689395138343,10.526400019413622
The Last Time I Committed Suicide,1997-06-20,1997,6,Q2,1990s,Unknown,Unknown,R,Unknown,Roxie Releasing,Other,4000000.0,12836.0,12836.0,0.003209,0,0.0,,57.0,,1181.0,15.201804919084164,9.460009002229748,7.074116816197362
Face/Off,1997-06-27,1997,6,Q2,1990s,Action,Contemporary Fiction,R,Original Screenplay,Paramount Pictures,Paramount Pictures,80000000.0,112276146.0,241200000.0,3.015,1,0.5345101741293532,93.0,73.0,20.0,102001.0,18.197537192638155,19.301137022817304,11.532737896139919
Men in Black,1997-07-01,1997,7,Q3,1990s,Adventure,Science Fiction,PG-13,Based on Comic/Graphic Novel,Sony Pictures,Sony Pictures,90000000.0,250690539.0,587790539.0,6.5310059888888885,1,0.5735036167365055,91.0,70.0,21.0,119704.0,18.31532022829454,20.191881216208802,11.692777307863254
A Simple Wish,1997-07-11,1997,7,Q3,1990s,Comedy,Fantasy,PG,Original Screenplay,Universal,Universal,28000000.0,8165213.0,8165213.0,0.29161475,0,0.0,27.0,49.0,-22.0,1545.0,17.14771506813948,15.915393371002965,7.3427791893318455
Contact,1997-07-11,1997,7,Q3,1990s,Drama,Science Fiction,PG,Based on Book/Short Story,Warner Bros.,Warner Bros.,90000000.0,100920329.0,165900000.0,1.8433333333333333,1,0.3916797528631706,67.0,73.0,-6.0,73684.0,18.31532022829454,18.926895755160672,11.207540958272109
George Of The Jungle,1997-07-16,1997,7,Q3,1990s,Comedy,Kids Fiction,PG,Based on TV,Walt Disney Pictures,Walt Disney Pictures,55000000.0,105263257.0,174463257.0,3.1720592181818184,1,0.39664512281803843,54.0,53.0,1.0,19685.0,17.822843743196746,18.977224715830964,9.887612203377838
Air Force One,1997-07-25,1997,7,Q3,1990s,Action,Contemporary Fiction,R,Original Screenplay,Sony Pictures,Sony Pictures,85000000.0,172956409.0,315268353.0,3.7090394470588235,1,0.45139939561266396,78.0,63.0,15.0,61394.0,18.258161814454592,19.568934748402608,11.02506738949063
Spawn,1997-07-31,1997,7,Q3,1990s,Action,Contemporary Fiction,PG-13,Based on Comic/Graphic Novel,New Line,New Line,40000000.0,54979992.0,87949859.0,2.198746475,1,0.3748711751772109,20.0,48.0,-28.0,21366.0,17.50439001207821,18.29227742596293,9.969556152505833
Air Bud,1997-08-01,1997,8,Q3,1990s,Comedy,Kids Fiction,PG,Original Screenplay,Walt Disney Pictures,Walt Disney Pictures,3000000.0,24646936.0,27555061.0,9.185020333333334,1,0.10553868851896209,45.0,46.0,-1.0,4698.0,14.914122846632385,17.13169677905133,8.454892165218858
In the Company of Men,1997-08-01,1997,8,Q3,1990s,Drama,Contemporary Fiction,R,Based on Play,Sony Pictures Classics,Sony Pictures Classics,25000.0,2883661.0,2883661.0,115.34644,1,0.0,89.0,72.0,17.0,7601.0,10.126631103850338,14.87457122540173,8.936035096566041
Def Jam's How To Be a Player,1997-08-06,1997,8,Q3,1990s,Comedy,Contemporary Fiction,R,Original Screenplay,Gramercy,Other,12000000.0,14010363.0,14010363.0,1.16753025,1,0.0,,,,,16.300417207752275,16.455307828041768,
Conspiracy Theory,1997-08-08,1997,8,Q3,1990s,Thriller/Suspense,Contemporary Fiction,R,Original Screenplay,Warner Bros.,Warner Bros.,80000000.0,76118990.0,137118990.0,1.713987375,1,0.44486908779010115,51.0,65.0,-14.0,35719.0,18.197537192638155,18.736359646975647,10.483438039077837
The Full Monty,1997-08-13,1997,8,Q3,1990s,Comedy,Contemporary Fiction,R,Original Screenplay,Fox Searchlight,Fox Searchlight,3500000.0,45950122.0,257938649.0,73.69675685714286,1,0.8218563903542815,95.0,72.0,23.0,40877.0,15.068273526459642,19.368232320034636,10.618322836666145
Steel,1997-08-15,1997,8,Q3,1990s,Action,Super Hero,PG-13,Based on Comic/Graphic Novel,Warner Bros.,Warner Bros.,16000000.0,1686429.0,1686429.0,0.1054018125,0,0.0,12.0,27.0,-15.0,4409.0,16.588099280204055,14.338123833576011,8.391403185357937
Event Horizon,1997-08-15,1997,8,Q3,1990s,Horror,Science Fiction,R,Original Screenplay,Paramount Pictures,Paramount Pictures,60000000.0,26673242.0,26673242.0,0.4445540333333333,0,0.0,21.0,63.0,-42.0,44671.0,17.909855120186375,17.099171448575426,10.707079800484669
Cop Land,1997-08-15,1997,8,Q3,1990s,Drama,Contemporary Fiction,R,Original Screenplay,Miramax,Miramax,15000000.0,44906632.0,63706632.0,4.2471088,1,0.2951027139529209,71.0,69.0,2.0,35192.0,16.523560759066484,17.969799228152834,10.468574063028555
Sunday,1997-08-22,1997,8,Q3,1990s,Drama,Unknown,Unknown,Unknown,Unknown,Unknown,450000.0,410919.0,450349.0,1.0007755555555555,1,0.08755431898372151,79.0,69.0,10.0,436.0,13.017002861746503,13.017778116714252,6.077642243349034
Money Talks,1997-08-22,1997,8,Q3,1990s,Action,Contemporary Fiction,R,Original Screenplay,New Line,New Line,25000000.0,41076865.0,41076865.0,1.6430746,1,0.0,17.0,57.0,-40.0,8640.0,17.034386382832476,17.530955625604253,9.064157861798101
G.I.Jane,1997-08-22,1997,8,Q3,1990s,Drama,Contemporary Fiction,R,Original Screenplay,Walt Disney Pictures,Walt Disney Pictures,50000000.0,48169156.0,48169156.0,0.96338312,0,0.0,,55.0,,23807.0,17.72753356339242,17.6902294571741,10.077734934062509
The Game,1997-09-12,1997,9,Q3,1990s,Thriller/Suspense,Contemporary Fiction,R,Original Screenplay,Polygram,Other,50000000.0,48265581.0,48265581.0,0.96531162,0,0.0,80.0,77.0,3.0,74136.0,17.72753356339242,17.692229255900884,11.213656523266527
L.A. Confidential,1997-09-19,1997,9,Q3,1990s,Drama,Historical Fiction,R,Based on Book/Short Story,Warner Bros.,Warner Bros.,35000000.0,64604977.0,110604977.0,3.1601422,1,0.4158944854714811,99.0,84.0,15.0,165161.0,17.37085861945369,18.521475646040038,12.0146760347165
In & Out,1997-09-19,1997,9,Q3,1990s,Comedy,Contemporary Fiction,PG-13,Original Screenplay,Paramount Pictures,Paramount Pictures,35000000.0,63826569.0,83226569.0,2.3779019714285714,1,0.23309863945010156,71.0,61.0,10.0,18773.0,17.37085861945369,18.237077193755916,9.840174946324362
The Peacemaker,1997-09-26,1997,9,Q3,1990s,Action,Contemporary Fiction,R,Based on Magazine Article,Dreamworks SKG,Dreamworks SKG,50000000.0,41263140.0,62967368.0,1.25934736,1,0.3446900940817472,45.0,58.0,-13.0,21524.0,17.72753356339242,17.95812718190994,9.97692387060931
Soul Food,1997-09-26,1997,9,Q3,1990s,Comedy,Contemporary Fiction,R,Original Screenplay,20th Century Fox,20th Century Fox,7500000.0,43492389.0,43492389.0,5.7989852,1,0.0,80.0,64.0,16.0,2636.0,15.830413578506539,17.58809651523342,7.877017895622398
The Ice Storm,1997-09-27,1997,9,Q3,1990s,Drama,Historical Fiction,R,Based on Book/Short Story,Fox Searchlight,Fox Searchlight,18000000.0,8038061.0,16011975.0,0.8895541666666666,0,0.49799690544108394,82.0,75.0,7.0,27544.0,16.70588231586044,16.58884743776438,10.223540005018359
Kiss the Girls,1997-10-03,1997,10,Q4,1990s,Thriller/Suspense,Contemporary Fiction,R,Based on Book/Short Story,Paramount Pictures,Paramount Pictures,27000000.0,60527873.0,60527873.0,2.2417730740740742,1,0.0,32.0,64.0,-32.0,20932.0,17.111347423968603,17.918614527650263,9.949034367492098
Boogie Nights,1997-10-10,1997,10,Q4,1990s,Drama,Historical Fiction,R,Original Screenplay,New Line,New Line,15000000.0,26410771.0,43111725.0,2.874115,1,0.38738774660489694,92.0,79.0,13.0,70962.0,16.523560759066484,17.579305559840666,11.169899801479172
The Sweet Hereafter,1997-10-10,1997,10,Q4,1990s,Drama,Contemporary Fiction,R,Based on Book/Short Story,Fine Line,Other,5000000.0,4306697.0,4306697.0,0.8613394,0,0.0,100.0,78.0,22.0,16280.0,15.424948470398375,15.27568181096947,9.697692639556532
Seven Years in Tibet,1997-10-10,1997,10,Q4,1990s,Drama,Dramatization,PG-13,Based on Real Life Events,Sony Pictures,Sony Pictures,70000000.0,37945884.0,131445884.0,1.8777983428571428,1,0.7113193441644776,59.0,67.0,-8.0,29020.0,18.064005800013632,18.694105796363885,10.27574052643818
Devil's Advocate,1997-10-17,1997,10,Q4,1990s,Drama,Contemporary Fiction,R,Based on Book/Short Story,Warner Bros.,Warner Bros.,57000000.0,61007424.0,153007424.0,2.6843407719298247,1,0.6012780138040884,,,,,17.858561825798823,18.84599700105533,
I Know What You Did Last Summer,1997-10-17,1997,10,Q4,1990s,Horror,Contemporary Fiction,R,Based on Book/Short Story,Sony Pictures,Sony Pictures,17000000.0,72250091.0,125250091.0,7.3676524117647055,1,0.4231533851739876,36.0,54.0,-18.0,36807.0,16.64872390202049,18.64582302447589,10.513443323459292
Gattaca,1997-10-24,1997,10,Q4,1990s,Drama,Science Fiction,PG-13,Original Screenplay,Sony Pictures,Sony Pictures,36000000.0,12532777.0,12532777.0,0.34813269444444445,0,0.0,82.0,78.0,4.0,70906.0,17.399029496420383,16.34385793040895,11.169110335173754
Critical Care,1997-10-31,1997,10,Q4,1990s,Unknown,Unknown,R,Unknown,Unknown,Unknown,12000000.0,220175.0,220175.0,0.018347916666666665,0,0.0,53.0,60.0,-7.0,895.0,16.300417207752275,12.30217796367366,6.796823718274855
Switchback,1997-10-31,1997,10,Q4,1990s,Action,Contemporary Fiction,R,Original Screenplay,Paramount Pictures,Paramount Pictures,38000000.0,6504442.0,6504442.0,0.17116952631578947,0,0.0,32.0,61.0,-29.0,5141.0,17.45309671769066,15.687995886080312,8.545002892055505
Starship Troopers,1997-11-07,1997,11,Q4,1990s,Action,Science Fiction,R,Based on Book/Short Story,Sony Pictures,Sony Pictures,100000000.0,54768952.0,121100000.0,1.211,1,0.5477378034682081,60.0,71.0,-11.0,83516.0,18.420680743952367,18.612127208523322,11.332793509249266
Mad City,1997-11-07,1997,11,Q4,1990s,Drama,Contemporary Fiction,PG-13,Original Screenplay,Warner Bros.,Warner Bros.,50000000.0,10561038.0,10561038.0,0.21122076,0,0.0,37.0,61.0,-24.0,9611.0,17.72753356339242,16.172682126866253,9.170663554823284
Eve's Bayou,1997-11-07,1997,11,Q4,1990s,Drama,Historical Fiction,R,Original Screenplay,Trimark,Other,5000000.0,14843425.0,14843425.0,2.968685,1,0.0,80.0,70.0,10.0,4509.0,15.424948470398375,16.513067564222652,8.413830678421084
Anastasia,1997-11-14,1997,11,Q4,1990s,Musical,Factual,G,Based on Book/Short Story,20th Century Fox,20th Century Fox,53000000.0,58403409.0,139801410.0,2.637762452830189,1,0.5822402005816679,85.0,66.0,19.0,16513.0,17.785802471516394,18.75573347355003,9.711903228462988
The Jackal,1997-11-14,1997,11,Q4,1990s,Thriller/Suspense,Contemporary Fiction,R,Remake,Universal,Universal,60000000.0,54956941.0,159356941.0,2.655949016666667,1,0.6551330575553655,12.0,60.0,-48.0,35540.0,17.909855120186375,18.886657156084198,10.478414101708642
The Man Who Knew Too Little,1997-11-14,1997,11,Q4,1990s,Comedy,Contemporary Fiction,PG,Based on Book/Short Story,Warner Bros.,Warner Bros.,20000000.0,13801755.0,13801755.0,0.69008775,0,0.0,40.0,63.0,-23.0,11307.0,16.811242831518264,16.44030631595456,9.333177281935246
Mortal Kombat: Annihilation,1997-11-21,1997,11,Q4,1990s,Action,Fantasy,PG-13,Based on Game,New Line,New Line,30000000.0,35927406.0,51327406.0,1.7109135333333334,1,0.30003464426002746,7.0,32.0,-25.0,16672.0,17.216707939626428,17.753735397510436,9.721485944553093
Midnight in the Garden of Good and Evil,1997-11-21,1997,11,Q4,1990s,Drama,Contemporary Fiction,R,Based on Book/Short Story,Warner Bros.,Warner Bros.,35000000.0,25078937.0,25078937.0,0.7165410571428571,0,0.0,50.0,65.0,-15.0,18960.0,17.37085861945369,17.037538888460734,9.850086775809013
The Rainmaker,1997-11-21,1997,11,Q4,1990s,Drama,Contemporary Fiction,PG-13,Based on Book/Short Story,Paramount Pictures,Paramount Pictures,40000000.0,45916769.0,45916769.0,1.147919225,1,0.0,84.0,69.0,15.0,20514.0,17.50439001207821,17.64234094600184,9.928862858867356
Flubber,1997-11-26,1997,11,Q4,1990s,Comedy,Kids Fiction,PG,Remake,Walt Disney Pictures,Walt Disney Pictures,80000000.0,92993801.0,177993801.0,2.2249225125,1,0.4775447207849671,17.0,46.0,-29.0,18890.0,18.197537192638155,18.997259281807228,9.846387960495555
Alien: Resurrection,1997-11-26,1997,11,Q4,1990s,Action,Science Fiction,R,Original Screenplay,20th Century Fox,20th Century Fox,60000000.0,47795018.0,160700000.0,2.6783333333333332,1,0.7025823397635346,,62.0,,66141.0,17.909855120186375,18.89504983070774,11.09954410586509
Deconstructing Harry,1997-12-12,1997,12,Q4,1990s,Romantic Comedy,Contemporary Fiction,R,Original Screenplay,Fine Line,Other,20000000.0,10686841.0,10686841.0,0.53434205,0,0.0,70.0,72.0,-2.0,16820.0,16.811242831518264,16.184523729507333,9.73032393352694
Scream 2,1997-12-12,1997,12,Q4,1990s,Horror,Contemporary Fiction,R,Original Screenplay,Miramax,Miramax,24000000.0,101363301.0,101363301.0,4.223470875,1,0.0,80.0,59.0,21.0,48196.0,16.99356438831222,18.43422166053447,10.783031309043167
Amistad,1997-12-12,1997,12,Q4,1990s,Drama,Dramatization,R,Based on Real Life Events,Dreamworks SKG,Dreamworks SKG,40000000.0,44212592.0,44212592.0,1.1053148,1,0.0,77.0,71.0,6.0,28477.0,17.50439001207821,17.604520193353192,10.25685202289892
The Apostle,1997-12-17,1997,12,Q4,1990s,Drama,Contemporary Fiction,PG-13,Original Screenplay,October Films,Other,5000000.0,20733485.0,21277770.0,4.255554,1,0.025579983240724944,91.0,71.0,20.0,7757.0,15.424948470398375,16.87317342371344,8.956350940490871
Tomorrow Never Dies,1997-12-19,1997,12,Q4,1990s,Action,Contemporary Fiction,PG-13,Based on Book/Short Story,MGM,MGM,110000000.0,125304276.0,339504276.0,3.086402509090909,1,0.6309198886201952,55.0,64.0,-9.0,46650.0,18.51599092375669,19.642997099876347,10.75042820627549
Titanic,1997-12-19,1997,12,Q4,1990s,Thriller/Suspense,Historical Fiction,PG-13,Original Screenplay,Paramount Pictures,Paramount Pictures,200000000.0,600788188.0,1842879955.0,9.214399775,1,0.6739949412494424,82.0,74.0,8.0,240732.0,19.11382792451231,21.33459537786428,12.391439560510088
Mouse Hunt,1997-12-19,1997,12,Q4,1990s,Comedy,Kids Fiction,PG,Original Screenplay,Dreamworks SKG,Dreamworks SKG,38000000.0,61894591.0,61894591.0,1.6288050263157894,1,0.0,,61.0,,14934.0,17.45309671769066,17.940943350961113,9.611395771595648
As Good as it Gets,1997-12-24,1997,12,Q4,1990s,Romantic Comedy,Contemporary Fiction,PG-13,Original Screenplay,Sony Pictures,Sony Pictures,50000000.0,148478011.0,314111923.0,6.28223846,1,0.5273085797510463,85.0,78.0,7.0,92240.0,17.72753356339242,19.56525992303709,11.432149154942941
Jackie Brown,1997-12-25,1997,12,Q4,1990s,Drama,Contemporary Fiction,R,Based on Book/Short Story,Miramax,Miramax,12000000.0,39673162.0,72673162.0,6.056096833333333,1,0.4540878515785511,85.0,76.0,9.0,84068.0,16.300417207752275,18.101482713411723,11.339381274147303
Kundun,1997-12-25,1997,12,Q4,1990s,Drama,Dramatization,PG-13,Original Screenplay,Walt Disney Pictures,Walt Disney Pictures,28000000.0,5686694.0,5686694.0,0.20309621428571428,0,0.0,76.0,70.0,6.0,10248.0,17.14771506813948,15.55363961791321,9.234837843576571
Wag the Dog,1997-12-25,1997,12,Q4,1990s,Drama,Contemporary Fiction,R,Based on Book/Short Story,New Line,New Line,15000000.0,43057470.0,64252038.0,4.2834692,1,0.32986608144631924,84.0,70.0,14.0,36092.0,16.523560759066484,17.978324001080896,10.493826513114392
The Postman,1997-12-25,1997,12,Q4,1990s,Action,Science Fiction,R,Based on Book/Short Story,Warner Bros.,Warner Bros.,80000000.0,17650704.0,17650704.0,0.2206338,0,0.0,10.0,55.0,-45.0,24045.0,18.197537192638155,16.68628622723368,10.087682353711763
Oscar and Lucinda,1997-12-31,1997,12,Q4,1990s,Drama,Historical Fiction,R,Based on Book/Short Story,Fox Searchlight,Fox Searchlight,12500000.0,1612957.0,1612957.0,0.12903656,0,0.0,65.0,67.0,-2.0,3782.0,16.34123920227253,14.29357969835151,8.238008249218403
Firestorm,1998-01-09,1998,1,Q1,1990s,Action,Contemporary Fiction,R,Original Screenplay,20th Century Fox,20th Century Fox,19000000.0,8123860.0,8123860.0,0.4275715789473684,0,0.0,,44.0,,2118.0,16.759949537130716,15.910315968643722,7.658227526161352
The Dress,1998-01-16,1998,1,Q1,1990s,Drama,Unknown,Not Rated,Original Screenplay,Attitude Films,Other,2650000.0,16556.0,16556.0,0.00624754716981132,0,0.0,,76.0,,1844.0,14.790070197962406,9.714503852868623,7.519692404116539
Hard Rain,1998-01-16,1998,1,Q1,1990s,Action,Contemporary Fiction,R,Original Screenplay,Paramount Pictures,Paramount Pictures,70000000.0,19870567.0,19870567.0,0.2838652428571429,0,0.0,26.0,56.0,-30.0,14375.0,18.064005800013632,16.804750149601496,9.573245865665552
Half Baked,1998-01-16,1998,1,Q1,1990s,Comedy,Contemporary Fiction,R,Original Screenplay,Universal,Universal,8000000.0,17394881.0,17394881.0,2.174360125,1,0.0,29.0,63.0,-34.0,18791.0,15.89495209964411,16.6716865254985,9.841133310789152
Spiceworld,1998-01-23,1998,1,Q1,1990s,Comedy,Contemporary Fiction,PG,Musical Group Movie,Sony Pictures,Sony Pictures,25000000.0,29342592.0,56042592.0,2.24170368,1,0.47642336028997373,,29.0,,18010.0,17.034386382832476,17.84162253104012,9.798682438170001
Zero Effect,1998-01-30,1998,1,Q1,1990s,Comedy,Contemporary Fiction,R,Original Screenplay,Sony Pictures,Sony Pictures,5000000.0,2080693.0,2080693.0,0.4161386,0,0.0,66.0,68.0,-2.0,8489.0,15.424948470398375,14.548211569264598,9.046526486737967
Deep Rising,1998-01-30,1998,1,Q1,1990s,Action,Contemporary Fiction,R,Original Screenplay,Walt Disney Pictures,Walt Disney Pictures,45000000.0,11203026.0,11203026.0,0.24895613333333333,0,0.0,30.0,57.0,-27.0,12484.0,17.622173047734595,16.231694478345094,9.43220310339067
The Replacement Killers,1998-02-06,1998,2,Q1,1990s,Action,Contemporary Fiction,R,Original Screenplay,Sony Pictures,Sony Pictures,30000000.0,19035741.0,19035741.0,0.6345247,0,0.0,39.0,59.0,-20.0,13905.0,17.216707939626428,16.76182887533104,9.540003766668065
Hurricane Streets,1998-02-13,1998,2,Q1,1990s,Drama,Unknown,Unknown,Unknown,MGM,MGM,500000.0,334041.0,367582.0,0.735164,0,0.09124766718718544,,,,,13.122363377404328,12.8147017019971,
The Borrowers,1998-02-13,1998,2,Q1,1990s,Comedy,Fantasy,PG,Based on Book/Short Story,Polygram,Other,29000000.0,22619589.0,54045832.0,1.8636493793103448,1,0.5814739423384212,,56.0,,4340.0,17.182806387950748,17.805342985292537,8.375629627094451
Sphere,1998-02-13,1998,2,Q1,1990s,Horror,Science Fiction,PG-13,Based on Book/Short Story,Warner Bros.,Warner Bros.,73000000.0,37068294.0,50168294.0,0.687236904109589,0,0.2611210977196075,12.0,56.0,-44.0,31461.0,18.105969999112666,17.730893791497184,10.356503962502515
I Love You Ö Don't Touch Me!,1998-02-20,1998,2,Q1,1990s,Unknown,Unknown,Unknown,Unknown,MGM,MGM,68000.0,33598.0,33598.0,0.49408823529411766,0,0.0,,56.0,,298.0,11.127262984158243,10.42222182037016,5.697093486505405
An Alan Smithee Film: Burn Hollywood Burn,1998-02-27,1998,2,Q1,1990s,Comedy,Unknown,R,Original Screenplay,Walt Disney Pictures,Walt Disney Pictures,10000000.0,45779.0,45779.0,0.0045779,0,0.0,,35.0,,2152.0,16.11809565095832,10.731580749668158,7.674152921281675
Dark City,1998-02-27,1998,2,Q1,1990s,Thriller/Suspense,Fantasy,R,Original Screenplay,New Line,New Line,27000000.0,14435076.0,27257061.0,1.0095207777777777,1,0.4704096674252591,77.0,78.0,-1.0,62991.0,17.111347423968603,17.120823164773984,11.05074713802576
Twilight,1998-03-06,1998,3,Q1,1990s,Drama,Contemporary Fiction,R,Original Screenplay,Paramount Pictures,Paramount Pictures,20000000.0,15055091.0,15055091.0,0.75275455,0,0.0,60.0,61.0,-1.0,4840.0,16.811242831518264,16.52722676438319,8.484669999710677
Love and Death on Long Island,1998-03-06,1998,3,Q1,1990s,Drama,Contemporary Fiction,PG-13,Based on Book/Short Story,Lionsgate,Lionsgate,4030000.0,2542264.0,2542264.0,0.6308347394540943,0,0.0,,69.0,,2506.0,15.209276933922865,14.748565580571055,7.826443135456014
The Big Lebowski,1998-03-06,1998,3,Q1,1990s,Comedy,Contemporary Fiction,R,Original Screenplay,Gramercy,Other,15000000.0,17498804.0,46189568.0,3.0793045333333335,1,0.621152464556499,78.0,82.0,-4.0,177960.0,16.523560759066484,17.648264529689314,12.089314084919978
The Man in the Iron Mask,1998-03-13,1998,3,Q1,1990s,Adventure,Historical Fiction,PG-13,Based on Book/Short Story,MGM,MGM,35000000.0,56968169.0,56968169.0,1.6276619714285714,1,0.0,31.0,72.0,-41.0,561.0,17.37085861945369,17.858003231217424,6.329720905522696
Chairman of the Board,1998-03-13,1998,3,Q1,1990s,Comedy,Contemporary Fiction,PG-13,Original Screenplay,Trimark,Other,7000000.0,306715.0,306715.0,0.04381642857142857,0,0.0,14.0,21.0,-7.0,3164.0,15.761420707019587,12.63367425663382,8.059592328887545
Mr. Nice Guy,1998-03-20,1998,3,Q1,1990s,Action,Contemporary Fiction,PG-13,Original Screenplay,New Line,New Line,6000000.0,12716953.0,31716953.0,5.286158833333333,1,0.5990487169432701,,52.0,,174.0,15.60727002719233,17.272361890848334,5.159055299214529
Wild Things,1998-03-20,1998,3,Q1,1990s,Thriller/Suspense,Contemporary Fiction,R,Original Screenplay,Sony Pictures,Sony Pictures,20000000.0,29795299.0,55576699.0,2.77883495,1,0.46388865232891935,64.0,66.0,-2.0,40110.0,16.811242831518264,17.833274588647285,10.5993809587641
Primary Colors,1998-03-20,1998,3,Q1,1990s,Comedy,Dramatization,R,Based on Book/Short Story,Universal,Universal,65000000.0,39017984.0,39017984.0,0.600276676923077,0,0.0,80.0,67.0,13.0,15340.0,17.98989782785991,17.479533226012112,9.638219074921247
Madadayo,1998-03-20,1998,3,Q1,1990s,Drama,Dramatization,Unknown,Based on Real Life Events,WinStar Cinema,Other,11900000.0,48856.0,48856.0,0.004105546218487395,0,0.0,,74.0,,1748.0,16.292048958081757,10.796632474902971,7.466227556215481
"Couloirs du temps: Les visiteurs 2, Les",1998-03-27,1998,3,Q1,1990s,Comedy,Unknown,Unknown,Original Screenplay,Unknown,Unknown,20000000.0,146072.0,26146072.0,1.3073036,1,0.994413233467727,,,,,16.811242831518264,17.07920952686746,
Karakter,1998-03-27,1998,3,Q1,1990s,Drama,Historical Fiction,R,Based on Book/Short Story,Sony Pictures Classics,Sony Pictures Classics,4500000.0,713413.0,713413.0,0.15853622222222222,0,0.0,,78.0,,5531.0,15.319587954740548,13.477815774336918,8.618123909994678
The Newton Boys,1998-03-27,1998,3,Q1,1990s,Drama,Dramatization,PG-13,Based on Real Life Events,20th Century Fox,20th Century Fox,27000000.0,10341093.0,10341093.0,0.38300344444444445,0,0.0,61.0,57.0,4.0,4443.0,17.111347423968603,16.151636127454204,8.399085102935908
Meet the Deedles,1998-03-27,1998,3,Q1,1990s,Comedy,Contemporary Fiction,PG,Original Screenplay,Walt Disney Pictures,Walt Disney Pictures,24000000.0,4356126.0,4356126.0,0.18150525,0,0.0,4.0,34.0,-30.0,1379.0,16.99356438831222,15.287093688236485,7.229113877793302
No Looking Back,1998-03-27,1998,3,Q1,1990s,Unknown,Unknown,R,Unknown,Gramercy,Other,5000000.0,143273.0,143273.0,0.0286546,0,0.0,38.0,57.0,-19.0,1145.0,15.424948470398375,11.872507180153079,7.0431599159883405
Barney's Great Adventure,1998-04-03,1998,4,Q2,1990s,Adventure,Kids Fiction,G,Based on TV,Polygram,Other,15000000.0,11156471.0,11156471.0,0.7437647333333334,0,0.0,,21.0,,1456.0,16.523560759066484,16.22753024627179,7.283448228756631
Lost In Space,1998-04-03,1998,4,Q2,1990s,Adventure,Science Fiction,PG-13,Based on TV,New Line,New Line,80000000.0,69117629.0,136117629.0,1.7014703625,1,0.4922213271875313,26.0,48.0,-22.0,31611.0,18.197537192638155,18.72902998899097,10.361260440267637
Mercury Rising,1998-04-03,1998,4,Q2,1990s,Thriller/Suspense,Contemporary Fiction,R,Based on Book/Short Story,Universal,Universal,60000000.0,32983332.0,32983332.0,0.5497222,0,0.0,17.0,58.0,-41.0,21449.0,17.909855120186375,17.31151290092028,9.973433303222794
The Players Club,1998-04-08,1998,4,Q2,1990s,Drama,Contemporary Fiction,R,Original Screenplay,New Line,New Line,5000000.0,23047939.0,23047939.0,4.6095878,1,0.0,27.0,48.0,-21.0,2072.0,15.424948470398375,16.95308690909253,7.6362696033793735
City of Angels,1998-04-10,1998,4,Q2,1990s,Drama,Fantasy,PG-13,Remake,Warner Bros.,Warner Bros.,55000000.0,78750909.0,198750909.0,3.613652890909091,1,0.6037708235085355,59.0,64.0,-5.0,40053.0,17.822843743196746,19.10756288507316,10.597958856058204
24 7: Twenty Four Seven,1998-04-15,1998,4,Q2,1990s,Comedy,Unknown,R,Original Screenplay,October Films,Other,2000000.0,72544.0,72544.0,0.036272,0,0.0,,69.0,,1417.0,14.508657738524219,11.191948553307256,7.256297239690681
The Object of my Affection,1998-04-17,1998,4,Q2,1990s,Romantic Comedy,Contemporary Fiction,R,Based on Book/Short Story,20th Century Fox,20th Century Fox,15000000.0,29145924.0,29145924.0,1.9430616,1,0.0,50.0,59.0,-9.0,8492.0,16.523560759066484,17.18782563251045,9.046879822823147
Two Girls and a Guy,1998-04-24,1998,4,Q2,1990s,Drama,Contemporary Fiction,R,Original Screenplay,Fox Searchlight,Fox Searchlight,1000000.0,2057193.0,2315026.0,2.315026,1,0.11137369515504361,,56.0,,3722.0,13.815510557964274,14.654931476540915,8.222016437202196
The Big Hit,1998-04-24,1998,4,Q2,1990s,Action,Contemporary Fiction,R,Original Screenplay,Sony Pictures,Sony Pictures,13000000.0,27066941.0,27066941.0,2.0820723846153846,1,0.0,41.0,58.0,-17.0,14157.0,16.38045991542581,17.113823651880413,9.557964480394498
He Got Game,1998-05-01,1998,5,Q2,1990s,Drama,Contemporary Fiction,R,Original Screenplay,Walt Disney Pictures,Walt Disney Pictures,25000000.0,21567853.0,21567853.0,0.86271412,0,0.0,80.0,68.0,12.0,14494.0,17.034386382832476,16.886714477018124,9.581490049669227
Shooting Fish,1998-05-01,1998,5,Q2,1990s,Unknown,Unknown,PG,Unknown,Fox Searchlight,Fox Searchlight,4000000.0,302204.0,302204.0,0.075551,0,0.0,,64.0,,4849.0,15.201804919084164,12.61885756500055,8.486527777105353
"Dancer, Texas Pop. 81",1998-05-01,1998,5,Q2,1990s,Comedy,Contemporary Fiction,PG,Original Screenplay,Sony Pictures,Sony Pictures,2300000.0,574838.0,574838.0,0.2499295652173913,0,0.0,80.0,,,,14.648419680899378,13.261843540953128,
Woo,1998-05-08,1998,5,Q2,1990s,Romantic Comedy,Contemporary Fiction,R,Original Screenplay,New Line,New Line,13000000.0,8064972.0,8064972.0,0.6203824615384615,0,0.0,5.0,34.0,-29.0,982.0,16.38045991542581,15.903040797743728,6.889591308354466
Deep Impact,1998-05-08,1998,5,Q2,1990s,Adventure,Science Fiction,PG-13,Original Screenplay,Paramount Pictures,Paramount Pictures,80000000.0,140464664.0,349464664.0,4.3683083,1,0.5980576050458709,47.0,60.0,-13.0,54160.0,18.197537192638155,19.671913010091835,10.899697907586157
Clockwatchers,1998-05-15,1998,5,Q2,1990s,Unknown,Unknown,PG-13,Unknown,Artistic License,Other,2000000.0,444354.0,444354.0,0.222177,0,0.0,,59.0,,3171.0,14.508657738524219,13.004376821039012,8.061802274538348
Bulworth,1998-05-15,1998,5,Q2,1990s,Comedy,Contemporary Fiction,R,Original Screenplay,20th Century Fox,20th Century Fox,30000000.0,26528684.0,29203383.0,0.9734461,0,0.09158866970994423,75.0,68.0,7.0,15486.0,17.216707939626428,17.189795116692085,9.647691668946669
The Horse Whisperer,1998-05-15,1998,5,Q2,1990s,Drama,Contemporary Fiction,PG-13,Based on Book/Short Story,Walt Disney Pictures,Walt Disney Pictures,60000000.0,75383563.0,75383563.0,1.2563927166666666,1,0.0,71.0,63.0,8.0,15831.0,17.909855120186375,18.13809981186583,9.669725322073777
Quest for Camelot,1998-05-15,1998,5,Q2,1990s,Adventure,Kids Fiction,G,Based on Book/Short Story,Warner Bros.,Warner Bros.,40000000.0,22772500.0,38172500.0,0.9543125,0,0.40343178990110684,33.0,50.0,-17.0,3053.0,17.50439001207821,17.457625919039803,8.023879992734878
Godzilla,1998-05-19,1998,5,Q2,1990s,Action,Science Fiction,PG-13,Remake,Sony Pictures,Sony Pictures,125000000.0,136314294.0,376000000.0,3.008,1,0.6374619840425532,25.0,48.0,-23.0,59455.0,18.643824295266576,19.745099701354167,10.99297500287168
Fear and Loathing in Las Vegas,1998-05-22,1998,5,Q2,1990s,Comedy,Dramatization,R,Based on Book/Short Story,Universal,Universal,18500000.0,10680275.0,13711903.0,0.7411839459459459,0,0.22109462122070145,47.0,76.0,-29.0,81560.0,16.733281290048552,16.433774845698995,11.309094224688392
I Got the Hook-Up!,1998-05-27,1998,5,Q2,1990s,Comedy,Contemporary Fiction,R,Original Screenplay,Miramax,Miramax,3500000.0,10317779.0,10317779.0,2.947936857142857,1,0.0,17.0,33.0,-16.0,985.0,15.068273526459642,16.14937908167772,6.892641641172089
Hope Floats,1998-05-29,1998,5,Q2,1990s,Drama,Contemporary Fiction,PG-13,Original Screenplay,20th Century Fox,20th Century Fox,30000000.0,60110313.0,81529000.0,2.717633333333333,1,0.2627124949404506,23.0,53.0,-30.0,9168.0,17.216707939626428,18.2164693431401,9.12347443895452
The Truman Show,1998-06-05,1998,6,Q2,1990s,Drama,Contemporary Fiction,PG,Original Screenplay,Paramount Pictures,Paramount Pictures,60000000.0,125618201.0,248400000.0,4.14,1,0.49429065619967794,95.0,80.0,15.0,156346.0,17.909855120186375,19.330550908023596,11.959826778932241
Can't Hardly Wait,1998-06-12,1998,6,Q2,1990s,Comedy,Contemporary Fiction,PG-13,Original Screenplay,Sony Pictures,Sony Pictures,10000000.0,25358996.0,25358996.0,2.5358996,1,0.0,44.0,62.0,-18.0,19470.0,16.11809565095832,17.048644096844235,9.876630098366245
The Land Girls,1998-06-12,1998,6,Q2,1990s,Unknown,Unknown,R,Unknown,Gramercy,Other,8000000.0,146083.0,146083.0,0.018260375,0,0.0,,61.0,,1071.0,15.89495209964411,11.891930232310143,6.976348070447749
Dirty Work,1998-06-12,1998,6,Q2,1990s,Comedy,Contemporary Fiction,PG-13,Original Screenplay,MGM,MGM,13000000.0,10020081.0,10020081.0,0.7707754615384615,0,0.0,17.0,48.0,-31.0,207.0,16.38045991542581,16.120101737420654,5.332718793265369
"Six Days, Seven Nights",1998-06-12,1998,6,Q2,1990s,Romantic Comedy,Contemporary Fiction,PG-13,Original Screenplay,Walt Disney Pictures,Walt Disney Pictures,80000000.0,74339294.0,164800000.0,2.06,1,0.5489120509708738,37.0,47.0,-10.0,48.0,18.197537192638155,18.920243175439644,3.871201010907891
The X Files: Fight the Future,1998-06-19,1998,6,Q2,1990s,Action,Science Fiction,PG-13,Based on TV,20th Century Fox,20th Century Fox,66000000.0,83898313.0,189176423.0,2.8663094393939392,1,0.5565075622557891,,,,,18.0051652999907,19.058190592652156,
Mulan,1998-06-19,1998,6,Q2,1990s,Adventure,Dramatization,G,Traditional/Legend/Fairytale,Walt Disney Pictures,Walt Disney Pictures,90000000.0,120620254.0,303500000.0,3.3722222222222222,1,0.6025691795716639,86.0,72.0,14.0,34256.0,18.31532022829454,19.530892168463826,10.441617010829464
Hav Plenty,1998-06-19,1998,6,Q2,1990s,Comedy,Contemporary Fiction,R,Original Screenplay,Miramax,Miramax,650000.0,2301777.0,2301777.0,3.5411953846153845,1,0.0,,56.0,,580.0,13.38472764187182,14.649191991286573,6.363028103540465
Doctor Dolittle,1998-06-26,1998,6,Q2,1990s,Comedy,Kids Fiction,PG-13,Remake,20th Century Fox,20th Century Fox,71500000.0,144156605.0,294156605.0,4.114078391608391,1,0.5099324558766919,,52.0,,25648.0,18.085208007664235,19.49962285355264,10.152220874849334
Buffalo '66,1998-06-26,1998,6,Q2,1990s,Comedy,Contemporary Fiction,R,Original Screenplay,Lionsgate,Lionsgate,1500000.0,2380606.0,2380606.0,1.5870706666666667,1,0.0,78.0,73.0,5.0,17762.0,14.22097566607244,14.682865635085756,9.784816622818449
Out of Sight,1998-06-26,1998,6,Q2,1990s,Drama,Contemporary Fiction,R,Based on Book/Short Story,Universal,Universal,48000000.0,37562568.0,37562568.0,0.7825535,0,0.0,93.0,71.0,22.0,38263.0,17.686711568872166,17.4415185805742,10.552238650793246
Smoke Signals,1998-06-26,1998,6,Q2,1990s,Comedy,Contemporary Fiction,PG-13,Based on Book/Short Story,Miramax,Miramax,2000000.0,6719300.0,7756617.0,3.8783085,1,0.13373317259315498,86.0,69.0,17.0,5058.0,14.508657738524219,15.864056843495753,8.52872642722991
Armageddon,1998-07-01,1998,7,Q3,1990s,Adventure,Contemporary Fiction,PG-13,Original Screenplay,Walt Disney Pictures,Walt Disney Pictures,140000000.0,201578182.0,554600000.0,3.9614285714285713,1,0.6365341110710422,42.0,61.0,-19.0,194.0,18.75715298057358,20.133757691145952,5.267858159063328
Lethal Weapon 4,1998-07-10,1998,7,Q3,1990s,Action,Contemporary Fiction,R,Original Screenplay,Warner Bros.,Warner Bros.,140000000.0,130444603.0,285400000.0,2.0385714285714287,1,0.5429411247372109,54.0,64.0,-10.0,47846.0,18.75715298057358,19.46940226300701,10.775742798820527
Pi,1998-07-10,1998,7,Q3,1990s,Thriller/Suspense,Science Fiction,R,Original Screenplay,Live Entertainment,Other,68000.0,3221152.0,4678513.0,68.80166176470588,1,0.31150089782800644,86.0,75.0,11.0,53699.0,11.127262984158243,15.35849088236262,10.891149658349637
Small Soldiers,1998-07-10,1998,7,Q3,1990s,Comedy,Kids Fiction,PG-13,Original Screenplay,Dreamworks SKG,Dreamworks SKG,40000000.0,55143823.0,71743823.0,1.793595575,1,0.23137880455575946,46.0,59.0,-13.0,20571.0,17.50439001207821,18.088612318305664,9.931637595952473
There's Something About Mary,1998-07-15,1998,7,Q3,1990s,Romantic Comedy,Contemporary Fiction,R,Original Screenplay,20th Century Fox,20th Century Fox,22000000.0,176484651.0,360099999.0,16.368181772727272,1,0.5099009955842849,83.0,72.0,11.0,96443.0,16.90655301132259,19.7018923258421,11.476707439235586
The Mask of Zorro,1998-07-17,1998,7,Q3,1990s,Adventure,Historical Fiction,PG-13,Remake,Sony Pictures,Sony Pictures,65000000.0,93828745.0,233700000.0,3.5953846153846154,1,0.5985077235772358,82.0,67.0,15.0,4789.0,17.98989782785991,19.269548799509085,8.47407690034261
Lolita,1998-07-22,1998,7,Q3,1990s,Drama,Historical Fiction,R,Based on Book/Short Story,MGM,MGM,55000000.0,1147784.0,1147784.0,0.0208688,0,0.0,,67.0,,15197.0,17.822843743196746,13.95334368484849,9.628853318933604
Disturbing Behavior,1998-07-24,1998,7,Q3,1990s,Thriller/Suspense,Contemporary Fiction,R,Original Screenplay,MGM,MGM,15000000.0,17507368.0,17507368.0,1.1671578666666667,1,0.0,30.0,52.0,-22.0,9394.0,16.523560759066484,16.678132378857512,9.14782646658694
Jane Austen's Mafia,1998-07-24,1998,7,Q3,1990s,Comedy,Contemporary Fiction,PG-13,Original Screenplay,Walt Disney Pictures,Walt Disney Pictures,10000000.0,19843795.0,30143795.0,3.0143795,1,0.3416955297101775,,50.0,,7706.0,16.11809565095832,17.22148965564508,8.949754525186103
Saving Private Ryan,1998-07-24,1998,7,Q3,1990s,Drama,Historical Fiction,R,Original Screenplay,Dreamworks SKG,Dreamworks SKG,65000000.0,216335085.0,481635085.0,7.409770538461538,1,0.5508319644113967,91.0,85.0,6.0,270540.0,17.98989782785991,19.992697300219007,12.508175240643185
The Negotiator,1998-07-29,1998,7,Q3,1990s,Action,Contemporary Fiction,R,Original Screenplay,Warner Bros.,Warner Bros.,50000000.0,44705766.0,49105766.0,0.98211532,0,0.08960251225894734,81.0,72.0,9.0,46511.0,17.72753356339242,17.709487019678495,10.74744412273953
Ever After: A Cinderella Story,1998-07-31,1998,7,Q3,1990s,Drama,Historical Fiction,PG,Traditional/Legend/Fairytale,20th Century Fox,20th Century Fox,26000000.0,65705772.0,65705772.0,2.5271450769230768,1,0.0,,,,,17.073607095985757,18.00069733347719,
Halloween: H2O,1998-08-05,1998,8,Q3,1990s,Horror,Contemporary Fiction,R,Unknown,Miramax,Miramax,17000000.0,55041738.0,55041738.0,3.237749294117647,1,0.0,,,,,16.64872390202049,17.823602328125702,
Snake Eyes,1998-08-07,1998,8,Q3,1990s,Thriller/Suspense,Contemporary Fiction,R,Original Screenplay,Paramount Pictures,Paramount Pictures,73000000.0,55591409.0,103891409.0,1.4231699863013698,1,0.46490850846002096,41.0,58.0,-17.0,29321.0,18.105969999112666,18.45885676737654,10.286059261830983
Safe Men,1998-08-07,1998,8,Q3,1990s,Unknown,Unknown,R,Unknown,October Films,Other,1000000.0,21210.0,21210.0,0.02121,0,0.0,58.0,59.0,-1.0,1743.0,13.815510557964274,9.962228047558728,7.463363045520021
"First Love, Last Rites",1998-08-07,1998,8,Q3,1990s,Drama,Unknown,R,Unknown,Strand,Other,300000.0,10876.0,10876.0,0.03625333333333333,0,0.0,,69.0,,207.0,12.611537753638338,9.294313805752362,5.332718793265369
La femme de chambre du Titanic,1998-08-14,1998,8,Q3,1990s,Drama,Historical Fiction,Unknown,Based on Book/Short Story,MGM,MGM,10000000.0,244465.0,244465.0,0.0244465,0,0.0,,68.0,,822.0,16.11809565095832,12.406827428365974,6.71174039505618
Slums of Beverly Hills,1998-08-14,1998,8,Q3,1990s,Comedy,Dramatization,R,Based on Real Life Events,Fox Searchlight,Fox Searchlight,5000000.0,5502773.0,5502773.0,1.1005546,1,0.0,79.0,64.0,15.0,5821.0,15.424948470398375,15.520762704963934,8.669227347271736
How Stella Got Her Groove Back,1998-08-14,1998,8,Q3,1990s,Drama,Contemporary Fiction,R,Based on Book/Short Story,20th Century Fox,20th Century Fox,20000000.0,37672944.0,37672944.0,1.8836472,1,0.0,49.0,51.0,-2.0,3080.0,16.811242831518264,17.44445272899038,8.03268487596762
The Avengers,1998-08-14,1998,8,Q3,1990s,Action,Contemporary Fiction,PG-13,Based on TV,Warner Bros.,Warner Bros.,60000000.0,23385416.0,48585416.0,0.8097569333333333,0,0.5186741634567871,15.0,34.0,-19.0,21432.0,17.909855120186375,17.69883396153249,9.972640411224445
"Next Stop, Wonderland",1998-08-21,1998,8,Q3,1990s,Romantic Comedy,Contemporary Fiction,R,Original Screenplay,Miramax,Miramax,1000000.0,3386698.0,3456820.0,3.45682,1,0.020285117535769868,,,,,13.815510557964274,15.055859649280878,
Dead Man on Campus,1998-08-21,1998,8,Q3,1990s,Black Comedy,Contemporary Fiction,R,Original Screenplay,Paramount Pictures,Paramount Pictures,14000000.0,15064948.0,15064948.0,1.0760677142857142,1,0.0,15.0,56.0,-41.0,7109.0,16.454567887579532,16.527881278831323,8.869116865929483
Blade,1998-08-21,1998,8,Q3,1990s,Action,Super Hero,R,Based on Comic/Graphic Novel,New Line,New Line,45000000.0,70141876.0,131237688.0,2.9163930666666666,1,0.4655355708491299,55.0,70.0,-15.0,64896.0,17.622173047734595,18.69252064932169,11.0805412675108
54,1998-08-28,1998,8,Q3,1990s,Drama,Dramatization,R,Original Screenplay,Miramax,Miramax,13000000.0,16757163.0,16757163.0,1.2890125384615385,1,0.0,13.0,56.0,-43.0,15023.0,16.38045991542581,16.634336366613702,9.617337639062423
I Married a Strange Person,1998-08-28,1998,8,Q3,1990s,Comedy,Unknown,Unknown,Unknown,Lionsgate,Lionsgate,250000.0,203134.0,203134.0,0.812536,0,0.0,,68.0,,865.0,12.429216196844383,12.22162113877689,6.762729506931879
Knock Off,1998-09-04,1998,9,Q3,1990s,Action,Contemporary Fiction,R,Original Screenplay,Sony Pictures,Sony Pictures,35000000.0,10319915.0,10319915.0,0.2948547142857143,0,0.0,8.0,41.0,-33.0,5852.0,17.37085861945369,16.149586081549664,8.674538762140015
Rounders,1998-09-11,1998,9,Q3,1990s,Drama,Contemporary Fiction,R,Original Screenplay,Miramax,Miramax,12000000.0,22921898.0,22921898.0,1.9101581666666667,1,0.0,64.0,73.0,-9.0,45439.0,16.300417207752275,16.947603256155396,10.724126046110621
Let's Talk About Sex,1998-09-11,1998,9,Q3,1990s,Comedy,Unknown,Unknown,Unknown,Fine Line,Other,300000.0,373615.0,373615.0,1.2453833333333333,1,0.0,13.0,,,,12.611537753638338,12.830981134423773,
Without Limits,1998-09-11,1998,9,Q3,1990s,Drama,Dramatization,PG-13,Based on Real Life Events,Warner Bros.,Warner Bros.,25000000.0,780326.0,780326.0,0.03121304,0,0.0,78.0,69.0,9.0,3369.0,17.034386382832476,13.567467060067486,8.122371243406553
Simon Birch,1998-09-11,1998,9,Q3,1990s,Drama,Contemporary Fiction,PG,Based on Book/Short Story,Walt Disney Pictures,Walt Disney Pictures,20000000.0,18253415.0,18253415.0,0.91267075,0,0.0,44.0,67.0,-23.0,11371.0,16.811242831518264,16.719862743775067,9.338821533624722
The Cube,1998-09-11,1998,9,Q3,1990s,Unknown,Unknown,Unknown,Unknown,Unknown,Unknown,250000.0,489220.0,489220.0,1.95688,1,0.0,,71.0,,202.0,12.429216196844383,13.100567565033872,5.308267697401205
One True Thing,1998-09-18,1998,9,Q3,1990s,Drama,Contemporary Fiction,R,Based on Book/Short Story,Universal,Universal,30000000.0,23337196.0,26708196.0,0.8902732,0,0.12621593760956373,88.0,69.0,19.0,5591.0,17.216707939626428,17.1004810425581,8.628913441026645
Rush Hour,1998-09-18,1998,9,Q3,1990s,Action,Contemporary Fiction,PG-13,Original Screenplay,New Line,New Line,35000000.0,141186864.0,245300000.0,7.008571428571429,1,0.4244318630248675,60.0,68.0,-8.0,55248.0,17.37085861945369,19.317992509228716,10.919587419629774
Six-String Samurai,1998-09-18,1998,9,Q3,1990s,Unknown,Unknown,PG-13,Unknown,Palm Pictures,Other,2000000.0,134624.0,134624.0,0.067312,0,0.0,60.0,64.0,-4.0,3462.0,14.508657738524219,11.810240986390248,8.149601735736155
Ronin,1998-09-25,1998,9,Q3,1990s,Action,Contemporary Fiction,R,Original Screenplay,MGM,MGM,55000000.0,41610884.0,41610884.0,0.7565615272727273,0,0.0,68.0,72.0,-4.0,57484.0,17.822843743196746,17.54387232562651,10.959261927194138
Urban Legend,1998-09-25,1998,9,Q3,1990s,Horror,Contemporary Fiction,R,Original Screenplay,Sony Pictures,Sony Pictures,14000000.0,38116707.0,72571864.0,5.183704571428572,1,0.4747729367954501,21.0,52.0,-31.0,19113.0,16.454567887579532,18.100087856469443,9.858124010784598
The Last Big Thing,1998-09-25,1998,9,Q3,1990s,Unknown,Unknown,R,Unknown,Stratosphere Entertainment,Other,1000000.0,22434.0,22434.0,0.022434,0,0.0,,60.0,,139.0,13.815510557964274,10.018332944205168,4.9344739331306915
What Dreams May Come,1998-10-02,1998,10,Q4,1990s,Drama,Fantasy,PG-13,Based on Book/Short Story,Polygram,Other,80000000.0,55485043.0,71485043.0,0.8935630375,0,0.22382304505293507,55.0,66.0,-11.0,30486.0,18.197537192638155,18.084998796970016,10.325022840821786
Antz,1998-10-02,1998,10,Q4,1990s,Adventure,Kids Fiction,PG,Original Screenplay,Dreamworks SKG,Dreamworks SKG,60000000.0,90757863.0,152457863.0,2.5409643833333333,1,0.40470198641050087,95.0,68.0,27.0,37343.0,17.909855120186375,18.842398807634876,10.527900756664334
A Night at the Roxbury,1998-10-02,1998,10,Q4,1990s,Comedy,Contemporary Fiction,PG-13,Based on TV,Paramount Pictures,Paramount Pictures,17000000.0,30331165.0,30331165.0,1.7841861764705882,1,0.0,11.0,57.0,-46.0,23259.0,16.64872390202049,17.227686289741463,10.054447432887068
Festen,1998-10-09,1998,10,Q4,1990s,Comedy,Contemporary Fiction,R,Original Screenplay,October Films,Other,1300000.0,1647780.0,1647780.0,1.267523076923077,1,0.0,,81.0,,26607.0,14.077874822431765,14.314939485394653,10.188929618044561
Slam,1998-10-09,1998,10,Q4,1990s,Drama,Contemporary Fiction,R,Original Screenplay,Trimark,Other,1000000.0,1009819.0,1087521.0,1.087521,1,0.0714487352428137,62.0,34.0,28.0,165.0,13.815510557964274,13.899411352103362,5.10594547390058
Holy Man,1998-10-09,1998,10,Q4,1990s,Comedy,Contemporary Fiction,PG,Original Screenplay,Walt Disney Pictures,Walt Disney Pictures,60000000.0,12069719.0,12069719.0,0.20116198333333332,0,0.0,12.0,47.0,-35.0,9105.0,17.909855120186375,16.30621031194107,9.116578992161708
Happiness,1998-10-16,1998,10,Q4,1990s,Comedy,Contemporary Fiction,Not Rated,Original Screenplay,Good Machine Releasing,Other,3000000.0,2746453.0,5746453.0,1.9154843333333333,1,0.5220611740842569,84.0,65.0,19.0,64.0,14.914122846632385,15.564093352866005,4.1588830833596715
Bride of Chucky,1998-10-16,1998,10,Q4,1990s,Horror,Fantasy,R,Original Screenplay,Universal,Universal,25000000.0,32404188.0,50692188.0,2.02768752,1,0.36076564696714214,43.0,53.0,-10.0,13735.0,17.034386382832476,17.741282373849195,9.527702598529375
Beloved,1998-10-16,1998,10,Q4,1990s,Drama,Historical Fiction,R,Based on Book/Short Story,Walt Disney Pictures,Walt Disney Pictures,53000000.0,22852487.0,22852487.0,0.431179,0,0.0,77.0,53.0,24.0,102.0,17.785802471516394,16.944570509644397,4.624972813284271
Practical Magic,1998-10-16,1998,10,Q4,1990s,Comedy,Fantasy,PG-13,Based on Book/Short Story,Warner Bros.,Warner Bros.,60000000.0,46850558.0,68336997.0,1.13894995,1,0.3144188352321071,21.0,55.0,-34.0,20196.0,17.909855120186375,18.039961861631507,9.913239843978806
Orgazmo,1998-10-23,1998,10,Q4,1990s,Comedy,Contemporary Fiction,Not Rated,Original Screenplay,October Films,Other,1000000.0,582024.0,627287.0,0.627287,0,0.0721567639692836,,60.0,,15592.0,13.815510557964274,13.349159450133445,9.654513241187397
Soldier,1998-10-23,1998,10,Q4,1990s,Action,Science Fiction,R,Original Screenplay,Warner Bros.,Warner Bros.,75000000.0,14623082.0,14623082.0,0.19497442666666667,0,0.0,,,,,18.132998671500584,16.49811179718275,
Vampires,1998-10-30,1998,10,Q4,1990s,Horror,Fantasy,R,Based on Book/Short Story,Sony Pictures,Sony Pictures,20000000.0,20268825.0,20268825.0,1.01344125,1,0.0,33.0,68.0,-35.0,54.0,16.811242831518264,16.82459454930844,3.9889840465642745
Living Out Loud,1998-10-30,1998,10,Q4,1990s,Drama,Contemporary Fiction,R,Original Screenplay,New Line,New Line,12000000.0,12905901.0,12905901.0,1.07549175,1,0.0,58.0,65.0,-7.0,3040.0,16.300417207752275,16.373195206597735,8.019612794400267
American History X,1998-10-30,1998,10,Q4,1990s,Drama,Contemporary Fiction,R,Original Screenplay,New Line,New Line,10000000.0,6719864.0,6719864.0,0.6719864,0,0.0,83.0,86.0,-3.0,224857.0,16.11809565095832,15.720578474199302,12.323219923579956
Elizabeth,1998-11-06,1998,11,Q4,1990s,Drama,Dramatization,R,Based on Real Life Events,Gramercy,Other,25000000.0,30082699.0,82150642.0,3.28602568,1,0.6338105428317894,81.0,76.0,5.0,33773.0,17.034386382832476,18.224065217389626,10.427416945679095
The Siege,1998-11-06,1998,11,Q4,1990s,Action,Contemporary Fiction,R,Original Screenplay,20th Century Fox,20th Century Fox,70000000.0,40934175.0,116625798.0,1.6660828285714286,1,0.6490126909999793,44.0,,,,18.064005800013632,18.574481059552102,
Gods and Monsters,1998-11-06,1998,11,Q4,1990s,Drama,Historical Fiction,R,Based on Book/Short Story,Lionsgate,Lionsgate,3500000.0,6451628.0,6451628.0,1.8433222857142857,1,0.0,96.0,75.0,21.0,15946.0,15.068273526459642,15.679843060024426,9.67696329306244
The Waterboy,1998-11-06,1998,11,Q4,1990s,Comedy,Contemporary Fiction,PG-13,Original Screenplay,Walt Disney Pictures,Walt Disney Pictures,23000000.0,161491646.0,190191646.0,8.269202,1,0.15090042388086805,32.0,57.0,-25.0,43251.0,16.951004773893423,19.063542784923786,10.674775633480014
I Still Know What You Did Last Summer,1998-11-13,1998,11,Q4,1990s,Horror,Contemporary Fiction,R,Based on Book/Short Story,Sony Pictures,Sony Pictures,24000000.0,40020622.0,40020622.0,1.6675259166666667,1,0.0,8.0,41.0,-33.0,23268.0,16.99356438831222,17.504905429227968,10.054834305030653
Meet Joe Black,1998-11-13,1998,11,Q4,1990s,Drama,Fantasy,PG-13,Original Screenplay,Universal,Universal,85000000.0,44650003.0,44650003.0,0.5252941529411764,0,0.0,50.0,69.0,-19.0,56067.0,18.258161814454592,17.61436493247603,10.934302683138412
A Bug's Life,1998-11-20,1998,11,Q4,1990s,Adventure,Fantasy,G,Original Screenplay,Walt Disney Pictures,Walt Disney Pictures,45000000.0,162798565.0,363109485.0,8.069099666666666,1,0.5516543309244594,91.0,73.0,18.0,56866.0,17.622173047734595,19.710214958323746,10.948452901973463
Enemy of the State,1998-11-20,1998,11,Q4,1990s,Action,Contemporary Fiction,R,Original Screenplay,Walt Disney Pictures,Walt Disney Pictures,85000000.0,111549836.0,250649836.0,2.9488216,1,0.5549574746180963,70.0,72.0,-2.0,66700.0,18.258161814454592,19.339567447374748,11.107960231903714
Celebrity,1998-11-20,1998,11,Q4,1990s,Comedy,Contemporary Fiction,R,Original Screenplay,Miramax,Miramax,12000000.0,5078660.0,6200000.0,0.5166666666666667,0,0.18086129032258064,41.0,61.0,-20.0,10978.0,16.300417207752275,15.64005985001532,9.303648549109834
The Rugrats Movie,1998-11-20,1998,11,Q4,1990s,Adventure,Kids Fiction,G,Based on TV,Paramount Pictures,Paramount Pictures,28000000.0,100494685.0,140894685.0,5.031953035714285,1,0.28673899231897926,57.0,54.0,3.0,4857.0,17.14771506813948,18.76352325436892,8.488176242345745
Central do Brasil,1998-11-20,1998,11,Q4,1990s,Drama,Contemporary Fiction,R,Original Screenplay,Sony Pictures Classics,Sony Pictures Classics,2900000.0,5969553.0,17006158.0,5.864192413793104,1,0.6489769764575867,,80.0,,17343.0,14.880221294956703,16.649086071723243,9.760944245750586
Waking Ned Devine,1998-11-20,1998,11,Q4,1990s,Comedy,Contemporary Fiction,PG,Original Screenplay,20th Century Fox,20th Century Fox,3000000.0,24793251.0,55193251.0,18.397750333333335,1,0.5507919799832048,82.0,,,,14.914122846632385,17.826351239279656,
Babe: Pig in the City,1998-11-25,1998,11,Q4,1990s,Adventure,Kids Fiction,G,Based on Book/Short Story,Universal,Universal,80000000.0,18319860.0,69131860.0,0.86414825,0,0.7350011991576677,61.0,61.0,0.0,9918.0,18.197537192638155,18.05152625338909,9.202106567049078
Home Fries,1998-11-25,1998,11,Q4,1990s,Black Comedy,Contemporary Fiction,PG-13,Original Screenplay,Warner Bros.,Warner Bros.,15000000.0,10513979.0,10513979.0,0.7009319333333334,0,0.0,31.0,47.0,-16.0,4806.0,16.523560759066484,16.16821626302265,8.477620416296414
Little Voice,1998-12-04,1998,12,Q4,1990s,Musical,Contemporary Fiction,R,Based on Play,Miramax,Miramax,6000000.0,4595000.0,4595000.0,0.7658333333333334,0,0.0,83.0,69.0,14.0,8453.0,15.60727002719233,15.340479313771924,9.042276686928927
Psycho,1998-12-04,1998,12,Q4,1990s,Horror,Contemporary Fiction,R,Remake,Universal,Universal,20000000.0,21541218.0,37226218.0,1.8613109,1,0.42134282886324903,35.0,45.0,-10.0,19769.0,16.811242831518264,17.432523855945334,9.891870333195937
Shakespeare in Love,1998-12-11,1998,12,Q4,1990s,Romantic Comedy,Historical Fiction,R,Original Screenplay,Miramax,Miramax,26000000.0,100317794.0,279500000.0,10.75,1,0.6410812379248658,93.0,74.0,19.0,77911.0,17.073607095985757,19.44851285055943,11.26332242856534
Star Trek: Insurrection,1998-12-11,1998,12,Q4,1990s,Adventure,Science Fiction,PG,Based on TV,Paramount Pictures,Paramount Pictures,70000000.0,70187658.0,117800000.0,1.6828571428571428,1,0.40417947368421053,,64.0,,26559.0,18.064005800013632,18.58449882918176,10.187123952279158
Rushmore,1998-12-11,1998,12,Q4,1990s,Black Comedy,Contemporary Fiction,R,Original Screenplay,Walt Disney Pictures,Walt Disney Pictures,10000000.0,17105219.0,19080435.0,1.9080435,1,0.10352049101605912,87.0,78.0,9.0,53192.0,16.11809565095832,16.764174022466666,10.88166328808229
A Simple Plan,1998-12-11,1998,12,Q4,1990s,Drama,Contemporary Fiction,R,Based on Book/Short Story,Paramount Pictures,Paramount Pictures,17000000.0,16316273.0,16316273.0,0.9597807647058824,0,0.0,90.0,76.0,14.0,29095.0,16.64872390202049,16.607673511321774,10.27832161709077
Jack Frost,1998-12-11,1998,12,Q4,1990s,Comedy,Fantasy,PG,Original Screenplay,Warner Bros.,Warner Bros.,50000000.0,34645374.0,34645374.0,0.69290748,0,0.0,15.0,46.0,-31.0,6932.0,17.72753356339242,17.360674768193896,8.843903650835497
You've Got Mail,1998-12-18,1998,12,Q4,1990s,Drama,Contemporary Fiction,PG,Based on Play,Warner Bros.,Warner Bros.,65000000.0,115821495.0,250800000.0,3.8584615384615386,1,0.5381918062200957,68.0,62.0,6.0,52587.0,17.98989782785991,19.34016636672304,10.870224219890657
The Prince of Egypt,1998-12-18,1998,12,Q4,1990s,Adventure,Dramatization,PG,Based on Book/Short Story,Dreamworks SKG,Dreamworks SKG,60000000.0,101413188.0,218600000.0,3.6433333333333335,1,0.536078737419945,79.0,68.0,11.0,24569.0,17.909855120186375,19.202754133706712,10.109240764646255
The Thin Red Line,1998-12-23,1998,12,Q4,1990s,Drama,Dramatization,R,Based on Book/Short Story,20th Century Fox,20th Century Fox,52000000.0,36400491.0,36400491.0,0.7000094423076924,0,0.0,78.0,75.0,3.0,60966.0,17.7667542765457,17.410092821526984,11.018071610713937
The Swindle,1998-12-25,1998,12,Q4,1990s,Comedy,Unknown,Unknown,Unknown,New Yorker,Other,10000000.0,245359.0,5045359.0,0.5045359,0,0.951369367373065,,52.0,,1417.0,16.11809565095832,15.43397936880205,7.256297239690681
Mighty Joe Young,1998-12-25,1998,12,Q4,1990s,Adventure,Science Fiction,PG,Remake,Walt Disney Pictures,Walt Disney Pictures,80000000.0,50632037.0,50632037.0,0.6329004625,0,0.0,52.0,54.0,-2.0,9187.0,18.197537192638155,17.740095076200166,9.125544720271467
Patch Adams,1998-12-25,1998,12,Q4,1990s,Comedy,Contemporary Fiction,PG-13,Based on Real Life Events,Universal,Universal,50000000.0,135041968.0,202200000.0,4.044,1,0.33213665677546983,24.0,63.0,-39.0,31481.0,17.72753356339242,19.124767864550645,10.357139468227567
Stepmom,1998-12-25,1998,12,Q4,1990s,Drama,Contemporary Fiction,PG-13,Original Screenplay,Sony/TriStar,Other,50000000.0,91137662.0,119709917.0,2.39419834,1,0.2386790979063163,43.0,62.0,-19.0,18505.0,17.72753356339242,18.600582015885067,9.825796244820257
The Faculty,1998-12-25,1998,12,Q4,1990s,Horror,Contemporary Fiction,R,Original Screenplay,Miramax,Miramax,15000000.0,40283321.0,40283321.0,2.6855547333333334,1,0.0,51.0,63.0,-12.0,36139.0,16.523560759066484,17.51144807028094,10.495127893591839
A Civil Action,1998-12-25,1998,12,Q4,1990s,Drama,Contemporary Fiction,PG-13,Based on Book/Short Story,Walt Disney Pictures,Walt Disney Pictures,60000000.0,56709981.0,56709981.0,0.94516635,0,0.0,61.0,64.0,-3.0,14244.0,17.909855120186375,17.853460784952244,9.564091044397669
Sticky Fingers of Time,1999-01-08,1999,1,Q1,1990s,Thriller/Suspense,Unknown,Unknown,Unknown,Strand,Other,250000.0,18195.0,20628.0,0.082512,0,0.11794648051192554,,,,,12.429216196844383,9.93440465517085,
Virus,1999-01-15,1999,1,Q1,1990s,Action,Science Fiction,R,Based on Comic/Graphic Novel,Universal,Universal,75000000.0,14010690.0,30626690.0,0.4083558666666667,0,0.5425333263241963,9.0,45.0,-36.0,10487.0,18.132998671500584,17.23738240898007,9.257891673834406
Mississippi Mermaid,1999-01-15,1999,1,Q1,1990s,Unknown,Unknown,Unknown,Unknown,MGM,MGM,1600000.0,24551.0,2624551.0,1.640344375,1,0.9906456380538995,,,,,14.28551418721001,14.7804203917585,
At First Sight,1999-01-15,1999,1,Q1,1990s,Drama,Contemporary Fiction,PG-13,Original Screenplay,MGM,MGM,40000000.0,22365133.0,22365133.0,0.559128325,0,0.0,33.0,56.0,-23.0,6872.0,17.50439001207821,16.923013741623265,8.835210463664092
In Dreams,1999-01-15,1999,1,Q1,1990s,Horror,Contemporary Fiction,R,Based on Book/Short Story,Dreamworks SKG,Dreamworks SKG,30000000.0,12017369.0,12017369.0,0.40057896666666665,0,0.0,22.0,53.0,-31.0,7138.0,17.216707939626428,16.30186357792113,8.873187904050106
Varsity Blues,1999-01-15,1999,1,Q1,1990s,Drama,Contemporary Fiction,R,Original Screenplay,Paramount Pictures,Paramount Pictures,16000000.0,52894169.0,54294169.0,3.3933855625,1,0.025785457734881254,39.0,60.0,-21.0,18066.0,16.588099280204055,17.80992739423928,9.801786997709788
Bacheha-Ye aseman,1999-01-22,1999,1,Q1,1990s,Comedy,Contemporary Fiction,PG,Original Screenplay,Miramax,Miramax,180000.0,925402.0,925402.0,5.141122222222222,1,0.0,,80.0,,6657.0,12.100712129872347,13.737983516680279,8.803424211600703
Gloria,1999-01-22,1999,1,Q1,1990s,Drama,Contemporary Fiction,R,Remake,Sony Pictures,Sony Pictures,30000000.0,4167493.0,4967493.0,0.1655831,0,0.1610470311684385,19.0,47.0,-28.0,2726.0,17.216707939626428,15.41842584424758,7.9105906122564775
She's All That,1999-01-29,1999,1,Q1,1990s,Romantic Comedy,Contemporary Fiction,PG-13,Original Screenplay,Miramax,Miramax,10000000.0,63465522.0,63465522.0,6.3465522,1,0.0,38.0,54.0,-16.0,28498.0,16.11809565095832,17.966007355776497,10.257589188355734
Simply Irresistible,1999-02-05,1999,2,Q1,1990s,Romantic Comedy,Contemporary Fiction,PG-13,Original Screenplay,20th Century Fox,20th Century Fox,6000000.0,4398989.0,4398989.0,0.7331648333333334,0,0.0,14.0,48.0,-34.0,6927.0,15.60727002719233,15.296885299759419,8.843182098022606
Payback,1999-02-05,1999,2,Q1,1990s,Action,Contemporary Fiction,R,Based on Book/Short Story,Paramount Pictures,Paramount Pictures,50000000.0,81526121.0,161626121.0,3.23252242,1,0.4955882100270166,51.0,58.0,-7.0,304.0,17.72753356339242,18.900796330840443,5.717027701406222
Message in a Bottle,1999-02-12,1999,2,Q1,1990s,Drama,Contemporary Fiction,PG-13,Based on Book/Short Story,Warner Bros.,Warner Bros.,30000000.0,52880016.0,52880016.0,1.7626672,1,0.0,31.0,56.0,-25.0,13108.0,17.216707939626428,17.78353605607952,9.480978009818704
My Favorite Martian,1999-02-12,1999,2,Q1,1990s,Comedy,Science Fiction,PG,Based on TV,Walt Disney Pictures,Walt Disney Pictures,60000000.0,36850101.0,36850101.0,0.61416835,0,0.0,13.0,45.0,-32.0,4918.0,17.909855120186375,17.42236891743711,8.500657222776137
Blast from the Past,1999-02-12,1999,2,Q1,1990s,Comedy,Contemporary Fiction,PG-13,Original Screenplay,New Line,New Line,35000000.0,26613620.0,26613620.0,0.7603891428571429,0,0.0,60.0,64.0,-4.0,23243.0,17.37085861945369,17.096933672784445,10.053759290414428
Tango,1999-02-12,1999,2,Q1,1990s,Drama,Historical Fiction,PG-13,Original Screenplay,Sony Pictures Classics,Sony Pictures Classics,4500000.0,1687311.0,1687311.0,0.374958,0,0.0,,69.0,,1490.0,15.319587954740548,14.338646695456353,7.306531398939505
Jawbreaker,1999-02-19,1999,2,Q1,1990s,Black Comedy,Contemporary Fiction,R,Original Screenplay,Sony Pictures,Sony Pictures,3000000.0,3076820.0,3076820.0,1.0256066666666668,1,0.0,7.0,48.0,-41.0,9329.0,14.914122846632385,14.939407154055536,9.140883106960962
Office Space,1999-02-19,1999,2,Q1,1990s,Black Comedy,Contemporary Fiction,R,Based on Short Film,Miramax,Miramax,10000000.0,10827813.0,12827813.0,1.2827813,1,0.15591122196745463,80.0,79.0,1.0,80972.0,16.11809565095832,16.36712626220218,11.301858694881467
20 Dates,1999-02-26,1999,2,Q1,1990s,Comedy,Unknown,R,Original Screenplay,Fox Searchlight,Fox Searchlight,66000.0,541636.0,541636.0,8.206606060606061,1,0.0,,49.0,,1423.0,11.097410021008562,13.202349468090539,7.260522598089852
8MM,1999-02-26,1999,2,Q1,1990s,Thriller/Suspense,Contemporary Fiction,R,Original Screenplay,Sony Pictures,Sony Pictures,40000000.0,36443442.0,96398826.0,2.40997065,1,0.621951391814668,22.0,63.0,-41.0,47753.0,17.50439001207821,18.38400458108338,10.77379717116046
200 Cigarettes,1999-02-26,1999,2,Q1,1990s,Romantic Comedy,Contemporary Fiction,R,Original Screenplay,Paramount Pictures,Paramount Pictures,6000000.0,6852450.0,6852450.0,1.142075,1,0.0,30.0,54.0,-24.0,8645.0,15.60727002719233,15.74011681052538,9.064736398117391
"Lock, Stock and Two Smoking Barrels",1999-03-05,1999,3,Q1,1990s,Black Comedy,Contemporary Fiction,R,Original Screenplay,Gramercy,Other,1350000.0,3897569.0,25297569.0,18.73894,1,0.8459310853149565,,,,,14.115615150414612,17.04621886212458,
Analyze This,1999-03-05,1999,3,Q1,1990s,Comedy,Contemporary Fiction,R,Original Screenplay,Warner Bros.,Warner Bros.,30000000.0,106885658.0,176885658.0,5.8961886,1,0.39573587136160016,68.0,66.0,2.0,52894.0,17.216707939626428,18.991014081790198,10.876045189863586
Cruel Intentions,1999-03-05,1999,3,Q1,1990s,Drama,Contemporary Fiction,R,Based on Book/Short Story,Sony Pictures,Sony Pictures,11000000.0,38230075.0,75803716.0,6.891246909090909,1,0.4956701726865211,47.0,67.0,-20.0,66861.0,16.213405830762646,18.14365787315768,11.110371116488025
The Corruptor,1999-03-12,1999,3,Q1,1990s,Action,Contemporary Fiction,R,Original Screenplay,New Line,New Line,10000000.0,15164492.0,15164492.0,1.5164492,1,0.0,48.0,58.0,-10.0,9008.0,16.11809565095832,16.534467200357128,9.105868350379472
The Deep End of the Ocean,1999-03-12,1999,3,Q1,1990s,Drama,Contemporary Fiction,PG-13,Based on Book/Short Story,Sony Pictures,Sony Pictures,40000000.0,13508635.0,13508635.0,0.337715875,0,0.0,42.0,60.0,-18.0,5790.0,17.50439001207821,16.418839668562445,8.663887570567042
Wing Commander,1999-03-12,1999,3,Q1,1990s,Action,Science Fiction,PG-13,Based on Game,20th Century Fox,20th Century Fox,30000000.0,11578022.0,11578022.0,0.3859340666666667,0,0.0,11.0,37.0,-26.0,9460.0,17.216707939626428,16.26461920377475,9.154827662045925
The Rage: Carrie 2,1999-03-12,1999,3,Q1,1990s,Horror,Contemporary Fiction,R,Based on Book/Short Story,MGM,MGM,21000000.0,17760244.0,17760244.0,0.8457259047619048,0,0.0,16.0,43.0,-27.0,7235.0,16.860032995687696,16.69247303417266,8.886685639065584
Baby Geniuses,1999-03-12,1999,3,Q1,1990s,Comedy,Kids Fiction,PG,Original Screenplay,Sony Pictures,Sony Pictures,13000000.0,27151490.0,27151490.0,2.088576153846154,1,0.0,2.0,22.0,-20.0,9038.0,16.38045991542581,17.11694248313301,9.109193189971226
Sparkler,1999-03-19,1999,3,Q1,1990s,Unknown,Unknown,R,Unknown,Strand,Other,1000000.0,5494.0,5494.0,0.005494,0,0.0,17.0,55.0,-38.0,320.0,13.815510557964274,8.611411866655219,5.768320995793772
Ravenous,1999-03-19,1999,3,Q1,1990s,Horror,Historical Fiction,R,Original Screenplay,20th Century Fox,20th Century Fox,12000000.0,2062406.0,2062406.0,0.17186716666666665,0,0.0,39.0,69.0,-30.0,15804.0,16.300417207752275,14.539383820394791,9.66801835153128
A Walk on the Moon,1999-03-26,1999,3,Q1,1990s,Drama,Historical Fiction,R,Original Screenplay,Miramax,Miramax,14000000.0,4741987.0,4741987.0,0.33871335714285716,0,0.0,74.0,64.0,10.0,4125.0,16.454567887579532,15.37196680414443,8.324821298768782
Doug's 1st Movie,1999-03-26,1999,3,Q1,1990s,Adventure,Kids Fiction,G,Based on TV,Walt Disney Pictures,Walt Disney Pictures,5000000.0,19421271.0,19421271.0,3.8842542,1,0.0,,48.0,,920.0,15.424948470398375,16.781879466677587,6.824373670043086
Among Giants,1999-03-26,1999,3,Q1,1990s,Romantic Comedy,Unknown,R,Original Screenplay,Fox Searchlight,Fox Searchlight,4000000.0,64359.0,64359.0,0.01608975,0,0.0,,57.0,,546.0,15.201804919084164,11.072232063384615,6.302618975744905
EDtv,1999-03-26,1999,3,Q1,1990s,Comedy,Contemporary Fiction,PG-13,Original Screenplay,Universal,Universal,60000000.0,22508689.0,35319689.0,0.5886614833333333,0,0.362715538067167,62.0,60.0,2.0,21734.0,17.909855120186375,17.379951128451754,9.986633133622798
The Matrix,1999-03-31,1999,3,Q1,1990s,Action,Science Fiction,R,Original Screenplay,Warner Bros.,Warner Bros.,65000000.0,171479930.0,460279930.0,7.0812296923076925,1,0.6274442598442214,86.0,87.0,-1.0,380934.0,17.98989782785991,19.947345405838178,12.850381410756619
Ten Things I Hate About You,1999-03-31,1999,3,Q1,1990s,Romantic Comedy,Contemporary Fiction,PG-13,Based on Play,Walt Disney Pictures,Walt Disney Pictures,13000000.0,38177966.0,38177966.0,2.9367666153846153,1,0.0,,69.0,,61910.0,16.38045991542581,17.45776910087734,11.033436996513277
The Out-of-Towners,1999-04-02,1999,4,Q2,1990s,Comedy,Contemporary Fiction,PG-13,Remake,Paramount Pictures,Paramount Pictures,40000000.0,28544120.0,28544120.0,0.713603,0,0.0,24.0,49.0,-25.0,6338.0,17.50439001207821,17.16696151838891,8.754318540250866
Following,1999-04-04,1999,4,Q2,1990s,Unknown,Unknown,R,Unknown,Zeitgeist,Other,6000.0,44705.0,44705.0,7.450833333333334,1,0.0,,77.0,,15133.0,8.699514748210191,10.707840631169418,9.624633068687027
Go!,1999-04-09,1999,4,Q2,1990s,Black Comedy,Contemporary Fiction,R,Original Screenplay,Sony Pictures,Sony Pictures,6500000.0,16875273.0,28383441.0,4.3666832307692305,1,0.40545358823829714,92.0,,,,15.687312734865866,17.161316469703596,
Foolish,1999-04-09,1999,4,Q2,1990s,Comedy,Contemporary Fiction,R,Original Screenplay,Artisan,Other,1600000.0,6026908.0,6026908.0,3.7668175,1,0.0,,38.0,,353.0,14.28551418721001,15.611744667706233,5.8664680569332965
Life,1999-04-16,1999,4,Q2,1990s,Comedy,Contemporary Fiction,R,Original Screenplay,Universal,Universal,75000000.0,64062587.0,73521587.0,0.9802878266666667,0,0.12865609116952276,50.0,53.0,-3.0,99.0,18.132998671500584,18.113089621741736,4.59511985013459
Pushing Tin,1999-04-23,1999,4,Q2,1990s,Comedy,Contemporary Fiction,R,Based on Magazine Article,20th Century Fox,20th Century Fox,33000000.0,8408835.0,8408835.0,0.2548131818181818,0,0.0,49.0,59.0,-10.0,16160.0,17.312018119430753,15.944793496788774,9.690294332075087
Lost and Found,1999-04-23,1999,4,Q2,1990s,Romantic Comedy,Contemporary Fiction,PG-13,Original Screenplay,Warner Bros.,Warner Bros.,14000000.0,6552255.0,6552255.0,0.4680182142857143,0,0.0,13.0,48.0,-35.0,118.0,16.454567887579532,15.695319823171621,4.770684624465665
Election,1999-04-23,1999,4,Q2,1990s,Black Comedy,Contemporary Fiction,R,Based on Book/Short Story,Paramount Pictures,Paramount Pictures,8500000.0,14943582.0,14943582.0,1.7580684705882352,1,0.0,92.0,74.0,18.0,37454.0,15.955576721460545,16.519792467967484,10.530868792320454
eXistenZ,1999-04-23,1999,4,Q2,1990s,Thriller/Suspense,Science Fiction,R,Original Screenplay,Miramax,Miramax,20700000.0,2840417.0,2840417.0,0.13721821256038647,0,0.0,71.0,68.0,3.0,35788.0,16.8456442582356,14.85946143034469,10.485367920667487
Entrapment,1999-04-30,1999,4,Q2,1990s,Thriller/Suspense,Contemporary Fiction,PG-13,Original Screenplay,20th Century Fox,20th Century Fox,66000000.0,87707396.0,211700000.0,3.2075757575757575,1,0.5856995937647614,38.0,61.0,-23.0,40764.0,18.0051652999907,19.170680736105094,10.615554617948584
Get Real,1999-04-30,1999,4,Q2,1990s,Comedy,Contemporary Fiction,R,Based on Play,Paramount Pictures,Paramount Pictures,2000000.0,1152411.0,1152411.0,0.5762055,0,0.0,,75.0,,6026.0,14.508657738524219,13.957366827443726,8.703838719690246
Idle Hands,1999-04-30,1999,4,Q2,1990s,Horror,Contemporary Fiction,R,Original Screenplay,Sony Pictures,Sony Pictures,15000000.0,4023741.0,4023741.0,0.2682494,0,0.0,15.0,58.0,-43.0,16157.0,16.523560759066484,15.207722624873176,9.69010867127683
The Mummy,1999-05-07,1999,5,Q2,1990s,Adventure,Fantasy,PG-13,Remake,Universal,Universal,80000000.0,155385488.0,416385488.0,5.2048186,1,0.6268229982116956,54.0,68.0,-14.0,95658.0,18.197537192638155,19.847122042993067,11.46853460963542
Trippin',1999-05-12,1999,5,Q2,1990s,Comedy,Contemporary Fiction,R,Original Screenplay,October Films,Other,3000000.0,9017070.0,9017070.0,3.00569,1,0.0,8.0,46.0,-38.0,673.0,14.914122846632385,16.01463000556603,6.511745329644728
Tea with Mussolini,1999-05-14,1999,5,Q2,1990s,Drama,Dramatization,PG,Based on Real Life Events,MGM,MGM,14000000.0,14395874.0,14395874.0,1.0282767142857143,1,0.0,67.0,67.0,0.0,5435.0,16.454567887579532,16.482452195711524,8.60061479955531
Star Wars Ep. I: The Phantom Menace,1999-05-19,1999,5,Q2,1990s,Adventure,Science Fiction,PG,Original Screenplay,20th Century Fox,20th Century Fox,115000000.0,431088297.0,924288297.0,8.037289539130434,1,0.5335997454482538,,,,,18.560442686327523,20.6445345906813,
Trekkies,1999-05-21,1999,5,Q2,1990s,Documentary,Factual,PG,Based on Real Life Events,Paramount Pictures,Paramount Pictures,375000.0,617172.0,617172.0,1.645792,1,0.0,,69.0,,3004.0,12.834681304952548,13.332903032272268,8.007700012884026
The Love Letter,1999-05-21,1999,5,Q2,1990s,Romantic Comedy,Contemporary Fiction,PG-13,Based on Book/Short Story,Dreamworks SKG,Dreamworks SKG,15000000.0,8322608.0,8322608.0,0.5548405333333334,0,0.0,33.0,51.0,-18.0,2446.0,16.523560759066484,15.934486225217048,7.802209316247118
The Loss of Sexual Innocence,1999-05-28,1999,5,Q2,1990s,Unknown,Unknown,Unknown,Unknown,Sony Pictures,Sony Pictures,4000000.0,399793.0,399793.0,0.09994825,0,0.0,45.0,49.0,-4.0,2263.0,15.201804919084164,12.89870219214078,7.724446645633537
Notting Hill,1999-05-28,1999,5,Q2,1990s,Romantic Comedy,Contemporary Fiction,PG-13,Original Screenplay,Universal,Universal,42000000.0,116089678.0,363728226.0,8.660195857142858,1,0.6808340136902106,82.0,69.0,13.0,66362.0,17.553180176247643,19.711917514864492,11.102879882487954
The Thirteenth Floor,1999-05-28,1999,5,Q2,1990s,Thriller/Suspense,Science Fiction,R,Based on Book/Short Story,Sony Pictures,Sony Pictures,16000000.0,11810854.0,11810854.0,0.738178375,0,0.0,28.0,67.0,-39.0,19939.0,16.588099280204055,16.284529497159525,9.900432891806899
Limbo,1999-06-04,1999,6,Q2,1990s,Drama,Contemporary Fiction,R,Original Screenplay,Sony Pictures,Sony Pictures,8300000.0,2016687.0,2016687.0,0.24297433734939758,0,0.0,,69.0,,3855.0,15.931766072766827,14.516966623932714,8.25712628599743
Instinct,1999-06-04,1999,6,Q2,1990s,Drama,Contemporary Fiction,R,Original Screenplay,Walt Disney Pictures,Walt Disney Pictures,55000000.0,34105207.0,34105207.0,0.6200946727272727,0,0.0,27.0,62.0,-35.0,15388.0,17.822843743196746,17.344960628543813,9.641343263872185
Desert Blue,1999-06-04,1999,6,Q2,1990s,Unknown,Unknown,R,Unknown,Goldwyn Entertainment,Other,5000000.0,99147.0,99147.0,0.0198294,0,0.0,,60.0,,1412.0,15.424948470398375,11.504358876304103,7.252762418053187
Austin Powers: The Spy Who Shagged Me,1999-06-10,1999,6,Q2,1990s,Comedy,Historical Fiction,PG-13,Original Screenplay,New Line,New Line,35000000.0,206040085.0,309600000.0,8.845714285714285,1,0.33449584948320416,,66.0,,81005.0,17.37085861945369,19.550791699679845,11.30226616014452
Le Violon rouge,1999-06-11,1999,6,Q2,1990s,Drama,Historical Fiction,R,Original Screenplay,Lionsgate,Lionsgate,10000000.0,10019109.0,10019109.0,1.0019109,1,0.0,,77.0,,14545.0,16.11809565095832,16.120004727511496,9.585002570929301
Tarzan,1999-06-16,1999,6,Q2,1990s,Adventure,Historical Fiction,G,Based on Book/Short Story,Walt Disney Pictures,Walt Disney Pictures,145000000.0,171091819.0,448191819.0,3.0909780620689653,1,0.6182620660463238,88.0,69.0,19.0,26871.0,18.792244300384848,19.920731866152465,10.198802917143304
The General's Daughter,1999-06-18,1999,6,Q2,1990s,Drama,Contemporary Fiction,R,Based on Book/Short Story,Paramount Pictures,Paramount Pictures,60000000.0,102705852.0,149705852.0,2.4950975333333334,1,0.3139489831032123,22.0,61.0,-39.0,23570.0,17.909855120186375,18.82418294014217,10.067729995930177
An Ideal Husband,1999-06-18,1999,6,Q2,1990s,Comedy,Historical Fiction,PG-13,Based on Play,Miramax,Miramax,10700000.0,18542974.0,18542974.0,1.7329882242990655,1,0.0,86.0,67.0,19.0,8078.0,16.185754299432134,16.735601515162173,8.996899596123358
Run Lola Run,1999-06-18,1999,6,Q2,1990s,Thriller/Suspense,Contemporary Fiction,R,Original Screenplay,Sony Pictures,Sony Pictures,1750000.0,7267324.0,14533173.0,8.304670285714286,1,0.4999492540273208,,60.0,,91.0,14.375126345899696,16.491944387480206,4.51085950651685
Big Daddy,1999-06-25,1999,6,Q2,1990s,Comedy,Contemporary Fiction,PG-13,Original Screenplay,Sony Pictures,Sony Pictures,30000000.0,163479795.0,234779795.0,7.825993166666667,1,0.30368882467079417,40.0,47.0,-7.0,48.0,17.216707939626428,19.27415859025642,3.871201010907891
"South Park: Bigger, Longer & Uncut",1999-06-30,1999,6,Q2,1990s,Comedy,Contemporary Fiction,R,Based on TV,Paramount Pictures,Paramount Pictures,21000000.0,52037603.0,52037603.0,2.4779810952380954,1,0.0,80.0,,,,16.860032995687696,17.76747714982523,
Wild Wild West,1999-06-30,1999,6,Q2,1990s,Adventure,Historical Fiction,PG-13,Based on TV,Warner Bros.,Warner Bros.,175000000.0,113805681.0,222105681.0,1.26917532,1,0.48760571774839023,21.0,43.0,-22.0,54183.0,18.980296531887788,19.218663867105743,10.900122485091773
Broken Vessels,1999-07-02,1999,7,Q3,1990s,Drama,Unknown,R,Original Screenplay,Unknown,Unknown,600000.0,15030.0,85343.0,0.14223833333333333,0,0.8238871377851728,,64.0,,399.0,13.304684934198283,11.354433709627754,5.988961416889864
Summer of Sam,1999-07-02,1999,7,Q3,1990s,Drama,Historical Fiction,R,Based on Real Life Events,Walt Disney Pictures,Walt Disney Pictures,22000000.0,19288130.0,19288130.0,0.8767331818181818,0,0.0,50.0,65.0,-15.0,18431.0,16.90655301132259,16.775000438762362,9.821789308551622
American Pie,1999-07-09,1999,7,Q3,1990s,Comedy,Contemporary Fiction,R,Original Screenplay,Universal,Universal,12000000.0,101800948.0,234800000.0,19.566666666666666,1,0.5664354855195911,59.0,69.0,-10.0,106624.0,16.300417207752275,19.274244645918216,11.57706390608646
Arlington Road,1999-07-09,1999,7,Q3,1990s,Thriller/Suspense,Contemporary Fiction,R,Original Screenplay,Sony Pictures,Sony Pictures,21500000.0,24419219.0,24419219.0,1.1357776279069767,1,0.0,60.0,72.0,-12.0,36051.0,16.883563493097892,17.010881044153415,10.492689881579409
The Blair Witch Project,1999-07-14,1999,7,Q3,1990s,Horror,Contemporary Fiction,R,Original Screenplay,Artisan,Other,600000.0,140539099.0,248300000.0,413.8333333333333,1,0.433994768425292,85.0,62.0,23.0,87629.0,13.304684934198283,19.330148250478395,11.380867272367757
Muppets From Space,1999-07-14,1999,7,Q3,1990s,Comedy,Kids Fiction,G,Based on TV,Sony Pictures,Sony Pictures,24000000.0,16304786.0,16304786.0,0.6793660833333334,0,0.0,62.0,61.0,1.0,5945.0,16.99356438831222,16.606969242311084,8.690305809124883
Lake Placid,1999-07-16,1999,7,Q3,1990s,Thriller/Suspense,Contemporary Fiction,R,Original Screenplay,20th Century Fox,20th Century Fox,27000000.0,31770413.0,31770413.0,1.176681962962963,1,0.0,38.0,53.0,-15.0,19382.0,17.111347423968603,17.27404600584644,9.872100079294496
The Velocity of Gary,1999-07-16,1999,7,Q3,1990s,Unknown,Unknown,R,Unknown,Sony Pictures,Sony Pictures,4000000.0,34145.0,34145.0,0.00853625,0,0.0,,,,,15.201804919084164,10.438371441395189,
The Wood,1999-07-16,1999,7,Q3,1990s,Comedy,Contemporary Fiction,R,Original Screenplay,Paramount Pictures,Paramount Pictures,6000000.0,25059640.0,25059640.0,4.176606666666666,1,0.0,61.0,61.0,0.0,3224.0,15.60727002719233,17.036769141806264,8.07837810362652
Eyes Wide Shut,1999-07-16,1999,7,Q3,1990s,Drama,Contemporary Fiction,R,Based on Book/Short Story,Warner Bros.,Warner Bros.,65000000.0,55691208.0,86257553.0,1.327039276923077,1,0.3543613740120822,78.0,72.0,6.0,93880.0,17.98989782785991,18.27284818105612,11.44977264996496
Drop Dead Gorgeous,1999-07-23,1999,7,Q3,1990s,Comedy,Contemporary Fiction,PG-13,Original Screenplay,New Line,New Line,10000000.0,10571408.0,10571408.0,1.0571408,1,0.0,45.0,62.0,-17.0,16344.0,16.11809565095832,16.17366355616529,9.701616136497458
The Haunting,1999-07-23,1999,7,Q3,1990s,Horror,Contemporary Fiction,PG-13,Based on Book/Short Story,Dreamworks SKG,Dreamworks SKG,80000000.0,91188905.0,180188905.0,2.2523613125,1,0.493926082740777,17.0,46.0,-29.0,31808.0,18.197537192638155,19.009516330765724,10.3674731094563
Inspector Gadget,1999-07-23,1999,7,Q3,1990s,Comedy,Kids Fiction,PG,Based on TV,Walt Disney Pictures,Walt Disney Pictures,75000000.0,97387965.0,97387965.0,1.2985062,1,0.0,21.0,39.0,-18.0,13881.0,18.132998671500584,18.394213198349938,9.53827627757511
Deep Blue Sea,1999-07-28,1999,7,Q3,1990s,Action,Contemporary Fiction,R,Original Screenplay,Warner Bros.,Warner Bros.,60000000.0,73648228.0,165048228.0,2.7508038,1,0.5537775298017741,57.0,56.0,1.0,44191.0,17.909855120186375,18.92174828006528,10.696276427422939
Runaway Bride,1999-07-30,1999,7,Q3,1990s,Romantic Comedy,Contemporary Fiction,PG,Original Screenplay,Paramount Pictures,Paramount Pictures,70000000.0,152257509.0,308007919.0,4.400113128571428,1,0.5056701480457715,45.0,52.0,-7.0,28497.0,18.064005800013632,19.545636051646287,10.257554097558293
Twin Falls Idaho,1999-07-30,1999,7,Q3,1990s,Drama,Contemporary Fiction,R,Original Screenplay,Sony Pictures Classics,Sony Pictures Classics,500000.0,985341.0,1027228.0,2.054456,1,0.04077673116387014,77.0,71.0,6.0,2810.0,13.122363377404328,13.842374470113304,7.940939762327791
The Iron Giant,1999-08-04,1999,8,Q3,1990s,Adventure,Kids Fiction,PG,Based on Book/Short Story,Warner Bros.,Warner Bros.,50000000.0,23159305.0,31333917.0,0.62667834,0,0.2608870126259669,97.0,79.0,18.0,38791.0,17.72753356339242,17.26021167905225,10.565943539941884
Dick,1999-08-04,1999,8,Q3,1990s,Comedy,Historical Fiction,PG-13,Original Screenplay,Sony Pictures,Sony Pictures,13000000.0,6276869.0,6276869.0,0.4828360769230769,0,0.0,70.0,61.0,9.0,10451.0,16.38045991542581,15.65238184723961,9.254452946594503
The Gambler,1999-08-04,1999,8,Q3,1990s,Drama,Unknown,R,Unknown,Unknown,Unknown,3000000.0,51773.0,101773.0,0.033924333333333334,0,0.4912894382596563,,61.0,,199.0,14.914122846632385,11.530500121986739,5.293304824724492
The Sixth Sense,1999-08-06,1999,8,Q3,1990s,Thriller/Suspense,Contemporary Fiction,PG-13,Original Screenplay,Walt Disney Pictures,Walt Disney Pictures,40000000.0,293506292.0,672806292.0,16.8201573,1,0.5637581046878795,85.0,82.0,3.0,238745.0,17.50439001207821,20.326968018541233,12.383151315715304
The Mystery Men,1999-08-06,1999,8,Q3,1990s,Comedy,Super Hero,PG,Based on Comic/Graphic Novel,Universal,Universal,68000000.0,29762011.0,29762011.0,0.4376766323529412,0,0.0,,,,,18.03501826314038,17.20874333957088,
Illuminata,1999-08-06,1999,8,Q3,1990s,Drama,Historical Fiction,R,Based on Play,Artisan,Other,10000000.0,836641.0,836641.0,0.0836641,0,0.0,,61.0,,1100.0,16.11809565095832,13.637150344678462,7.003065458786462
The Thomas Crown Affair,1999-08-06,1999,8,Q3,1990s,Drama,Contemporary Fiction,R,Remake,MGM,MGM,48000000.0,69304264.0,124304264.0,2.589672166666667,1,0.44246269782024533,67.0,67.0,0.0,37692.0,17.686711568872166,18.638242859995543,10.537203149326647
Detroit Rock City,1999-08-13,1999,8,Q3,1990s,Comedy,Historical Fiction,R,Original Screenplay,New Line,New Line,16000000.0,4217115.0,4217115.0,0.2635696875,0,0.0,47.0,64.0,-17.0,15092.0,16.588099280204055,15.254661802928357,9.621920081084202
Bowfinger,1999-08-13,1999,8,Q3,1990s,Comedy,Contemporary Fiction,PG-13,Original Screenplay,Universal,Universal,55000000.0,66458769.0,98699769.0,1.7945412545454547,1,0.3266572994714912,79.0,64.0,15.0,33389.0,17.822843743196746,18.407593163975438,10.415981783402664
Universal Soldier II: The Return,1999-08-20,1999,8,Q3,1990s,Action,Science Fiction,R,Original Screenplay,Sony Pictures,Sony Pictures,40000000.0,10447421.0,10717421.0,0.267935525,0,0.025192627965253955,,34.0,,10233.0,17.50439001207821,16.187381106305107,9.233373071086755
Mickey Blue Eyes,1999-08-20,1999,8,Q3,1990s,Comedy,Contemporary Fiction,PG-13,Original Screenplay,Warner Bros.,Warner Bros.,40000000.0,33864342.0,53864342.0,1.34660855,1,0.3713031526496694,44.0,57.0,-13.0,16646.0,17.50439001207821,17.80197925851132,9.71992522630604
In Too Deep,1999-08-25,1999,8,Q3,1990s,Drama,Contemporary Fiction,R,Original Screenplay,Gramercy,Other,7000000.0,14026509.0,14026509.0,2.003787,1,0.0,36.0,55.0,-19.0,2529.0,15.761420707019587,16.45645959716815,7.835579246669965
The Muse,1999-08-27,1999,8,Q3,1990s,Comedy,Contemporary Fiction,PG-13,Original Screenplay,October Films,Other,15000000.0,11614954.0,11614954.0,0.7743302666666667,0,0.0,51.0,55.0,-4.0,6507.0,16.523560759066484,16.267803963782764,8.780633799494984
The 13th Warrior,1999-08-27,1999,8,Q3,1990s,Action,Fantasy,R,Based on Book/Short Story,Walt Disney Pictures,Walt Disney Pictures,125000000.0,32698899.0,61698899.0,0.493591192,0,0.4700245947662697,33.0,63.0,-30.0,36151.0,18.643824295266576,17.937776644307974,10.4954598897216
A Dog of Flanders,1999-08-27,1999,8,Q3,1990s,Drama,Historical Fiction,PG,Based on Book/Short Story,Warner Bros.,Warner Bros.,7000000.0,2165637.0,2165637.0,0.3093767142857143,0,0.0,17.0,59.0,-42.0,482.0,15.761420707019587,14.588225102470595,6.1779441140506
Dudley Do-Right,1999-08-27,1999,8,Q3,1990s,Comedy,Kids Fiction,PG,Based on TV,Universal,Universal,22000000.0,9818792.0,9818792.0,0.44630872727272725,0,0.0,14.0,36.0,-22.0,4628.0,16.90655301132259,16.099808658507154,8.439880088313567
Stiff Upper Lips,1999-08-27,1999,8,Q3,1990s,Unknown,Unknown,Unknown,Unknown,Cowboy Pictures,Other,5700000.0,69582.0,69582.0,0.012207368421052632,0,0.0,29.0,61.0,-32.0,543.0,15.555976732804778,11.150261192184757,6.297109319933935
The Astronaut's Wife,1999-08-27,1999,8,Q3,1990s,Thriller/Suspense,Science Fiction,R,Original Screenplay,New Line,New Line,34000000.0,10672566.0,10672566.0,0.313899,0,0.0,16.0,49.0,-33.0,20259.0,17.341871082580436,16.183187081713193,9.916354418242951
Chill Factor,1999-09-01,1999,9,Q3,1990s,Action,Contemporary Fiction,R,Original Screenplay,Warner Bros.,Warner Bros.,34000000.0,11263966.0,11263966.0,0.3312931176470588,0,0.0,7.0,49.0,-42.0,5374.0,17.341871082580436,16.237119338909498,8.589327789175437
Love Stinks,1999-09-10,1999,9,Q3,1990s,Comedy,Contemporary Fiction,R,Original Screenplay,Independent Artists,Other,4000000.0,2793776.0,2793776.0,0.698444,0,0.0,19.0,53.0,-34.0,3228.0,15.201804919084164,14.842904643788406,8.07961802938984
Stigmata,1999-09-10,1999,9,Q3,1990s,Horror,Contemporary Fiction,R,Original Screenplay,MGM,MGM,32000000.0,50041732.0,89441732.0,2.795054125,1,0.44051025308856945,22.0,60.0,-38.0,29411.0,17.281246460764002,18.309097932120952,10.289124033010108
A Stir of Echoes,1999-09-10,1999,9,Q3,1990s,Thriller/Suspense,Contemporary Fiction,R,Based on Book/Short Story,Artisan,Other,12000000.0,21133087.0,21133087.0,1.7610905833333332,1,0.0,,71.0,,26752.0,16.300417207752275,16.86635047451999,10.194364515884429
American Beauty,1999-09-15,1999,9,Q3,1990s,Drama,Contemporary Fiction,R,Original Screenplay,Dreamworks SKG,Dreamworks SKG,15000000.0,130058047.0,356258047.0,23.750536466666667,1,0.6349330265092932,89.0,86.0,3.0,292562.0,16.523560759066484,19.691165877362202,12.586431889004436
Breakfast of Champions,1999-09-17,1999,9,Q3,1990s,Comedy,Unknown,R,Based on Book/Short Story,Walt Disney Pictures,Walt Disney Pictures,12000000.0,178287.0,178287.0,0.01485725,0,0.0,25.0,43.0,-18.0,5033.0,16.300417207752275,12.091149890368655,8.52377150677636
Sugar Town,1999-09-17,1999,9,Q3,1990s,Comedy,Unknown,R,Unknown,October Films,Other,250000.0,178095.0,178095.0,0.71238,0,0.0,67.0,56.0,11.0,566.0,12.429216196844383,12.090072394768002,6.338594078203183
Blue Streak,1999-09-17,1999,9,Q3,1990s,Action,Contemporary Fiction,PG-13,Original Screenplay,Sony Pictures,Sony Pictures,36000000.0,68208190.0,117448157.0,3.2624488055555556,1,0.4192485285230998,35.0,59.0,-24.0,23545.0,17.399029496420383,18.58150757716234,10.066668762677654
For Love of the Game,1999-09-17,1999,9,Q3,1990s,Drama,Contemporary Fiction,PG-13,Based on Book/Short Story,Universal,Universal,50000000.0,35188640.0,46112640.0,0.9222528,0,0.23689816935226438,64.0,62.0,2.0,13612.0,17.72753356339242,17.64659765693559,9.518707035620796
Taxman,1999-09-17,1999,9,Q3,1990s,Comedy,Unknown,Unknown,Unknown,Unknown,Unknown,3500000.0,9871.0,9871.0,0.0028202857142857144,0,0.0,,68.0,,520.0,15.068273526459642,9.197356444417888,6.253828811575473
Jakob the Liar,1999-09-24,1999,9,Q3,1990s,Drama,Historical Fiction,PG-13,Based on Book/Short Story,Sony Pictures,Sony Pictures,15000000.0,4956401.0,4956401.0,0.33042673333333333,0,0.0,30.0,61.0,-31.0,6636.0,16.523560759066484,15.416190430483796,8.800264651310336
One Man's Hero,1999-09-24,1999,9,Q3,1990s,Unknown,Unknown,Unknown,Unknown,MGM,MGM,18000000.0,229311.0,229311.0,0.0127395,0,0.0,,57.0,,627.0,16.70588231586044,12.342834439784339,6.440946540632921
Double Jeopardy,1999-09-24,1999,9,Q3,1990s,Action,Contemporary Fiction,R,Original Screenplay,Paramount Pictures,Paramount Pictures,40000000.0,116735231.0,177835231.0,4.445880775,1,0.34357646489069427,25.0,60.0,-35.0,28887.0,17.50439001207821,18.99636801102134,10.271146945908393
Mumford,1999-09-24,1999,9,Q3,1990s,Comedy,Contemporary Fiction,R,Original Screenplay,Walt Disney Pictures,Walt Disney Pictures,28700000.0,4559569.0,4559569.0,0.15887,0,0.0,55.0,67.0,-12.0,6303.0,17.17240768072985,15.332738659479645,8.74878098951311
"Happy, Texas",1999-10-01,1999,10,Q4,1990s,Comedy,Contemporary Fiction,PG-13,Original Screenplay,Miramax,Miramax,1700000.0,2039192.0,2039192.0,1.199524705882353,1,0.0,82.0,75.0,7.0,198.0,14.346138809026444,14.528064208929246,5.288267030694535
"Mystery, Alaska",1999-10-01,1999,10,Q4,1990s,Comedy,Contemporary Fiction,R,Original Screenplay,Walt Disney Pictures,Walt Disney Pictures,28000000.0,8891623.0,8891623.0,0.3175579642857143,0,0.0,37.0,55.0,-18.0,1338.0,17.14771506813948,16.0006201555066,7.198931240688173
Three Kings,1999-10-01,1999,10,Q4,1990s,Action,Historical Fiction,R,Original Screenplay,Warner Bros.,Warner Bros.,48000000.0,60652036.0,107752036.0,2.244834083333333,1,0.4371147102965182,94.0,73.0,21.0,68726.0,17.686711568872166,18.49534318236126,11.137882863673312
The Adventures of Elmo in Grouchland,1999-10-01,1999,10,Q4,1990s,Comedy,Kids Fiction,G,Based on TV,Sony Pictures,Sony Pictures,17000000.0,11634458.0,11634458.0,0.6843798823529412,0,0.0,76.0,54.0,22.0,1059.0,16.64872390202049,16.269481770049467,6.9650803456014065
Drive Me Crazy,1999-10-01,1999,10,Q4,1990s,Comedy,Contemporary Fiction,PG-13,Based on Book/Short Story,20th Century Fox,20th Century Fox,8000000.0,17843379.0,22591451.0,2.823931375,1,0.2101711837809798,26.0,51.0,-25.0,6968.0,15.89495209964411,16.933082118342448,8.849083518532339
Superstar,1999-10-08,1999,10,Q4,1990s,Comedy,Contemporary Fiction,PG-13,Based on TV,Paramount Pictures,Paramount Pictures,14000000.0,30628981.0,30628981.0,2.1877843571428572,1,0.0,33.0,60.0,-27.0,103.0,16.454567887579532,17.237457210217695,4.634728988229636
Random Hearts,1999-10-08,1999,10,Q4,1990s,Drama,Contemporary Fiction,R,Based on Book/Short Story,Sony Pictures,Sony Pictures,64000000.0,31054924.0,63200000.0,0.9875,0,0.5086246202531646,15.0,48.0,-33.0,11100.0,17.974393641323946,17.961814859117087,9.314700387300425
Naturally Native,1999-10-08,1999,10,Q4,1990s,Unknown,Unknown,PG-13,Unknown,Unknown,Unknown,700000.0,10508.0,10508.0,0.015011428571428571,0,0.0,,68.0,,91.0,13.458835614025542,9.259892150805431,4.51085950651685
Boys Don't Cry,1999-10-08,1999,10,Q4,1990s,Drama,Dramatization,R,Original Screenplay,Fox Searchlight,Fox Searchlight,2000000.0,11540607.0,20741000.0,10.3705,1,0.4435848319753146,88.0,76.0,12.0,34435.0,14.508657738524219,16.847622975611017,10.446828767978799
The Straight Story,1999-10-15,1999,10,Q4,1990s,Drama,Dramatization,G,Based on Real Life Events,Walt Disney Pictures,Walt Disney Pictures,10000000.0,6197866.0,6197866.0,0.6197866,0,0.0,95.0,80.0,15.0,36265.0,16.11809565095832,15.639715597218737,10.498608367797512
The Story of Us,1999-10-15,1999,10,Q4,1990s,Romantic Comedy,Contemporary Fiction,R,Original Screenplay,Universal,Universal,50000000.0,27100030.0,27100030.0,0.5420006,0,0.0,28.0,56.0,-28.0,10720.0,17.72753356339242,17.115045392860388,9.279866434624793
The Omega Code,1999-10-15,1999,10,Q4,1990s,Action,Fantasy,PG-13,Original Screenplay,Providence Entertainment,Other,7200000.0,12610552.0,12678312.0,1.7608766666666666,1,0.00534456006446284,8.0,33.0,-25.0,3814.0,15.789591583986283,16.355403375083306,8.246433786160365
Fight Club,1999-10-15,1999,10,Q4,1990s,Drama,Contemporary Fiction,R,Based on Book/Short Story,20th Century Fox,20th Century Fox,65000000.0,37030102.0,100853753.0,1.5515962,1,0.6328336735272508,81.0,88.0,-7.0,382470.0,17.98989782785991,18.429182035355772,12.854405497800277
The Best Man,1999-10-22,1999,10,Q4,1990s,Romantic Comedy,Contemporary Fiction,R,Original Screenplay,Universal,Universal,9000000.0,34102780.0,34572780.0,3.84142,1,0.01359450990056339,71.0,61.0,10.0,2019.0,16.012735135300492,17.35857722521071,7.610357618312838
Crazy in Alabama,1999-10-22,1999,10,Q4,1990s,Drama,Contemporary Fiction,PG-13,Based on Book/Short Story,Sony Pictures,Sony Pictures,15000000.0,1954202.0,1954202.0,0.13028013333333333,0,0.0,31.0,57.0,-26.0,3991.0,16.523560759066484,14.485492483928557,8.291797105048733
Three to Tango,1999-10-22,1999,10,Q4,1990s,Romantic Comedy,Contemporary Fiction,PG-13,Original Screenplay,Warner Bros.,Warner Bros.,20000000.0,10570375.0,10570375.0,0.52851875,0,0.0,28.0,58.0,-30.0,11148.0,16.811242831518264,16.173565834984366,9.319015388601839
Bats,1999-10-22,1999,10,Q4,1990s,Horror,Science Fiction,R,Original Screenplay,Sony/Columbia,Other,6500000.0,10155691.0,10155691.0,1.562414,1,0.0,17.0,33.0,-16.0,5565.0,15.687312734865866,16.133544795979528,8.624252263709645
Beyond the Mat,1999-10-22,1999,10,Q4,1990s,Documentary,Factual,R,Based on Real Life Events,Universal,Universal,500000.0,2047570.0,2047570.0,4.09514,1,0.0,82.0,72.0,10.0,4067.0,13.122363377404328,14.532164282159153,8.310660905907225
Bringing Out The Dead,1999-10-22,1999,10,Q4,1990s,Black Comedy,Contemporary Fiction,R,Based on Book/Short Story,Paramount Pictures,Paramount Pictures,32000000.0,16640210.0,16640210.0,0.5200065625,0,0.0,71.0,68.0,3.0,31079.0,17.281246460764002,16.62733261347001,10.34428762893178
Molly,1999-10-22,1999,10,Q4,1990s,Unknown,Unknown,PG-13,Unknown,MGM,MGM,21000000.0,17396.0,17396.0,0.0008283809523809524,0,0.0,14.0,56.0,-42.0,1563.0,16.860032995687696,9.76399557371753,7.354362330421477
Dreaming of Joseph Lees,1999-10-29,1999,10,Q4,1990s,Unknown,Unknown,R,Unknown,Fox Searchlight,Fox Searchlight,3250000.0,7680.0,7680.0,0.002363076923076923,0,0.0,,58.0,,520.0,14.994165554305921,8.946374826141717,6.253828811575473
Being John Malkovich,1999-10-29,1999,10,Q4,1990s,Black Comedy,Fantasy,R,Original Screenplay,USA Films,Other,13000000.0,22858926.0,32382381.0,2.4909523846153845,1,0.294093723373831,92.0,79.0,13.0,113568.0,16.38045991542581,17.29312503655543,11.640157055446222
Mononoke-hime,1999-10-29,1999,10,Q4,1990s,Adventure,Fantasy,PG-13,Original Screenplay,Miramax,Miramax,20000000.0,2374107.0,150350000.0,7.5175,1,0.9842094645826405,,83.0,,65773.0,16.811242831518264,18.82847646739881,11.093964698756729
House on Haunted Hill,1999-10-29,1999,10,Q4,1990s,Horror,Contemporary Fiction,R,Original Screenplay,Warner Bros.,Warner Bros.,19000000.0,40846082.0,40846082.0,2.149793789473684,1,0.0,25.0,52.0,-27.0,22795.0,16.759949537130716,17.525321462797745,10.034296492647542
The Bone Collector,1999-11-05,1999,11,Q4,1990s,Thriller/Suspense,Contemporary Fiction,R,Based on Book/Short Story,Universal,Universal,48000000.0,66488090.0,151463090.0,3.1554810416666665,1,0.5610277725088006,27.0,63.0,-36.0,46961.0,17.686711568872166,18.835852522867963,10.757072748994158
The Bachelor,1999-11-05,1999,11,Q4,1990s,Romantic Comedy,Contemporary Fiction,PG-13,Remake,New Line,New Line,21000000.0,21731001.0,36882378.0,1.7563037142857143,1,0.4108026060575595,9.0,48.0,-39.0,9030.0,16.860032995687696,17.423244433966584,9.108307646411031
The Insider,1999-11-05,1999,11,Q4,1990s,Drama,Dramatization,R,Based on Book/Short Story,Walt Disney Pictures,Walt Disney Pictures,68000000.0,28965197.0,60265197.0,0.8862528970588235,0,0.5193710724947933,96.0,80.0,16.0,68747.0,18.03501826314038,17.91426533089495,11.138188378213087
Light It Up,1999-11-10,1999,11,Q4,1990s,Drama,Contemporary Fiction,R,Original Screenplay,20th Century Fox,20th Century Fox,13000000.0,5871603.0,5871603.0,0.45166176923076923,0,0.0,38.0,54.0,-16.0,2257.0,16.38045991542581,15.585638237999072,7.721791776817535
Felicia's Journey,1999-11-12,1999,11,Q4,1990s,Drama,Contemporary Fiction,PG-13,Based on Book/Short Story,Artisan,Other,15000000.0,824295.0,1970268.0,0.1313512,0,0.5816330570257447,88.0,69.0,19.0,4790.0,16.523560759066484,14.493680132070624,8.474285690404962
Anywhere But Here,1999-11-12,1999,11,Q4,1990s,Drama,Contemporary Fiction,PG-13,Based on Book/Short Story,20th Century Fox,20th Century Fox,23000000.0,18653615.0,18653615.0,0.8110267391304348,0,0.0,64.0,59.0,5.0,8514.0,16.951004773893423,16.741550519050918,9.049467146388098
The Messenger: The Story of Joan of Arc,1999-11-12,1999,11,Q4,1990s,Drama,Dramatization,R,Based on Real Life Events,Sony Pictures,Sony Pictures,50000000.0,14271297.0,14271297.0,0.28542594,0,0.0,31.0,,,,17.72753356339242,16.473760875301753,
Dogma,1999-11-12,1999,11,Q4,1990s,Comedy,Contemporary Fiction,R,Original Screenplay,Lionsgate,Lionsgate,10000000.0,30651422.0,43948865.0,4.3948865,1,0.3025662437471366,68.0,73.0,-5.0,100476.0,16.11809565095832,17.598537356961085,11.517674171992432
Toy Story 2,1999-11-19,1999,11,Q4,1990s,Adventure,Kids Fiction,G,Original Screenplay,Walt Disney Pictures,Walt Disney Pictures,90000000.0,245852179.0,484966906.0,5.388521177777778,1,0.49305369921468417,100.0,80.0,20.0,119357.0,18.31532022829454,19.999591211522095,11.689874281073465
The World is Not Enough,1999-11-19,1999,11,Q4,1990s,Action,Contemporary Fiction,PG-13,Based on Book/Short Story,MGM,MGM,135000000.0,126930660.0,361730660.0,2.67948637037037,1,0.6491017377404503,51.0,63.0,-12.0,59406.0,18.720785336402702,19.70641045971084,10.99215051035057
Sleepy Hollow,1999-11-19,1999,11,Q4,1990s,Horror,Historical Fiction,R,Based on Book/Short Story,Paramount Pictures,Paramount Pictures,70000000.0,101068340.0,207068340.0,2.958119142857143,1,0.5119082907604321,68.0,75.0,-7.0,107511.0,18.064005800013632,19.148559441671335,11.585348446896345
Flawless,1999-11-24,1999,11,Q4,1990s,Drama,Contemporary Fiction,R,Original Screenplay,MGM,MGM,27000000.0,4485485.0,4485485.0,0.16612907407407407,0,0.0,43.0,67.0,-24.0,8125.0,17.111347423968603,15.316357185867089,9.002701007197938
Tumbleweeds,1999-11-24,1999,11,Q4,1990s,Drama,Dramatization,PG-13,Based on Real Life Events,Fine Line,Other,312000.0,1350248.0,1788168.0,5.731307692307692,1,0.24489868960858263,84.0,64.0,20.0,2152.0,12.65075846679162,14.396702190033201,7.674152921281675
Ride With the Devil,1999-11-24,1999,11,Q4,1990s,Western,Historical Fiction,R,Based on Book/Short Story,USA Films,Other,35000000.0,630779.0,630779.0,0.018022257142857143,0,0.0,63.0,64.0,-1.0,1873.0,17.37085861945369,13.354710842457887,7.5352967024440884
End of Days,1999-11-24,1999,11,Q4,1990s,Action,Fantasy,R,Original Screenplay,Universal,Universal,100000000.0,66889043.0,212026975.0,2.12026975,1,0.6845257873438038,11.0,54.0,-43.0,43513.0,18.420680743952367,19.17222406510793,10.68081502300455
The End of the Affair,1999-12-03,1999,12,Q4,1990s,Drama,Historical Fiction,R,Based on Book/Short Story,Sony Pictures,Sony Pictures,23000000.0,10660147.0,10660147.0,0.46348465217391305,0,0.0,67.0,69.0,-2.0,9969.0,16.951004773893423,16.182022766475562,9.207235557022704
Cradle Will Rock,1999-12-08,1999,12,Q4,1990s,Drama,Dramatization,R,Original Screenplay,Walt Disney Pictures,Walt Disney Pictures,32000000.0,2899970.0,2899970.0,0.0906240625,0,0.0,64.0,67.0,-3.0,6127.0,17.281246460764002,14.880210950075607,8.720460512725655
Diamonds,1999-12-10,1999,12,Q4,1990s,Unknown,Unknown,PG-13,Unknown,Miramax,Miramax,11900000.0,81897.0,81897.0,0.006882100840336134,0,0.0,26.0,53.0,-27.0,976.0,16.292048958081757,11.313217639133635,6.883462586413092
The Green Mile,1999-12-10,1999,12,Q4,1990s,Drama,Fantasy,R,Based on Book/Short Story,Warner Bros.,Warner Bros.,60000000.0,136801374.0,286601374.0,4.776689566666667,1,0.5226771871651948,77.0,84.0,-7.0,198916.0,17.909855120186375,19.473602867485024,12.200637904040128
Deuce Bigalow: Male Gigolo,1999-12-10,1999,12,Q4,1990s,Comedy,Contemporary Fiction,R,Original Screenplay,Walt Disney Pictures,Walt Disney Pictures,18000000.0,65535067.0,92935067.0,5.163059277777778,1,0.2948295071439503,23.0,56.0,-33.0,25397.0,16.70588231586044,18.347411602958317,10.142386335794844
Bicentennial Man,1999-12-17,1999,12,Q4,1990s,Drama,Science Fiction,PG,Based on Book/Short Story,Walt Disney Pictures,Walt Disney Pictures,90000000.0,58220776.0,87420776.0,0.9713419555555556,0,0.3340167101696741,38.0,64.0,-26.0,28827.0,18.31532022829454,18.2862435240473,10.269067726945378
Anna and the King,1999-12-17,1999,12,Q4,1990s,Drama,Dramatization,PG-13,Based on Book/Short Story,20th Century Fox,20th Century Fox,75000000.0,39251128.0,39251128.0,0.5233483733333333,0,0.0,51.0,65.0,-14.0,14881.0,18.132998671500584,17.485490740633242,9.60784051043005
Stuart Little,1999-12-17,1999,12,Q4,1990s,Comedy,Kids Fiction,PG,Based on Book/Short Story,Sony Pictures,Sony Pictures,105000000.0,140015224.0,298800000.0,2.8457142857142856,1,0.5314082195448461,65.0,58.0,7.0,23226.0,18.469470908121796,19.515285011222936,10.053027619805704
Magnolia,1999-12-17,1999,12,Q4,1990s,Drama,Contemporary Fiction,R,Original Screenplay,New Line,New Line,37000000.0,22450975.0,48446802.0,1.309373027027027,1,0.5365849948155504,83.0,80.0,3.0,121540.0,17.4264284706085,17.695976887930595,11.707998705689347
Topsy Turvy,1999-12-17,1999,12,Q4,1990s,Musical,Dramatization,R,Based on Real Life Events,USA Films,Other,20000000.0,6201757.0,6201757.0,0.31008785,0,0.0,,71.0,,6215.0,16.811242831518264,15.640343196965555,8.734721003944811
"Girl, Interrupted",1999-12-21,1999,12,Q4,1990s,Drama,Dramatization,R,Based on Real Life Events,Sony Pictures,Sony Pictures,24000000.0,28871190.0,28871190.0,1.20296625,1,0.0,53.0,,,,16.99356438831222,17.178354770048372,
Any Given Sunday,1999-12-22,1999,12,Q4,1990s,Drama,Contemporary Fiction,R,Original Screenplay,Warner Bros.,Warner Bros.,60000000.0,75530832.0,100230832.0,1.6705138666666666,1,0.2464311580292978,49.0,66.0,-17.0,48477.0,17.909855120186375,18.422986403874507,10.788844737640357
Man on the Moon,1999-12-22,1999,12,Q4,1990s,Drama,Dramatization,R,Based on Real Life Events,Universal,Universal,52000000.0,34580635.0,47407635.0,0.9116852884615385,0,0.2705682323111035,62.0,74.0,-12.0,49481.0,17.7667542765457,17.674293849643334,10.809344036488135
Snow Falling on Cedars,1999-12-24,1999,12,Q4,1990s,Drama,Contemporary Fiction,PG-13,Based on Book/Short Story,Universal,Universal,36000000.0,14378353.0,14378353.0,0.3993986944444444,0,0.0,40.0,67.0,-27.0,8444.0,17.399029496420383,16.48123436962254,9.041211408968211
Play it to the Bone,1999-12-24,1999,12,Q4,1990s,Comedy,Contemporary Fiction,R,Original Screenplay,Walt Disney Pictures,Walt Disney Pictures,24000000.0,8427204.0,8427204.0,0.3511335,0,0.0,,51.0,,6039.0,16.99356438831222,15.946975602364653,8.705993714307901
Angela's Ashes,1999-12-24,1999,12,Q4,1990s,Drama,Historical Fiction,R,Based on Book/Short Story,Paramount Pictures,Paramount Pictures,25000000.0,13038660.0,13038660.0,0.5215464,0,0.0,52.0,70.0,-18.0,10185.0,17.034386382832476,16.383429348446338,9.228671328660907
Pink Narcissus,1999-12-24,1999,12,Q4,1990s,Unknown,Unknown,Not Rated,Unknown,Unknown,Unknown,27000.0,8231.0,8231.0,0.3048518518518519,0,0.0,,60.0,,384.0,10.203592144986466,9.015662792972645,5.950642552587727
Galaxy Quest,1999-12-25,1999,12,Q4,1990s,Comedy,Science Fiction,PG,Original Screenplay,Dreamworks SKG,Dreamworks SKG,45000000.0,71423726.0,90523726.0,2.0116383555555557,1,0.21099440825049556,89.0,72.0,17.0,52507.0,17.622173047734595,18.321122540056578,10.86870177302495
The Talented Mr. Ripley,1999-12-25,1999,12,Q4,1990s,Drama,Historical Fiction,R,Based on Book/Short Story,Paramount Pictures,Paramount Pictures,40000000.0,81292135.0,81292135.0,2.032303375,1,0.0,82.0,72.0,10.0,63319.0,17.50439001207821,18.213559829370972,11.055940721071757
The Hurricane,1999-12-29,1999,12,Q4,1990s,Drama,Dramatization,R,Based on Real Life Events,Universal,Universal,38000000.0,50699241.0,73956241.0,1.9462168684210526,1,0.3144697416408711,83.0,74.0,9.0,32172.0,17.45309671769066,18.11898413842143,10.37885178802396
Fantasia 2000 (IMAX),2000-01-01,2000,1,Q1,2000-2004,Musical,Kids Fiction,G,Compilation,Walt Disney Pictures,Walt Disney Pictures,80000000.0,60507228.0,60507228.0,0.75634035,0,0.0,,,,,18.197537192638155,17.91827338693935,
Next Friday,2000-01-12,2000,1,Q1,2000-2004,Comedy,Contemporary Fiction,R,Original Screenplay,New Line,New Line,9500000.0,57176582.0,59675307.0,6.281611263157894,1,0.041872009137715875,21.0,53.0,-32.0,10176.0,16.06680235657077,17.90442887470882,9.227787285579904
My Dog Skip,2000-01-12,2000,1,Q1,2000-2004,Drama,Kids Fiction,PG,Original Screenplay,Warner Bros.,Warner Bros.,7000000.0,34099640.0,35512760.0,5.073251428571429,1,0.03979189451904048,72.0,69.0,3.0,9029.0,15.761420707019587,17.385402626483497,9.10819689830748
The Terrorist,2000-01-14,2000,1,Q1,2000-2004,Unknown,Unknown,Not Rated,Unknown,Phaedra Cinema,Other,25000.0,195043.0,195043.0,7.80172,1,0.0,,55.0,,50.0,10.126631103850338,12.180975326057018,3.912023005428146
Supernova,2000-01-14,2000,1,Q1,2000-2004,Action,Science Fiction,PG-13,Original Screenplay,MGM,MGM,60000000.0,14218868.0,14218868.0,0.23698113333333334,0,0.0,10.0,68.0,-58.0,127.0,17.909855120186375,16.47008037298216,4.844187086458591
Down to You,2000-01-21,2000,1,Q1,2000-2004,Romantic Comedy,Contemporary Fiction,PG-13,Original Screenplay,Miramax,Miramax,9000000.0,20035310.0,20035310.0,2.2261455555555556,1,0.0,3.0,44.0,-41.0,7095.0,16.012735135300492,16.813006774855065,8.867145589594143
The Boondock Saints,2000-01-21,2000,1,Q1,2000-2004,Action,Unknown,R,Original Screenplay,Indican Pictures,Other,7000000.0,30471.0,250000.0,0.03571428571428571,0,0.878116,19.0,78.0,-59.0,86172.0,15.761420707019587,12.429216196844383,11.364100577898318
Isn't She Great,2000-01-28,2000,1,Q1,2000-2004,Comedy,Contemporary Fiction,R,Based on Magazine Article,Universal,Universal,36000000.0,2954405.0,2954405.0,0.08206680555555555,0,0.0,25.0,49.0,-24.0,1426.0,17.399029496420383,14.898807834910068,7.262628600974241
Eye of the Beholder,2000-01-28,2000,1,Q1,2000-2004,Thriller/Suspense,Contemporary Fiction,R,Original Screenplay,Destination Films,Other,15000000.0,16500786.0,18260865.0,1.217391,1,0.09638530266775423,,46.0,,9992.0,16.523560759066484,16.720270803312506,9.209540051805414
The Big Tease,2000-01-28,2000,1,Q1,2000-2004,Comedy,Unknown,R,Original Screenplay,Warner Bros.,Warner Bros.,4000000.0,185577.0,185577.0,0.04639425,0,0.0,,61.0,,1610.0,15.201804919084164,12.131225169241427,7.383989457978509
Scream 3,2000-02-04,2000,2,Q1,2000-2004,Horror,Contemporary Fiction,R,Original Screenplay,Miramax,Miramax,40000000.0,89138076.0,161838076.0,4.0459519,1,0.4492144357919826,38.0,53.0,-15.0,38230.0,17.50439001207821,18.902106862468372,10.551375826690458
Gun Shy,2000-02-04,2000,2,Q1,2000-2004,Comedy,Contemporary Fiction,R,Original Screenplay,Walt Disney Pictures,Walt Disney Pictures,10000000.0,1638202.0,1638202.0,0.1638202,0,0.0,24.0,54.0,-30.0,3607.0,16.11809565095832,14.309109856915049,8.19063168090354
Trois,2000-02-11,2000,2,Q1,2000-2004,Thriller/Suspense,Contemporary Fiction,Not Rated,Original Screenplay,Rainforest Productions,Other,200000.0,1161843.0,1161843.0,5.809215,1,0.0,,33.0,,360.0,12.206072645530174,13.965518095389486,5.886104031450156
The Tigger Movie,2000-02-11,2000,2,Q1,2000-2004,Adventure,Kids Fiction,G,Spin-Off,Walt Disney Pictures,Walt Disney Pictures,20000000.0,4554533.0,55159800.0,2.75799,1,0.9174302118571859,61.0,60.0,1.0,2986.0,16.811242831518264,17.825744985066994,8.001689978099135
Snow Day,2000-02-11,2000,2,Q1,2000-2004,Comedy,Contemporary Fiction,PG,Original Screenplay,Paramount Pictures,Paramount Pictures,13000000.0,60008303.0,62452927.0,4.804071307692308,1,0.039143465605703316,26.0,44.0,-18.0,4611.0,16.38045991542581,17.949923662933116,8.436200032206706
The Beach,2000-02-11,2000,2,Q1,2000-2004,Drama,Contemporary Fiction,R,Based on Book/Short Story,20th Century Fox,20th Century Fox,50000000.0,39778599.0,39778599.0,0.79557198,0,0.0,19.0,45.0,-26.0,229.0,17.72753356339242,17.49883961206704,5.43372200355424
Boiler Room,2000-02-18,2000,2,Q1,2000-2004,Drama,Contemporary Fiction,R,Original Screenplay,New Line,New Line,9000000.0,16963963.0,28773637.0,3.197070777777778,1,0.410433828716196,67.0,69.0,-2.0,22979.0,16.012735135300492,17.174970143943828,10.042336034354935
The Whole Nine Yards,2000-02-18,2000,2,Q1,2000-2004,Comedy,Contemporary Fiction,R,Original Screenplay,Warner Bros.,Warner Bros.,24000000.0,57262492.0,85262492.0,3.5526038333333334,1,0.3283976264733149,45.0,66.0,-21.0,42928.0,16.99356438831222,18.261245197117223,10.667279572665405
Pitch Black,2000-02-18,2000,2,Q1,2000-2004,Horror,Science Fiction,R,Original Screenplay,USA Films,Other,23000000.0,39235088.0,53182088.0,2.312264695652174,1,0.2622499515250323,55.0,70.0,-15.0,55217.0,16.951004773893423,17.789232205889164,10.91902615586634
Hanging Up,2000-02-18,2000,2,Q1,2000-2004,Comedy,Contemporary Fiction,PG-13,Original Screenplay,Sony Pictures,Sony Pictures,40000000.0,36037909.0,51867723.0,1.296693075,1,0.3051958536911289,12.0,43.0,-31.0,6098.0,17.50439001207821,17.76420724715697,8.7157161275482
Wonder Boys,2000-02-23,2000,2,Q1,2000-2004,Comedy,Contemporary Fiction,R,Based on Book/Short Story,Paramount Pictures,Paramount Pictures,35000000.0,19389454.0,33422485.0,0.9549281428571429,0,0.41986797211517934,81.0,75.0,6.0,31572.0,17.37085861945369,17.324739435039852,10.360025930828293
Reindeer Games,2000-02-25,2000,2,Q1,2000-2004,Action,Contemporary Fiction,R,Original Screenplay,Miramax,Miramax,36000000.0,23360779.0,23360779.0,0.6489105277777778,0,0.0,,55.0,,16822.0,17.399029496420383,16.966569062971022,9.730442832522382
3 Strikes,2000-03-01,2000,3,Q1,2000-2004,Comedy,Contemporary Fiction,R,Original Screenplay,MGM,MGM,4000000.0,9821335.0,9821335.0,2.45533375,1,0.0,,29.0,,905.0,15.201804919084164,16.10006761813753,6.807934943699926
Ghost Dog: Way of the Samurai,2000-03-03,2000,3,Q1,2000-2004,Drama,Contemporary Fiction,R,Original Screenplay,Artisan,Other,2000000.0,3330230.0,6030230.0,3.015115,1,0.44774411589607693,,,,,14.508657738524219,15.61229571059619,
The Next Best Thing,2000-03-03,2000,3,Q1,2000-2004,Drama,Contemporary Fiction,PG-13,Original Screenplay,Paramount Pictures,Paramount Pictures,25000000.0,14983572.0,24355762.0,0.97423048,0,0.3848038094640603,19.0,44.0,-25.0,6104.0,17.034386382832476,17.008279011943365,8.716699572964293
What Planet Are You From?,2000-03-03,2000,3,Q1,2000-2004,Comedy,Contemporary Fiction,R,Original Screenplay,Sony Pictures,Sony Pictures,50000000.0,6291602.0,6291602.0,0.12583204,0,0.0,42.0,54.0,-12.0,5304.0,17.72753356339242,15.654726286232737,8.576216531865699
Drowning Mona,2000-03-03,2000,3,Q1,2000-2004,Comedy,Contemporary Fiction,PG-13,Original Screenplay,Destination Films,Other,16000000.0,15427192.0,15427192.0,0.9641995,0,0.0,29.0,53.0,-24.0,7606.0,16.588099280204055,16.551642224628694,8.936692688488204
God's Army,2000-03-10,2000,3,Q1,2000-2004,Drama,Contemporary Fiction,PG,Original Screenplay,Excel Entertainment,Other,300000.0,2637726.0,2652515.0,8.841716666666667,1,0.005575463286729764,50.0,68.0,-18.0,638.0,12.611537753638338,14.791018804496698,6.45833828334479
Mission to Mars,2000-03-10,2000,3,Q1,2000-2004,Adventure,Science Fiction,PG,Original Screenplay,Walt Disney Pictures,Walt Disney Pictures,90000000.0,60874615.0,106000000.0,1.1777777777777778,1,0.425711179245283,24.0,51.0,-27.0,32449.0,18.31532022829454,18.47894965207634,10.387424905016408
The Ninth Gate,2000-03-10,2000,3,Q1,2000-2004,Thriller/Suspense,Fantasy,R,Original Screenplay,Artisan,Other,38000000.0,18653746.0,58394308.0,1.5366923157894736,1,0.6805554061878771,,66.0,,50510.0,17.45309671769066,17.882728977294935,10.829926615462098
Deterrence,2000-03-10,2000,3,Q1,2000-2004,Thriller/Suspense,Unknown,R,Unknown,Unknown,Unknown,800000.0,144583.0,371647.0,0.46455875,0,0.6109668583360016,45.0,63.0,-18.0,1776.0,13.592367006650065,12.825699758010003,7.4821189235521155
Erin Brockovich,2000-03-17,2000,3,Q1,2000-2004,Drama,Dramatization,R,Based on Real Life Events,Universal,Universal,50000000.0,125548685.0,258400000.0,5.168,1,0.514130476006192,83.0,72.0,11.0,54977.0,17.72753356339242,19.370019329872722,10.914670194934025
Final Destination,2000-03-17,2000,3,Q1,2000-2004,Horror,Fantasy,R,Original Screenplay,New Line,New Line,23000000.0,53302314.0,112802314.0,4.9044484347826085,1,0.52747144885698,31.0,68.0,-37.0,52618.0,16.951004773893423,18.541147411002218,10.870813545510108
Romeo Must Die,2000-03-22,2000,3,Q1,2000-2004,Action,Contemporary Fiction,R,Original Screenplay,Warner Bros.,Warner Bros.,25000000.0,55973336.0,91036760.0,3.6414704,1,0.3851567652451603,33.0,59.0,-26.0,25309.0,17.034386382832476,18.326773938956805,10.138915342683557
Here on Earth,2000-03-24,2000,3,Q1,2000-2004,Drama,Contemporary Fiction,PG-13,Original Screenplay,20th Century Fox,20th Century Fox,15000000.0,10494147.0,10845127.0,0.7230084666666666,0,0.03236292207550912,18.0,46.0,-28.0,4929.0,16.523560759066484,16.199226412640197,8.502891406705377
Whatever it Takes,2000-03-24,2000,3,Q1,2000-2004,Romantic Comedy,Contemporary Fiction,PG-13,Based on Book/Short Story,Sony Pictures,Sony Pictures,15000000.0,8735529.0,8735529.0,0.5823686,0,0.0,16.0,52.0,-36.0,4192.0,16.523560759066484,15.982909060678201,8.340933226000878
The Road to El Dorado,2000-03-31,2000,3,Q1,2000-2004,Adventure,Kids Fiction,PG,Original Screenplay,Dreamworks SKG,Dreamworks SKG,95000000.0,50802661.0,65700000.0,0.6915789473684211,0,0.2267479299847793,49.0,64.0,-15.0,8876.0,18.369387449564815,18.000609483454838,9.091106284052485
The Skulls,2000-03-31,2000,3,Q1,2000-2004,Thriller/Suspense,Contemporary Fiction,PG-13,Original Screenplay,Universal,Universal,15000000.0,35007180.0,35007180.0,2.333812,1,0.0,8.0,53.0,-45.0,14903.0,16.523560759066484,17.37106374127191,9.609317813948794
High Fidelity,2000-03-31,2000,3,Q1,2000-2004,Comedy,Contemporary Fiction,R,Based on Book/Short Story,Walt Disney Pictures,Walt Disney Pictures,20000000.0,27277055.0,47881663.0,2.39408315,1,0.4303235666647585,92.0,76.0,16.0,69740.0,16.811242831518264,17.684243170715877,11.152529320229641
Black and White,2000-04-05,2000,4,Q2,2000-2004,Drama,Contemporary Fiction,R,Original Screenplay,Sony Pictures,Sony Pictures,10000000.0,5241315.0,5241315.0,0.5241315,0,0.0,,66.0,,452.0,16.11809565095832,15.47208297901196,6.113682179832232
Rules of Engagement,2000-04-07,2000,4,Q2,2000-2004,Thriller/Suspense,Contemporary Fiction,R,Based on Book/Short Story,Paramount Pictures,Paramount Pictures,60000000.0,61322858.0,71719931.0,1.1953321833333332,1,0.14496769384789285,37.0,62.0,-25.0,18462.0,17.909855120186375,18.08827924462601,9.823469844550097
Ready to Rumble,2000-04-07,2000,4,Q2,2000-2004,Comedy,Contemporary Fiction,PG-13,Original Screenplay,Warner Bros.,Warner Bros.,24000000.0,12372410.0,12372410.0,0.5155170833333333,0,0.0,25.0,,,,16.99356438831222,16.330979551584914,
Return to Me,2000-04-07,2000,4,Q2,2000-2004,Romantic Comedy,Contemporary Fiction,PG,Original Screenplay,MGM,MGM,24000000.0,32662299.0,32662299.0,1.360929125,1,0.0,61.0,66.0,-5.0,9565.0,16.99356438831222,17.301732034945918,9.165865881874353
Keeping the Faith,2000-04-14,2000,4,Q2,2000-2004,Romantic Comedy,Contemporary Fiction,PG-13,Original Screenplay,Walt Disney Pictures,Walt Disney Pictures,29000000.0,37036404.0,45336404.0,1.563324275862069,1,0.1830758345986153,68.0,65.0,3.0,25485.0,17.182806387950748,17.629620888032402,10.145845322774143
American Psycho,2000-04-14,2000,4,Q2,2000-2004,Black Comedy,Historical Fiction,R,Based on Book/Short Story,Lionsgate,Lionsgate,8000000.0,15070285.0,28674417.0,3.584302125,1,0.47443447586048565,66.0,74.0,-8.0,99424.0,15.89495209964411,17.171515889473984,11.507148812192774
28 Days,2000-04-14,2000,4,Q2,2000-2004,Comedy,Contemporary Fiction,PG-13,Original Screenplay,Sony Pictures,Sony Pictures,43000000.0,37035515.0,62063972.0,1.4433481860465116,1,0.4032686950812623,30.0,58.0,-28.0,17937.0,17.576710673657836,17.943676217514582,9.794620897549015
East is East,2000-04-14,2000,4,Q2,2000-2004,Comedy,Contemporary Fiction,R,Based on Play,Miramax,Miramax,3000000.0,4170647.0,4170647.0,1.3902156666666667,1,0.0,,67.0,,8351.0,14.914122846632385,15.243581737614855,9.03013657115323
La otra conquista,2000-04-19,2000,4,Q2,2000-2004,Drama,Historical Fiction,R,Original Screenplay,Hombre de Oro,Other,3500000.0,886410.0,886410.0,0.25326,0,0.0,,61.0,,584.0,15.068273526459642,13.694934876499968,6.369900982828227
U-571,2000-04-21,2000,4,Q2,2000-2004,Action,Historical Fiction,PG-13,Original Screenplay,Universal,Universal,62000000.0,77086030.0,127630030.0,2.058548870967742,1,0.39601965148797663,68.0,64.0,4.0,32528.0,17.942644943009366,18.6646462460133,10.389856535868129
Love and Basketball,2000-04-21,2000,4,Q2,2000-2004,Drama,Historical Fiction,PG-13,Original Screenplay,New Line,New Line,15000000.0,27441122.0,27709625.0,1.8473083333333333,1,0.00968988212579564,81.0,67.0,14.0,5835.0,16.523560759066484,17.13729038372702,8.671629544720656
The Virgin Suicides,2000-04-21,2000,4,Q2,2000-2004,Black Comedy,Contemporary Fiction,R,Based on Book/Short Story,Paramount Vantage,Other,6000000.0,4859475.0,4859475.0,0.8099125,0,0.0,,72.0,,49110.0,15.60727002719233,15.396440965350232,10.80181795903329
Gossip,2000-04-21,2000,4,Q2,2000-2004,Drama,Contemporary Fiction,R,Original Screenplay,Warner Bros.,Warner Bros.,14000000.0,5108820.0,12591270.0,0.8993764285714285,0,0.5942569732838705,28.0,,,,16.454567887579532,16.34851427464241,
Where the Heart Is,2000-04-28,2000,4,Q2,2000-2004,Drama,Contemporary Fiction,PG-13,Based on Book/Short Story,20th Century Fox,20th Century Fox,15000000.0,33771174.0,40862054.0,2.7241369333333334,1,0.1735321479434196,34.0,64.0,-30.0,13302.0,16.523560759066484,17.525712415302237,9.495669678844367
Frequency,2000-04-28,2000,4,Q2,2000-2004,Drama,Science Fiction,PG-13,Original Screenplay,New Line,New Line,31000000.0,44983704.0,68079671.0,2.1961184193548386,1,0.3392490983101255,69.0,73.0,-4.0,35968.0,17.24949776244942,18.036189209667775,10.490384933253363
The Flintstones in Viva Rock Vegas,2000-04-28,2000,4,Q2,2000-2004,Comedy,Kids Fiction,PG,Based on TV,Universal,Universal,58000000.0,35231365.0,59431365.0,1.0246787068965517,1,0.4071923974823732,24.0,33.0,-9.0,5491.0,17.875953568510692,17.900332675276957,8.610865667278873
Gladiator,2000-05-05,2000,5,Q2,2000-2004,Action,Historical Fiction,R,Original Screenplay,Sony Pictures,Sony Pictures,103000000.0,187683805.0,457683805.0,4.443532087378641,1,0.589926925642475,77.0,83.0,-6.0,279512.0,18.45023954619391,19.941689121558927,12.540800504466038
Luminarias,2000-05-05,2000,5,Q2,2000-2004,Comedy,Unknown,R,Unknown,Unknown,Unknown,1000000.0,428535.0,428535.0,0.428535,0,0.0,,43.0,,467.0,13.815510557964274,12.968127693964366,6.1463292576688975
I Dreamed of Africa,2000-05-05,2000,5,Q2,2000-2004,Drama,Contemporary Fiction,PG-13,Based on Book/Short Story,Sony Pictures,Sony Pictures,34000000.0,6543194.0,6543194.0,0.1924468823529412,0,0.0,9.0,52.0,-43.0,2298.0,17.341871082580436,15.693935983419966,7.739794458408701
Michael Jordan to the MAX,2000-05-05,2000,5,Q2,2000-2004,Documentary,Factual,Not Rated,Based on Real Life Events,Giant Screen Films,Other,7000000.0,18642318.0,18642318.0,2.663188285714286,1,0.0,64.0,72.0,-8.0,746.0,15.761420707019587,16.7409447157133,6.61472560020376
Human Traffic,2000-05-05,2000,5,Q2,2000-2004,Unknown,Unknown,R,Unknown,Miramax,Miramax,3300000.0,104257.0,5422740.0,1.6432545454545455,1,0.9807741105050215,,66.0,,9455.0,15.009433026436708,15.506111780731382,9.154298981092557
The Basket,2000-05-05,2000,5,Q2,2000-2004,Drama,Unknown,PG,Original Screenplay,MGM,MGM,1300000.0,609042.0,609042.0,0.46849384615384615,0,0.0,,63.0,,343.0,14.077874822431765,13.319642509831263,5.8377304471659395
Screwed,2000-05-12,2000,5,Q2,2000-2004,Comedy,Contemporary Fiction,PG-13,Original Screenplay,Universal,Universal,12000000.0,6982680.0,6982680.0,0.58189,0,0.0,13.0,51.0,-38.0,4411.0,16.300417207752275,15.75894335520175,8.39185670010494
Battlefield Earth: A Saga of the Year 3000,2000-05-12,2000,5,Q2,2000-2004,Action,Science Fiction,PG-13,Based on Book/Short Story,Warner Bros.,Warner Bros.,80000000.0,21471685.0,29725663.0,0.3715707875,0,0.2776717881784504,,23.0,,39316.0,18.197537192638155,17.207521304749907,10.57938683968652
Hamlet,2000-05-12,2000,5,Q2,2000-2004,Drama,Contemporary Fiction,R,Based on Play,Miramax,Miramax,2000000.0,1577287.0,2288841.0,1.1444205,1,0.31087961112196083,71.0,60.0,11.0,5147.0,14.508657738524219,14.643556133874618,8.546169299652755
Center Stage,2000-05-12,2000,5,Q2,2000-2004,Drama,Contemporary Fiction,PG-13,Original Screenplay,Sony Pictures,Sony Pictures,18000000.0,17200925.0,17200925.0,0.9556069444444445,0,0.0,42.0,62.0,-20.0,7968.0,16.70588231586044,16.660473719407406,8.983188799264434
Held Up,2000-05-12,2000,5,Q2,2000-2004,Comedy,Contemporary Fiction,PG-13,Original Screenplay,Trimark,Other,8000000.0,4714090.0,4714090.0,0.58926125,0,0.0,17.0,47.0,-30.0,1840.0,15.89495209964411,15.366066454362148,7.517520850603031
Road Trip,2000-05-19,2000,5,Q2,2000-2004,Comedy,Contemporary Fiction,R,Original Screenplay,Dreamworks SKG,Dreamworks SKG,16000000.0,68525609.0,119739110.0,7.483694375,1,0.42770905011737603,59.0,64.0,-5.0,44702.0,16.588099280204055,18.600825850662854,10.70777352233004
Dinosaur,2000-05-19,2000,5,Q2,2000-2004,Adventure,Kids Fiction,PG,Original Screenplay,Walt Disney Pictures,Walt Disney Pictures,127500000.0,137748063.0,356148063.0,2.7933181411764707,1,0.6132281000219844,65.0,62.0,3.0,13962.0,18.663626922562756,19.690857109654207,9.544094632530348
Small Time Crooks,2000-05-19,2000,5,Q2,2000-2004,Comedy,Contemporary Fiction,PG,Original Screenplay,Dreamworks SKG,Dreamworks SKG,18000000.0,17266359.0,29934477.0,1.6630265,1,0.4231948999810486,66.0,65.0,1.0,15636.0,16.70588231586044,17.214521451001392,9.657331226912845
Mission: Impossible 2,2000-05-24,2000,5,Q2,2000-2004,Action,Contemporary Fiction,PG-13,Based on TV,Paramount Pictures,Paramount Pictures,120000000.0,215409889.0,546209889.0,4.551749075,1,0.6056279951386966,,69.0,,86222.0,18.60300230074632,20.118513871929693,11.364680644506228
Hum to Mohabbt Karega,2000-05-26,2000,5,Q2,2000-2004,Drama,Unknown,Not Rated,Unknown,Unknown,Unknown,2000000.0,121807.0,121807.0,0.0609035,0,0.0,,36.0,,74.0,14.508657738524219,11.71019310387089,4.30406509320417
Shanghai Noon,2000-05-26,2000,5,Q2,2000-2004,Western,Historical Fiction,PG-13,Original Screenplay,Walt Disney Pictures,Walt Disney Pictures,55000000.0,56932305.0,71189835.0,1.2943606363636364,1,0.2002748004683534,78.0,66.0,12.0,32446.0,17.822843743196746,18.080860599336113,10.387332447970344
Big Momma's House,2000-06-02,2000,6,Q2,2000-2004,Comedy,Contemporary Fiction,PG-13,Original Screenplay,20th Century Fox,20th Century Fox,33000000.0,117559438.0,173559438.0,5.259376909090909,1,0.32265603441283325,30.0,47.0,-17.0,21318.0,17.312018119430753,18.97203068081589,9.967307065249082
Gone in 60 Seconds,2000-06-09,2000,6,Q2,2000-2004,Unknown,Unknown,PG-13,Unknown,Unknown,Unknown,103300000.0,101643008.0,232643008.0,2.252110435624395,1,0.5630945074437828,,64.0,,2940.0,18.453147934089866,19.265015682074534,7.986164860332727
Groove,2000-06-09,2000,6,Q2,2000-2004,Comedy,Contemporary Fiction,R,Original Screenplay,Sony Pictures Classics,Sony Pictures Classics,500000.0,1115313.0,1167524.0,2.335048,1,0.04471942332662969,56.0,58.0,-2.0,2486.0,13.122363377404328,13.970395825059084,7.818430272070656
Jesus' Son,2000-06-16,2000,6,Q2,2000-2004,Drama,Contemporary Fiction,R,Based on Book/Short Story,Lionsgate,Lionsgate,2500000.0,1282084.0,1687548.0,0.6750192,0,0.24026812866952524,,67.0,,4620.0,14.73180128983843,14.33878714576873,8.438149984075784
Boys and Girls,2000-06-16,2000,6,Q2,2000-2004,Romantic Comedy,Contemporary Fiction,PG-13,Original Screenplay,Miramax,Miramax,16000000.0,21799652.0,21799652.0,1.36247825,1,0.0,11.0,49.0,-38.0,7779.0,16.588099280204055,16.89740456432915,8.959183074206774
Fantasia 2000 (Theatrical Release),2000-06-16,2000,6,Q2,2000-2004,Musical,Fantasy,G,Compilation,Walt Disney Pictures,Walt Disney Pictures,80000000.0,9103630.0,9103630.0,0.113795375,0,0.0,,,,,18.197537192638155,16.024183793046088,
Titan A.E.,2000-06-16,2000,6,Q2,2000-2004,Adventure,Science Fiction,PG,Original Screenplay,20th Century Fox,20th Century Fox,75000000.0,22751979.0,36751979.0,0.49002638666666665,0,0.3809318676417398,51.0,64.0,-13.0,22286.0,18.132998671500584,17.419702632513378,10.011713957606998
Shaft,2000-06-16,2000,6,Q2,2000-2004,Action,Contemporary Fiction,R,Remake,Paramount Pictures,Paramount Pictures,53012938.0,70327868.0,107190108.0,2.0219612804708165,1,0.34389591248476026,68.0,59.0,9.0,32881.0,17.78604655493316,18.49011452622387,10.400650262332935
Chicken Run,2000-06-21,2000,6,Q2,2000-2004,Adventure,Kids Fiction,G,Original Screenplay,Dreamworks SKG,Dreamworks SKG,42000000.0,106793915.0,227793915.0,5.423664642857143,1,0.5311818799022792,96.0,73.0,23.0,48307.0,17.553180176247643,19.24395189659249,10.785331756675916
"Me, Myself & Irene",2000-06-23,2000,6,Q2,2000-2004,Romantic Comedy,Contemporary Fiction,R,Original Screenplay,20th Century Fox,20th Century Fox,51000000.0,90570999.0,149270999.0,2.9268823333333334,1,0.393244504245597,48.0,69.0,-21.0,215.0,17.7473361906886,18.821273997157537,5.3706380281276624
Woman Chaser,2000-06-23,2000,6,Q2,2000-2004,Unknown,Unknown,R,Unknown,Unknown,Unknown,150000.0,110719.0,110719.0,0.7381266666666667,0,0.0,,,,,11.918390573078392,11.614750739018803,
The Patriot,2000-06-28,2000,6,Q2,2000-2004,Drama,Historical Fiction,R,Original Screenplay,Sony Pictures,Sony Pictures,110000000.0,113330342.0,215300000.0,1.9572727272727273,1,0.47361661867162097,62.0,69.0,-7.0,78302.0,18.51599092375669,19.187542962334593,11.268328424436847
The Perfect Storm,2000-06-30,2000,6,Q2,2000-2004,Drama,Dramatization,PG-13,Based on Book/Short Story,Warner Bros.,Warner Bros.,120000000.0,182618434.0,328711434.0,2.73926195,1,0.4444414914998059,47.0,62.0,-15.0,55716.0,18.60300230074632,19.610690823548154,10.928022637807922
The Adventures of Rocky & Bullwinkle,2000-06-30,2000,6,Q2,2000-2004,Comedy,Kids Fiction,PG,Based on TV,Universal,Universal,76000000.0,26000610.0,35129610.0,0.4622317105263158,0,0.25986624958261706,42.0,41.0,1.0,10320.0,18.146243898250606,17.37455492255784,9.241839039035554
The Kid,2000-07-07,2000,7,Q3,2000-2004,Comedy,Contemporary Fiction,PG,Original Screenplay,Walt Disney Pictures,Walt Disney Pictures,65000000.0,69688384.0,69688384.0,1.0721289846153845,1,0.0,49.0,59.0,-10.0,14927.0,17.98989782785991,18.05954420474005,9.61092693263324
Scary Movie,2000-07-07,2000,7,Q3,2000-2004,Comedy,Contemporary Fiction,R,Original Screenplay,Miramax/Dimension,Other,19000000.0,157019771.0,277200000.0,14.589473684210526,1,0.43355060966810965,53.0,60.0,-7.0,68541.0,16.759949537130716,19.440249825280024,11.135187385342592
But I'm a Cheerleader,2000-07-07,2000,7,Q3,2000-2004,Comedy,Contemporary Fiction,R,Original Screenplay,Lionsgate,Lionsgate,1200000.0,2205627.0,2595216.0,2.16268,1,0.15011814045536095,,61.0,,10073.0,13.997832114758229,14.76918030811234,9.21761385594268
Chuck&Buck,2000-07-14,2000,7,Q3,2000-2004,Drama,Contemporary Fiction,R,Original Screenplay,Artisan,Other,250000.0,1055671.0,1157672.0,4.630688,1,0.088108721641363,,65.0,,3455.0,12.429216196844383,13.961921650015528,8.14757773620177
X-Men,2000-07-14,2000,7,Q3,2000-2004,Action,Super Hero,PG-13,Based on Comic/Graphic Novel,20th Century Fox,20th Century Fox,75000000.0,157299717.0,334627820.0,4.461704266666667,1,0.5299263611734374,82.0,74.0,8.0,120706.0,18.132998671500584,19.628529487113322,11.701113115874975
The In Crowd,2000-07-19,2000,7,Q3,2000-2004,Thriller/Suspense,Contemporary Fiction,PG-13,Original Screenplay,Warner Bros.,Warner Bros.,15000000.0,5217498.0,5217498.0,0.3478332,0,0.0,2.0,42.0,-40.0,2720.0,16.523560759066484,15.467528534608071,7.908387159290043
Loser,2000-07-21,2000,7,Q3,2000-2004,Romantic Comedy,Contemporary Fiction,R,Original Screenplay,Sony Pictures,Sony Pictures,20000000.0,15464026.0,18250106.0,0.9125053,0,0.15266103111949048,25.0,50.0,-25.0,12877.0,16.811242831518264,16.719681446195086,9.463198053273784
What Lies Beneath,2000-07-21,2000,7,Q3,2000-2004,Thriller/Suspense,Contemporary Fiction,PG-13,Original Screenplay,Dreamworks SKG,Dreamworks SKG,90000000.0,155464351.0,288693989.0,3.207710988888889,1,0.4614908625617418,45.0,65.0,-20.0,45633.0,18.31532022829454,19.48087782349503,10.728386417979852
Pokemon 2000,2000-07-21,2000,7,Q3,2000-2004,Adventure,Kids Fiction,G,Based on TV,Warner Bros.,Warner Bros.,30000000.0,43746923.0,133946923.0,4.464897433333333,1,0.6734010605081238,,,,,17.216707939626428,18.712954182433116,
Thomas and the Magic Railroad,2000-07-26,2000,7,Q3,2000-2004,Adventure,Fantasy,G,Based on Book/Short Story,Destination Films,Other,19000000.0,15911332.0,15911332.0,0.8374385263157895,0,0.0,19.0,27.0,-8.0,1613.0,16.759949537130716,16.582542117739802,7.385851078125209
Nutty Professor II: The Klumps,2000-07-28,2000,7,Q3,2000-2004,Comedy,Contemporary Fiction,PG-13,Remake,Universal,Universal,84000000.0,123307945.0,161600000.0,1.9238095238095239,1,0.23695578589108912,,43.0,,17075.0,18.246327356807587,18.90063470405127,9.74537068443899
Space Cowboys,2000-08-04,2000,8,Q3,2000-2004,Adventure,Science Fiction,PG-13,Original Screenplay,Warner Bros.,Warner Bros.,65000000.0,90454043.0,128874043.0,1.9826775846153846,1,0.2981205455003844,79.0,63.0,16.0,29983.0,17.98989782785991,18.674346074473632,10.30838583336139
Saving Grace,2000-08-04,2000,8,Q3,2000-2004,Comedy,Contemporary Fiction,R,Original Screenplay,Fine Line,Other,4000000.0,12178602.0,24325623.0,6.08140575,1,0.499350869657069,63.0,68.0,-5.0,8543.0,15.201804919084164,17.007040797219165,9.052867513151618
Psycho Beach Party,2000-08-04,2000,8,Q3,2000-2004,Comedy,Unknown,Not Rated,Unknown,Unknown,Unknown,4000000.0,267972.0,267972.0,0.066993,0,0.0,55.0,60.0,-5.0,3085.0,15.201804919084164,12.498637776422887,8.034306936339489
Coyote Ugly,2000-08-04,2000,8,Q3,2000-2004,Drama,Contemporary Fiction,PG-13,Based on Real Life Events,Walt Disney Pictures,Walt Disney Pictures,45000000.0,60786269.0,115786269.0,2.5730282,1,0.4750131468524994,21.0,53.0,-32.0,33808.0,17.622173047734595,18.56725654094305,10.428452739855837
Hollow Man,2000-08-04,2000,8,Q3,2000-2004,Horror,Science Fiction,R,Original Screenplay,Sony Pictures,Sony Pictures,90000000.0,73209340.0,191200000.0,2.1244444444444444,1,0.6171059623430962,28.0,55.0,-27.0,41499.0,18.31532022829454,19.068830558581574,10.633424609542924
AimÈe & Jaguar,2000-08-11,2000,8,Q3,2000-2004,Drama,Dramatization,Not Rated,Based on Book/Short Story,Zeitgeist,Other,6800000.0,927107.0,927107.0,0.13633926470588234,0,0.0,,72.0,,2974.0,15.732433170146335,13.73982426399263,7.9976631270201
Bless the Child,2000-08-11,2000,8,Q3,2000-2004,Thriller/Suspense,Fantasy,R,Based on Book/Short Story,Paramount Pictures,Paramount Pictures,40000000.0,29374178.0,40435694.0,1.01089235,1,0.27355820825036414,3.0,48.0,-45.0,7765.0,17.50439001207821,17.515223467713355,8.957381735582787
Autumn in New York,2000-08-11,2000,8,Q3,2000-2004,Drama,Contemporary Fiction,PG-13,Original Screenplay,MGM,MGM,40000000.0,37752931.0,90717684.0,2.2679421,1,0.5838415473657815,21.0,48.0,-27.0,9309.0,17.50439001207821,18.323262868517315,9.13873695311649
Cecil B. Demented,2000-08-11,2000,8,Q3,2000-2004,Black Comedy,Contemporary Fiction,R,Original Screenplay,Artisan,Other,10000000.0,1276984.0,1953882.0,0.1953882,0,0.34643750236708254,51.0,59.0,-8.0,7565.0,16.11809565095832,14.485328720815627,8.931287626222456
The Replacements,2000-08-11,2000,8,Q3,2000-2004,Comedy,Contemporary Fiction,PG-13,Original Screenplay,Warner Bros.,Warner Bros.,50000000.0,44737059.0,50054511.0,1.00109022,1,0.10623322241625735,39.0,62.0,-23.0,21542.0,17.72753356339242,17.72862318953418,9.977759796910716
The Cell,2000-08-18,2000,8,Q3,2000-2004,Thriller/Suspense,Science Fiction,R,Original Screenplay,New Line,New Line,35000000.0,61280963.0,61280963.0,1.7508846571428571,1,0.0,46.0,62.0,-16.0,36961.0,17.37085861945369,17.930979798025092,10.517618581666662
The Original Kings of Comedy,2000-08-18,2000,8,Q3,2000-2004,Concert/Performance,Factual,R,Based on Real Life Events,Paramount Pictures,Paramount Pictures,3000000.0,38168022.0,38236338.0,12.745446,1,0.0017866773748050873,86.0,62.0,24.0,3258.0,14.914122846632385,17.45929687796352,8.08886878916199
Godzilla 2000,2000-08-18,2000,8,Q3,2000-2004,Action,Science Fiction,PG,Remake,Sony Pictures,Sony Pictures,1000000.0,10037390.0,10037390.0,10.03739,1,0.0,,,,,13.815510557964274,16.121827678272997,
Smiling Fish and Goat on Fire,2000-08-25,2000,8,Q3,2000-2004,Unknown,Unknown,R,Unknown,Unknown,Unknown,40000.0,277233.0,277233.0,6.930825,1,0.0,,,,,10.596634733096073,12.532613586831328,
The Art of War,2000-08-25,2000,8,Q3,2000-2004,Thriller/Suspense,Contemporary Fiction,R,Original Screenplay,Warner Bros.,Warner Bros.,40000000.0,30199105.0,30199105.0,0.754977625,0,0.0,16.0,55.0,-39.0,12484.0,17.50439001207821,17.22332284614436,9.43220310339067
Bring it On,2000-08-25,2000,8,Q3,2000-2004,Comedy,Contemporary Fiction,PG-13,Original Screenplay,Universal,Universal,10000000.0,68353550.0,90453550.0,9.045355,1,0.24432429683522647,63.0,59.0,4.0,30309.0,16.11809565095832,18.320347017238817,10.319199977095842
The Crew,2000-08-25,2000,8,Q3,2000-2004,Comedy,Contemporary Fiction,PG-13,Original Screenplay,Walt Disney Pictures,Walt Disney Pictures,23000000.0,13019253.0,13019253.0,0.5660544782608695,0,0.0,19.0,60.0,-41.0,1307.0,16.951004773893423,16.381939819826897,7.175489713624222
Highlander: Endgame,2000-09-01,2000,9,Q3,2000-2004,Action,Fantasy,R,Original Screenplay,Miramax/Dimension,Other,15000000.0,12801190.0,12801190.0,0.8534126666666667,0,0.0,,43.0,,8421.0,16.523560759066484,16.36504869331852,9.038483865029992
Whipped,2000-09-01,2000,9,Q3,2000-2004,Comedy,Contemporary Fiction,R,Original Screenplay,Destination Films,Other,3000000.0,4142507.0,4142507.0,1.3808356666666666,1,0.0,13.0,42.0,-29.0,2973.0,14.914122846632385,15.236811718082272,7.997326822998097
Anatomie,2000-09-08,2000,9,Q3,2000-2004,Horror,Unknown,Not Rated,Original Screenplay,Sony Pictures,Sony Pictures,2500000.0,9598.0,9598.0,0.0038392,0,0.0,,61.0,,6266.0,14.73180128983843,9.169310022418191,8.742893471512136
Fiza,2000-09-08,2000,9,Q3,2000-2004,Drama,Contemporary Fiction,Not Rated,Original Screenplay,Video Sound,Other,1000000.0,623791.0,1179462.0,1.179462,1,0.47112242700485474,,65.0,,749.0,13.815510557964274,13.980568960269768,6.618738983517219
The Watcher,2000-09-08,2000,9,Q3,2000-2004,Thriller/Suspense,Contemporary Fiction,R,Original Screenplay,Universal,Universal,33000000.0,28946615.0,47267829.0,1.4323584545454546,1,0.3876043048222079,10.0,37.0,-27.0,959.0,17.312018119430753,17.67134047406504,6.8658910748834385
Nurse Betty,2000-09-08,2000,9,Q3,2000-2004,Black Comedy,Contemporary Fiction,R,Original Screenplay,USA Films,Other,24000000.0,25170054.0,27732366.0,1.15551525,1,0.09239428038703947,84.0,64.0,20.0,20354.0,16.99356438831222,17.138110736707322,9.921032731751877
The Way of the Gun,2000-09-08,2000,9,Q3,2000-2004,Action,Contemporary Fiction,R,Original Screenplay,Artisan,Other,9000000.0,6047856.0,13061935.0,1.451326111111111,1,0.5369862122265958,48.0,65.0,-17.0,17513.0,16.012735135300492,16.385212833165323,9.770698741272664
Bait,2000-09-15,2000,9,Q3,2000-2004,Action,Contemporary Fiction,R,Original Screenplay,Warner Bros.,Warner Bros.,35000000.0,15325127.0,15471969.0,0.4420562571428571,0,0.009490841146333735,26.0,56.0,-30.0,5143.0,17.37085861945369,16.554540493053764,8.545391845774915
Almost Famous,2000-09-15,2000,9,Q3,2000-2004,Comedy,Dramatization,R,Original Screenplay,Dreamworks SKG,Dreamworks SKG,60000000.0,32522352.0,47371191.0,0.78951985,0,0.3134571600701363,88.0,80.0,8.0,94424.0,17.909855120186375,17.673524817079116,11.455550557108905
Urbania,2000-09-15,2000,9,Q3,2000-2004,Drama,Contemporary Fiction,R,Based on Play,Lionsgate,Lionsgate,225000.0,1032075.0,1032075.0,4.587,1,0.0,73.0,67.0,6.0,2218.0,12.323855681186558,13.847081896801592,7.704361167910313
Duets,2000-09-15,2000,9,Q3,2000-2004,Drama,Contemporary Fiction,R,Original Screenplay,Walt Disney Pictures,Walt Disney Pictures,16000000.0,4734235.0,4734235.0,0.2958896875,0,0.0,21.0,57.0,-36.0,5340.0,16.588099280204055,15.370330708719646,8.582980931954241
Dancer in the Dark,2000-09-22,2000,9,Q3,2000-2004,Musical,Contemporary Fiction,R,Original Screenplay,Fine Line,Other,12500000.0,4157491.0,45557491.0,3.64459928,1,0.9087418795736578,68.0,78.0,-10.0,36542.0,16.34123920227253,17.634485624789786,10.50621756297161
Woman on Top,2000-09-22,2000,9,Q3,2000-2004,Romantic Comedy,Contemporary Fiction,R,Original Screenplay,Fox Searchlight,Fox Searchlight,8000000.0,5018450.0,10192613.0,1.274076625,1,0.5076385221336276,35.0,49.0,-14.0,4743.0,15.89495209964411,16.137173800197363,8.464425125877582
Urban Legends: Final Cut,2000-09-22,2000,9,Q3,2000-2004,Horror,Contemporary Fiction,R,Original Screenplay,Sony Pictures,Sony Pictures,15000000.0,21468807.0,38574362.0,2.571624133333333,1,0.44344362714281577,9.0,37.0,-28.0,7609.0,16.523560759066484,17.46809841686739,8.937087036176523
Best in Show,2000-09-27,2000,9,Q3,2000-2004,Comedy,Contemporary Fiction,PG-13,Original Screenplay,Warner Bros.,Warner Bros.,6000000.0,18621249.0,20695413.0,3.4492355,1,0.10022336833770845,94.0,74.0,20.0,24484.0,15.60727002719233,16.845422639477075,10.10577512197096
Beautiful,2000-09-29,2000,9,Q3,2000-2004,Drama,Contemporary Fiction,PG-13,Original Screenplay,Destination Films,Other,9000000.0,3134509.0,3134509.0,0.34827877777777777,0,0.0,15.0,44.0,-29.0,2238.0,16.012735135300492,14.957983100963373,7.71333788887187
Remember the Titans,2000-09-29,2000,9,Q3,2000-2004,Drama,Contemporary Fiction,PG,Based on Real Life Events,Walt Disney Pictures,Walt Disney Pictures,30000000.0,115654751.0,136706683.0,4.556889433333334,1,0.15399343717526962,72.0,75.0,-3.0,49844.0,17.216707939626428,18.733348188575274,10.816653407062757
The Broken Hearts Club: A Romantic Comedy,2000-09-29,2000,9,Q3,2000-2004,Comedy,Contemporary Fiction,R,Original Screenplay,Sony Pictures Classics,Sony Pictures Classics,1000000.0,1744858.0,2022442.0,2.022442,1,0.13725189646971334,,66.0,,3731.0,13.815510557964274,14.5198162501241,8.224431573221159
Meet the Parents,2000-10-06,2000,10,Q4,2000-2004,Comedy,Contemporary Fiction,PG-13,Original Screenplay,Universal,Universal,55000000.0,166225040.0,301500000.0,5.4818181818181815,1,0.44867316749585406,84.0,70.0,14.0,84924.0,17.822843743196746,19.524280574131513,11.349512017863786
Get Carter,2000-10-06,2000,10,Q4,2000-2004,Drama,Contemporary Fiction,R,Remake,Warner Bros.,Warner Bros.,40000000.0,14967182.0,19417182.0,0.48542955,0,0.229178466782667,12.0,48.0,-36.0,14196.0,17.50439001207821,16.781668902162306,9.560715513766388
Requiem for a Dream,2000-10-06,2000,10,Q4,2000-2004,Drama,Contemporary Fiction,Not Rated,Based on Book/Short Story,Artisan,Other,4500000.0,3635482.0,7390108.0,1.6422462222222223,1,0.5080610459278809,78.0,85.0,-7.0,185226.0,15.319587954740548,15.815652907161304,12.129331980109534
Bamboozled,2000-10-06,2000,10,Q4,2000-2004,Drama,Contemporary Fiction,R,Original Screenplay,New Line,New Line,10000000.0,2185266.0,2373937.0,0.2373937,0,0.07947599283384521,47.0,63.0,-16.0,5958.0,16.11809565095832,14.680060316310156,8.692490133273228
Digimon: The Movie,2000-10-06,2000,10,Q4,2000-2004,Adventure,Kids Fiction,PG,Based on TV,20th Century Fox,20th Century Fox,5000000.0,9628751.0,16628751.0,3.3257502,1,0.42095765340403496,,46.0,,1727.0,15.424948470398375,16.62664374311706,7.454141078146678
The Contender,2000-10-13,2000,10,Q4,2000-2004,Drama,Contemporary Fiction,R,Original Screenplay,Dreamworks SKG,Dreamworks SKG,9000000.0,17804273.0,17804273.0,1.9782525555555555,1,0.0,76.0,69.0,7.0,13709.0,16.012735135300492,16.694949042633215,9.5258078304359
The Ladies Man,2000-10-13,2000,10,Q4,2000-2004,Comedy,Contemporary Fiction,R,Original Screenplay,Paramount Pictures,Paramount Pictures,11000000.0,13592872.0,13719474.0,1.247224909090909,1,0.009227904801598078,11.0,47.0,-36.0,6556.0,16.213405830762646,16.434326841334666,8.78813593986372
Billy Elliot,2000-10-13,2000,10,Q4,2000-2004,Drama,Contemporary Fiction,PG-13,Original Screenplay,Focus Features,Focus Features,5000000.0,21995263.0,109280263.0,21.8560526,1,0.7987261158037293,85.0,77.0,8.0,38403.0,15.424948470398375,18.509426360445644,10.555890860524219
Just Looking,2000-10-13,2000,10,Q4,2000-2004,Unknown,Unknown,R,Unknown,Unknown,Unknown,3000000.0,39852.0,39852.0,0.013284,0,0.0,,63.0,,949.0,14.914122846632385,10.592927871164747,6.855408798609928
Lost Souls,2000-10-13,2000,10,Q4,2000-2004,Thriller/Suspense,Contemporary Fiction,R,Original Screenplay,New Line,New Line,28000000.0,16779636.0,31320293.0,1.118581892857143,1,0.464256736040113,7.0,45.0,-38.0,6639.0,17.14771506813948,17.25977678408782,8.80071662871916
Bedazzled,2000-10-20,2000,10,Q4,2000-2004,Comedy,Contemporary Fiction,PG-13,Remake,20th Century Fox,20th Century Fox,48000000.0,37879996.0,90376224.0,1.882838,1,0.5808632589031381,49.0,59.0,-10.0,30946.0,17.686711568872166,18.319491781919954,10.339999029049618
The Legend of Drunken Master,2000-10-20,2000,10,Q4,2000-2004,Action,Contemporary Fiction,R,Original Screenplay,Miramax,Miramax,2000000.0,11546543.0,11546543.0,5.7732715,1,0.0,,,,,14.508657738524219,16.261896642771383,
Pay it Forward,2000-10-20,2000,10,Q4,2000-2004,Drama,Contemporary Fiction,PG-13,Based on Book/Short Story,Warner Bros.,Warner Bros.,40000000.0,33508922.0,33508922.0,0.83772305,0,0.0,40.0,68.0,-28.0,36762.0,17.50439001207821,17.3273222896944,10.51221998195371
The Yards,2000-10-20,2000,10,Q4,2000-2004,Drama,Unknown,R,Unknown,Miramax,Miramax,20000000.0,882710.0,2282710.0,0.1141355,0,0.613306114223883,64.0,63.0,1.0,8784.0,16.811242831518264,14.640873891600279,9.080687163749312
Lucky Numbers,2000-10-27,2000,10,Q4,2000-2004,Comedy,Contemporary Fiction,R,Original Screenplay,Paramount Pictures,Paramount Pictures,65000000.0,10014234.0,10014234.0,0.15406513846153846,0,0.0,23.0,49.0,-26.0,5461.0,17.98989782785991,16.119518038884816,8.605387202152153
A Room for Romeo Brass,2000-10-27,2000,10,Q4,2000-2004,Unknown,Unknown,R,Unknown,Unknown,Unknown,5250000.0,20097.0,20097.0,0.003828,0,0.0,,76.0,,2393.0,15.473738634567807,9.908325829176377,7.780303087908373
The Little Vampire,2000-10-27,2000,10,Q4,2000-2004,Comedy,Kids Fiction,PG,Based on Book/Short Story,New Line,New Line,22000000.0,13555988.0,13555988.0,0.6161812727272727,0,0.0,53.0,53.0,0.0,2202.0,16.90655301132259,16.422338926491808,7.697121317282625
Book of Shadows: Blair Witch 2,2000-10-27,2000,10,Q4,2000-2004,Horror,Contemporary Fiction,R,Original Screenplay,Artisan,Other,15000000.0,26421314.0,47721314.0,3.1814209333333334,1,0.44634143980193003,,40.0,,16122.0,16.523560759066484,17.680888690439367,9.687940077843546
Mercy Streets,2000-10-31,2000,10,Q4,2000-2004,Drama,Unknown,PG-13,Unknown,Unknown,Unknown,600000.0,173599.0,173599.0,0.28933166666666665,0,0.0,14.0,49.0,-35.0,307.0,13.304684934198283,12.064503320823132,5.726847747587197
Charlie's Angels,2000-11-03,2000,11,Q4,2000-2004,Adventure,Contemporary Fiction,PG-13,Based on TV,Sony Pictures,Sony Pictures,90000000.0,125305545.0,263200000.0,2.9244444444444446,1,0.5239151025835866,67.0,55.0,12.0,60791.0,18.31532022829454,19.388424757415436,11.015197030681492
The Legend of Bagger Vance,2000-11-03,2000,11,Q4,2000-2004,Drama,Historical Fiction,PG-13,Based on Book/Short Story,Dreamworks SKG,Dreamworks SKG,60000000.0,30695227.0,39235486.0,0.6539247666666667,0,0.21766670610375516,43.0,64.0,-21.0,21995.0,17.909855120186375,17.485092150366444,9.99857043378282
Men of Honor,2000-11-10,2000,11,Q4,2000-2004,Drama,Dramatization,R,Based on Real Life Events,20th Century Fox,20th Century Fox,32000000.0,48814909.0,82339483.0,2.57310884375,1,0.4071506497071399,41.0,68.0,-27.0,30630.0,17.281246460764002,18.2263612954425,10.329735199826821
You Can Count on Me,2000-11-10,2000,11,Q4,2000-2004,Drama,Contemporary Fiction,R,Original Screenplay,Paramount Vantage,Other,1200000.0,9180275.0,11005992.0,9.17166,1,0.16588391123671542,95.0,77.0,18.0,14261.0,13.997832114758229,16.213950409725328,9.565283817736766
Little Nicky,2000-11-10,2000,11,Q4,2000-2004,Comedy,Fantasy,PG-13,Original Screenplay,New Line,New Line,80000000.0,39442871.0,58270391.0,0.7283798875,0,0.32310612091139046,21.0,50.0,-29.0,35082.0,18.197537192638155,17.880604649239185,10.465443457403726
Red Planet,2000-11-10,2000,11,Q4,2000-2004,Action,Science Fiction,PG-13,Original Screenplay,Warner Bros.,Warner Bros.,80000000.0,17480890.0,33463969.0,0.4182996125,0,0.4776205416637817,12.0,53.0,-41.0,20989.0,18.197537192638155,17.325979865735107,9.951753769945617
The 6th Day,2000-11-17,2000,11,Q4,2000-2004,Action,Science Fiction,PG-13,Original Screenplay,Sony Pictures,Sony Pictures,82000000.0,34543701.0,96024898.0,1.1710353414634147,1,0.6402630805189712,40.0,58.0,-18.0,32606.0,18.222229805228526,18.380118069972298,10.3922515994996
How the Grinch Stole Christmas,2000-11-17,2000,11,Q4,2000-2004,Comedy,Kids Fiction,PG,Based on Book/Short Story,Universal,Universal,123000000.0,260044825.0,345141403.0,2.8060276666666666,1,0.24655569358046564,53.0,57.0,-4.0,40310.0,18.627694913336693,19.659464754792538,10.604354856111211
Bounce,2000-11-17,2000,11,Q4,2000-2004,Drama,Contemporary Fiction,PG-13,Original Screenplay,Miramax,Miramax,35000000.0,36779296.0,53399300.0,1.5256942857142857,1,0.31124010988908096,51.0,55.0,-4.0,10702.0,17.37085861945369,17.79330819523027,9.27818591887125
Rugrats in Paris,2000-11-17,2000,11,Q4,2000-2004,Adventure,Kids Fiction,G,Based on TV,Paramount Pictures,Paramount Pictures,30000000.0,76501438.0,103284813.0,3.4428271,1,0.2593157137245337,,,,,17.216707939626428,18.453000904888572,
102 Dalmatians,2000-11-22,2000,11,Q4,2000-2004,Comedy,Kids Fiction,G,Based on Book/Short Story,Walt Disney Pictures,Walt Disney Pictures,85000000.0,66941559.0,66941559.0,0.7875477529411765,0,0.0,30.0,44.0,-14.0,7147.0,18.258161814454592,18.019330542989255,8.874447967219979
Unbreakable,2000-11-22,2000,11,Q4,2000-2004,Thriller/Suspense,Super Hero,PG-13,Original Screenplay,Walt Disney Pictures,Walt Disney Pictures,73243106.0,94999143.0,248099143.0,3.387337819889834,1,0.6170920147031705,68.0,73.0,-5.0,97324.0,18.1092946853913,19.329338994403745,11.48580089757357
Panic,2000-12-01,2000,12,Q4,2000-2004,Drama,Contemporary Fiction,R,Original Screenplay,Roxie Releasing,Other,1000000.0,779137.0,889279.0,0.889279,0,0.12385539296441274,92.0,27.0,65.0,473.0,13.815510557964274,13.698166301030426,6.159095388491933
Snatch,2000-12-08,2000,12,Q4,2000-2004,Black Comedy,Contemporary Fiction,R,Original Screenplay,Sony Pictures,Sony Pictures,10000000.0,30093107.0,83593107.0,8.3593107,1,0.6400049228939415,,82.0,,173919.0,16.11809565095832,18.241471622502456,12.066344952568498
Proof of Life,2000-12-08,2000,12,Q4,2000-2004,Action,Contemporary Fiction,R,Based on Magazine Article,Warner Bros.,Warner Bros.,65000000.0,32598931.0,62761005.0,0.9655539230769231,0,0.4805862175087859,39.0,61.0,-22.0,23099.0,17.98989782785991,17.954844499085215,10.047544605529554
"Crouching Tiger, Hidden Dragon",2000-12-08,2000,12,Q4,2000-2004,Drama,Historical Fiction,PG-13,Based on Book/Short Story,Sony Pictures Classics,Sony Pictures Classics,15000000.0,128067808.0,213200000.0,14.213333333333333,1,0.3993067166979362,,,,,16.523560759066484,19.177741250255963,
Dungeons and Dragons,2000-12-08,2000,12,Q4,2000-2004,Adventure,Fantasy,PG-13,Based on Game,New Line,New Line,35000000.0,15185241.0,33771965.0,0.9649132857142857,0,0.5503595659891274,,36.0,,16954.0,17.37085861945369,17.33514157840951,9.73825907316835
Vertical Limit,2000-12-08,2000,12,Q4,2000-2004,Action,Contemporary Fiction,PG-13,Original Screenplay,Sony Pictures,Sony Pictures,75000000.0,68473360.0,213500000.0,2.8466666666666667,1,0.6792816861826698,47.0,56.0,-9.0,24294.0,18.132998671500584,19.179147390632952,10.097984685260217
The Emperor's New Groove,2000-12-15,2000,12,Q4,2000-2004,Adventure,Kids Fiction,G,Original Screenplay,Walt Disney Pictures,Walt Disney Pictures,100000000.0,89296573.0,169296573.0,1.69296573,1,0.4725435286867856,85.0,74.0,11.0,23355.0,18.420680743952367,18.94716260472483,10.058566372936209
What Women Want,2000-12-15,2000,12,Q4,2000-2004,Romantic Comedy,Contemporary Fiction,PG-13,Original Screenplay,Paramount Pictures,Paramount Pictures,65000000.0,182805123.0,372100000.0,5.724615384615385,1,0.5087204434291857,53.0,63.0,-10.0,54525.0,17.98989782785991,19.73467319331685,10.90641459106983
"Dude, Where's My Car?",2000-12-15,2000,12,Q4,2000-2004,Comedy,Contemporary Fiction,PG-13,Original Screenplay,20th Century Fox,20th Century Fox,14000000.0,46729374.0,73180297.0,5.227164071428572,1,0.36144869704477967,19.0,,,,16.454567887579532,18.108436776033024,
Chocolat,2000-12-15,2000,12,Q4,2000-2004,Drama,Historical Fiction,PG-13,Based on Book/Short Story,Miramax,Miramax,25000000.0,71309760.0,152500343.0,6.10001372,1,0.5323960681190074,62.0,73.0,-11.0,56176.0,17.034386382832476,18.84267740318954,10.936244898408214
Pollock,2000-12-15,2000,12,Q4,2000-2004,Drama,Dramatization,R,Based on Real Life Events,Sony Pictures Classics,Sony Pictures Classics,6000000.0,8596914.0,10557291.0,1.7595485,1,0.18568939702429343,82.0,71.0,11.0,9669.0,15.60727002719233,16.17232726924098,9.176680170483548
Finding Forrester,2000-12-19,2000,12,Q4,2000-2004,Drama,Contemporary Fiction,PG-13,Original Screenplay,Sony Pictures,Sony Pictures,43000000.0,51768623.0,80013623.0,1.8607819302325581,1,0.35300238810583545,74.0,72.0,2.0,35966.0,17.576710673657836,18.197707465640885,10.490329326725142
The Gift,2000-12-19,2000,12,Q4,2000-2004,Thriller/Suspense,Contemporary Fiction,R,Original Screenplay,Paramount Vantage,Other,10000000.0,12008642.0,44567606.0,4.4567606,1,0.7305522311429516,56.0,67.0,-11.0,28488.0,16.11809565095832,17.61251783022009,10.257238224957614
The House of Mirth,2000-12-22,2000,12,Q4,2000-2004,Drama,Historical Fiction,PG,Based on Book/Short Story,Sony Pictures Classics,Sony Pictures Classics,10000000.0,3041803.0,3041803.0,0.3041803,0,0.0,81.0,68.0,13.0,4489.0,16.11809565095832,14.927960989678056,8.409385238781931
The Family Man,2000-12-22,2000,12,Q4,2000-2004,Comedy,Contemporary Fiction,PG-13,Original Screenplay,Universal,Universal,60000000.0,75764085.0,124715863.0,2.0785977166666667,1,0.39250642879326425,52.0,66.0,-14.0,34090.0,17.909855120186375,18.641548611862174,10.436759365131948
Miss Congeniality,2000-12-22,2000,12,Q4,2000-2004,Comedy,Contemporary Fiction,PG-13,Original Screenplay,Warner Bros.,Warner Bros.,45000000.0,106807667.0,212100000.0,4.713333333333333,1,0.4964277840641207,41.0,61.0,-20.0,42323.0,17.622173047734595,19.17256841953491,10.65308595248852
Cast Away,2000-12-22,2000,12,Q4,2000-2004,Drama,Contemporary Fiction,PG-13,Original Screenplay,20th Century Fox,20th Century Fox,85000000.0,233632142.0,427230516.0,5.026241364705882,1,0.4531473449335721,89.0,75.0,14.0,102936.0,18.258161814454592,19.872834275643342,11.541862714864827
Dracula 2000,2000-12-22,2000,12,Q4,2000-2004,Horror,Contemporary Fiction,R,Original Screenplay,Miramax,Miramax,28000000.0,33000377.0,33000377.0,1.178584892857143,1,0.0,15.0,48.0,-33.0,14077.0,17.14771506813948,17.312029543607924,9.552297538827965
"O Brother, Where Art Thou",2000-12-22,2000,12,Q4,2000-2004,Comedy,Historical Fiction,PG-13,Traditional/Legend/Fairytale,Walt Disney Pictures,Walt Disney Pictures,26000000.0,45506619.0,65976782.0,2.5375685384615383,1,0.3102631316574367,,,,,17.073607095985757,18.00481345022004,
Thirteen Days,2000-12-25,2000,12,Q4,2000-2004,Drama,Dramatization,PG-13,Based on Real Life Events,New Line,New Line,80000000.0,34566746.0,66554547.0,0.8319318375,0,0.48062532827396454,82.0,73.0,9.0,23578.0,18.197537192638155,18.013532425039372,10.068069352852072
An Everlasting Piece,2000-12-25,2000,12,Q4,2000-2004,Unknown,Unknown,R,Unknown,Dreamworks SKG,Dreamworks SKG,4000000.0,75078.0,75078.0,0.0187695,0,0.0,49.0,60.0,-11.0,1097.0,15.201804919084164,11.22628285209311,7.00033446027523
All the Pretty Horses,2000-12-25,2000,12,Q4,2000-2004,Western,Historical Fiction,PG-13,Based on Book/Short Story,Miramax,Miramax,45000000.0,15527125.0,18120267.0,0.4026726,0,0.14310727319856822,32.0,57.0,-25.0,6511.0,17.622173047734595,16.712541593569885,8.781248333236862
Traffic,2000-12-27,2000,12,Q4,2000-2004,Drama,Contemporary Fiction,R,Based on TV,USA Films,Other,48000000.0,124107476.0,208300000.0,4.339583333333334,1,0.4041887854056649,91.0,78.0,13.0,85759.0,17.686711568872166,19.154489906231202,11.359296315788884
Shadow of the Vampire,2000-12-29,2000,12,Q4,2000-2004,Drama,Historical Fiction,R,Original Screenplay,Lionsgate,Lionsgate,8000000.0,8279017.0,8279017.0,1.034877125,1,0.0,81.0,68.0,13.0,18221.0,15.89495209964411,15.929234799506926,9.810330054049878
The Claim,2000-12-29,2000,12,Q4,2000-2004,Western,Historical Fiction,R,Based on Book/Short Story,MGM,MGM,13000000.0,622023.0,622023.0,0.04784792307692308,0,0.0,63.0,65.0,-2.0,3681.0,16.38045991542581,13.340732348529627,8.210939733379021
Double Take,2001-01-12,2001,1,Q1,2000-2004,Action,Contemporary Fiction,PG-13,Remake,Walt Disney Pictures,Walt Disney Pictures,24000000.0,29823162.0,29823162.0,1.24263175,1,0.0,12.0,68.0,-56.0,162.0,16.99356438831222,17.210795897896727,5.087596335232384
Antitrust,2001-01-12,2001,1,Q1,2000-2004,Thriller/Suspense,Contemporary Fiction,PG-13,Original Screenplay,MGM,MGM,30000000.0,10965209.0,10965209.0,0.36550696666666666,0,0.0,25.0,60.0,-35.0,16263.0,17.216707939626428,16.210238000299988,9.696647867928448
Save the Last Dance,2001-01-12,2001,1,Q1,2000-2004,Drama,Contemporary Fiction,PG-13,Original Screenplay,Paramount Pictures,Paramount Pictures,13000000.0,91038276.0,131638276.0,10.126021230769231,1,0.30842093374118634,53.0,59.0,-6.0,20355.0,16.38045991542581,18.69556838563035,9.921081860937079
The Pledge,2001-01-19,2001,1,Q1,2000-2004,Drama,Contemporary Fiction,R,Based on Book/Short Story,Warner Bros.,Warner Bros.,45000000.0,19719930.0,29406132.0,0.6534696,0,0.32939395089432366,77.0,69.0,8.0,22609.0,17.622173047734595,17.196713781989484,10.026103336076316
The Wedding Planner,2001-01-26,2001,1,Q1,2000-2004,Romantic Comedy,Contemporary Fiction,PG-13,Original Screenplay,Sony Pictures,Sony Pictures,28000000.0,60400856.0,94728529.0,3.38316175,1,0.3623794580405656,16.0,48.0,-32.0,18717.0,17.14771506813948,18.366525769387437,9.837187480778896
Valentine,2001-02-02,2001,2,Q1,2000-2004,Horror,Contemporary Fiction,R,Based on Book/Short Story,Warner Bros.,Warner Bros.,10000000.0,20384136.0,20384136.0,2.0384136,1,0.0,9.0,43.0,-34.0,11435.0,16.11809565095832,16.830267509231298,9.344434106456882
Head Over Heels,2001-02-02,2001,2,Q1,2000-2004,Romantic Comedy,Contemporary Fiction,PG-13,Original Screenplay,Universal,Universal,14000000.0,10397365.0,10397365.0,0.7426689285714285,0,0.0,9.0,48.0,-39.0,6574.0,16.454567887579532,16.157062966624554,8.790877754224164
Left Behind,2001-02-02,2001,2,Q1,2000-2004,Drama,Contemporary Fiction,PG-13,Based on Book/Short Story,Cloud Ten Pictures,Other,18500000.0,4221341.0,4221341.0,0.22818059459459458,0,0.0,,50.0,,43.0,16.733281290048552,15.255663408045052,3.7612001156935624
Saving Silverman,2001-02-09,2001,2,Q1,2000-2004,Comedy,Contemporary Fiction,R,Original Screenplay,Sony Pictures,Sony Pictures,22000000.0,19351569.0,19351569.0,0.8796167727272727,0,0.0,,56.0,,18748.0,16.90655301132259,16.77828405942415,9.838842359042596
Hannibal,2001-02-09,2001,2,Q1,2000-2004,Horror,Contemporary Fiction,R,Based on Book/Short Story,MGM,MGM,87000000.0,165092266.0,350100280.0,4.0241411494252874,1,0.5284429192687307,39.0,64.0,-25.0,74862.0,18.28141867661886,19.67373018569607,11.223401697639076
Down to Earth,2001-02-16,2001,2,Q1,2000-2004,Comedy,Fantasy,PG-13,Remake,Paramount Pictures,Paramount Pictures,30000000.0,64172251.0,71172251.0,2.372408366666667,1,0.09835293814157993,19.0,50.0,-31.0,9193.0,17.216707939626428,18.080613567270436,9.126197603863755
Recess: School's Out,2001-02-16,2001,2,Q1,2000-2004,Comedy,Kids Fiction,G,Based on TV,Walt Disney Pictures,Walt Disney Pictures,10000000.0,36696761.0,44451470.0,4.445147,1,0.17445337578262315,62.0,62.0,0.0,2176.0,16.11809565095832,17.6099085902435,7.685243607975833
Sweet November,2001-02-16,2001,2,Q1,2000-2004,Drama,Contemporary Fiction,PG-13,Remake,Warner Bros.,Warner Bros.,40000000.0,25288103.0,65754228.0,1.6438557,1,0.6154147988780281,16.0,60.0,-44.0,20891.0,17.50439001207821,18.00143453113723,9.947073723199049
Monkeybone,2001-02-23,2001,2,Q1,2000-2004,Comedy,Fantasy,PG-13,Based on Comic/Graphic Novel,20th Century Fox,20th Century Fox,75000000.0,5409517.0,5409517.0,0.07212689333333333,0,0.0,20.0,45.0,-25.0,8211.0,18.132998671500584,15.503670367724293,9.01322999770879
3000 Miles to Graceland,2001-02-23,2001,2,Q1,2000-2004,Drama,Contemporary Fiction,R,Original Screenplay,Warner Bros.,Warner Bros.,62000000.0,15738632.0,18708848.0,0.30175561290322583,0,0.15875996213128676,14.0,56.0,-42.0,20094.0,17.942644943009366,16.74450712500246,9.90817654202226
The Mexican,2001-03-02,2001,3,Q1,2000-2004,Action,Contemporary Fiction,R,Original Screenplay,Dreamworks SKG,Dreamworks SKG,40000000.0,66808615.0,147808615.0,3.695215375,1,0.5480059467440379,55.0,59.0,-4.0,37696.0,17.50439001207821,18.811428853007016,10.537309267011258
See Spot Run,2001-03-02,2001,3,Q1,2000-2004,Comedy,Kids Fiction,PG,Original Screenplay,Warner Bros.,Warner Bros.,16000000.0,33357476.0,43057552.0,2.691097,1,0.22528164165022665,24.0,49.0,-25.0,3673.0,16.588099280204055,17.578048197378703,8.208764045819667
The Widow of St. Pierre,2001-03-02,2001,3,Q1,2000-2004,Drama,Dramatization,R,Based on Real Life Events,Lionsgate,Lionsgate,13000000.0,3058380.0,3058380.0,0.23526,0,0.0,,,,,16.38045991542581,14.933395921975968,
15 Minutes,2001-03-09,2001,3,Q1,2000-2004,Thriller/Suspense,Contemporary Fiction,R,Original Screenplay,New Line,New Line,42000000.0,24375436.0,56331864.0,1.3412348571428572,1,0.5672886663221369,32.0,61.0,-29.0,25566.0,17.553180176247643,17.846770901038838,10.149018622727967
Dayereh,2001-03-09,2001,3,Q1,2000-2004,Drama,Contemporary Fiction,Not Rated,Original Screenplay,WinStar Cinema,Other,10000.0,673780.0,673780.0,67.378,1,0.0,,73.0,,1851.0,9.210340371976184,13.42065892711572,7.523481312573497
Company Man,2001-03-09,2001,3,Q1,2000-2004,Unknown,Unknown,PG-13,Unknown,Unknown,Unknown,12000000.0,146028.0,146028.0,0.012169,0,0.0,,50.0,,1305.0,16.300417207752275,11.8915536631248,7.173958319756794
Get Over It,2001-03-09,2001,3,Q1,2000-2004,Romantic Comedy,Contemporary Fiction,PG-13,Original Screenplay,Miramax,Miramax,10000000.0,11560259.0,11560259.0,1.1560259,1,0.0,45.0,55.0,-10.0,9350.0,16.11809565095832,16.26308382580181,9.143131622282732
Gabriela,2001-03-16,2001,3,Q1,2000-2004,Drama,Contemporary Fiction,R,Original Screenplay,Power Point Films,Other,50000.0,2335352.0,2335352.0,46.70704,1,0.0,,55.0,,1399.0,10.819778284410283,14.663673187188245,7.243512974665482
American Desi,2001-03-16,2001,3,Q1,2000-2004,Romantic Comedy,Contemporary Fiction,Not Rated,Original Screenplay,Eros Entertainment,Other,250000.0,902835.0,1366235.0,5.46494,1,0.33918030207102,42.0,67.0,-25.0,1047.0,12.429216196844383,14.127569339455617,6.953684210870537
Exit Wounds,2001-03-16,2001,3,Q1,2000-2004,Action,Contemporary Fiction,R,Based on Book/Short Story,Warner Bros.,Warner Bros.,33000000.0,51758599.0,79958599.0,2.4229878484848486,1,0.35268251761139535,33.0,52.0,-19.0,14528.0,17.312018119430753,18.197019546182343,9.583833100841074
Memento,2001-03-16,2001,3,Q1,2000-2004,Drama,Contemporary Fiction,R,Based on Book/Short Story,Newmarket Films,Other,5000000.0,25544867.0,39665950.0,7.93319,1,0.3560001210105897,,87.0,,274524.0,15.424948470398375,17.49600369501759,12.522793967803784
Enemy at the Gates,2001-03-16,2001,3,Q1,2000-2004,Drama,Historical Fiction,R,Based on Real Life Events,Paramount Pictures,Paramount Pictures,85000000.0,51396781.0,96971293.0,1.1408387411764707,1,0.4699794195793594,53.0,74.0,-21.0,59916.0,18.258161814454592,18.389925544212662,11.00069886028861
Say It Isn't So,2001-03-23,2001,3,Q1,2000-2004,Comedy,Contemporary Fiction,R,Original Screenplay,20th Century Fox,20th Century Fox,25000000.0,5516708.0,5516708.0,0.22066832,0,0.0,9.0,46.0,-37.0,7736.0,17.034386382832476,15.523291863538297,8.95364003713313
The Brothers,2001-03-23,2001,3,Q1,2000-2004,Comedy,Contemporary Fiction,R,Original Screenplay,Sony Pictures,Sony Pictures,6000000.0,27457409.0,27958191.0,4.6596985,1,0.017911816969846152,63.0,28.0,35.0,153.0,15.60727002719233,17.14622077366596,5.030437921392435
Heartbreakers,2001-03-23,2001,3,Q1,2000-2004,Comedy,Contemporary Fiction,PG-13,Original Screenplay,MGM,MGM,38000000.0,40334024.0,57753825.0,1.5198375,1,0.301621598223148,52.0,62.0,-10.0,20962.0,17.45309671769066,17.87170013893905,9.950466553730122
Tailor of Panama,2001-03-30,2001,3,Q1,2000-2004,Thriller/Suspense,Historical Fiction,R,Based on Book/Short Story,Sony Pictures,Sony Pictures,18000000.0,13491653.0,27491653.0,1.5273140555555555,1,0.5092454789822933,,,,,16.70588231586044,17.129392989290345,
Spy Kids,2001-03-30,2001,3,Q1,2000-2004,Adventure,Kids Fiction,PG,Original Screenplay,Miramax/Dimension,Other,35000000.0,112692062.0,197692062.0,5.6483446285714285,1,0.42996162385113873,93.0,57.0,36.0,23479.0,17.37085861945369,19.102221135589673,10.063861683597258
Amores Perros,2001-03-30,2001,3,Q1,2000-2004,Drama,Contemporary Fiction,R,Original Screenplay,Lionsgate,Lionsgate,2000000.0,5383834.0,20883834.0,10.441917,1,0.7422008813132684,,81.0,,61083.0,14.508657738524219,16.854485924812153,11.019988874039978
Tomcats,2001-03-30,2001,3,Q1,2000-2004,Comedy,Contemporary Fiction,R,Original Screenplay,Sony Pictures,Sony Pictures,11000000.0,13558739.0,13558739.0,1.2326126363636363,1,0.0,15.0,49.0,-34.0,9505.0,16.213405830762646,16.42254184205201,9.15957325492253
Someone Like You,2001-03-30,2001,3,Q1,2000-2004,Romantic Comedy,Contemporary Fiction,PG-13,Based on Book/Short Story,20th Century Fox,20th Century Fox,23000000.0,27338033.0,38684906.0,1.6819524347826087,1,0.2933152532411479,41.0,58.0,-17.0,10073.0,16.951004773893423,17.470960056080358,9.21761385594268
Just Visiting,2001-04-06,2001,4,Q2,2000-2004,Comedy,Fantasy,PG-13,Remake,Walt Disney Pictures,Walt Disney Pictures,40000000.0,4777007.0,16172200.0,0.404305,0,0.7046161313859586,33.0,56.0,-23.0,6923.0,17.50439001207821,16.598804276720497,8.842604480678025
Pokemon 3: The Movie,2001-04-06,2001,4,Q2,2000-2004,Adventure,Kids Fiction,G,Based on TV,Warner Bros.,Warner Bros.,3000000.0,17052128.0,68452128.0,22.817376,1,0.7508897312878279,23.0,35.0,-12.0,2577.0,14.914122846632385,18.04164519760118,7.854381210652365
Blow,2001-04-06,2001,4,Q2,2000-2004,Drama,Dramatization,R,Based on Book/Short Story,New Line,New Line,30000000.0,52990775.0,83282296.0,2.7760765333333333,1,0.36372101220648384,54.0,74.0,-20.0,70218.0,17.216707939626428,18.237746551535526,11.159359967402821
Brigham City,2001-04-06,2001,4,Q2,2000-2004,Thriller/Suspense,Unknown,PG-13,Original Screenplay,Excel Entertainment,Other,1000000.0,852206.0,852206.0,0.852206,0,0.0,71.0,71.0,0.0,758.0,13.815510557964274,13.655583560623962,6.630683385642372
Along Came a Spider,2001-04-06,2001,4,Q2,2000-2004,Thriller/Suspense,Contemporary Fiction,R,Based on Book/Short Story,Paramount Pictures,Paramount Pictures,28000000.0,74058698.0,105159085.0,3.755681607142857,1,0.2957460784296478,32.0,61.0,-29.0,22994.0,17.14771506813948,18.470984856761095,10.042988591313685
Josie and the Pussycats,2001-04-11,2001,4,Q2,2000-2004,Comedy,Contemporary Fiction,PG-13,Based on TV,Universal,Universal,22000000.0,14252830.0,14252830.0,0.6478559090909091,0,0.0,53.0,51.0,2.0,11284.0,16.90655301132259,16.47246604145249,9.331141072121888
Joe Dirt,2001-04-11,2001,4,Q2,2000-2004,Comedy,Contemporary Fiction,PG-13,Original Screenplay,Sony Pictures,Sony Pictures,16000000.0,27087695.0,30987695.0,1.9367309375,1,0.1258564084873044,11.0,54.0,-43.0,18666.0,16.588099280204055,17.24910074816581,9.834458966125691
Kingdom Come,2001-04-11,2001,4,Q2,2000-2004,Comedy,Contemporary Fiction,PG,Based on Play,Fox Searchlight,Fox Searchlight,7000000.0,23247539.0,23393939.0,3.3419912857142857,1,0.006258031193464256,28.0,,,,15.761420707019587,16.967987529683192,
Bridget Jones's Diary,2001-04-13,2001,4,Q2,2000-2004,Romantic Comedy,Contemporary Fiction,R,Based on Book/Short Story,Miramax,Miramax,25000000.0,71500556.0,281527158.0,11.26108632,1,0.7460260796580058,80.0,68.0,12.0,58213.0,17.034386382832476,19.455739476911823,10.971863976474273
Crocodile Dundee in Los Angeles,2001-04-20,2001,4,Q2,2000-2004,Adventure,Contemporary Fiction,PG,Original Screenplay,Paramount Pictures,Paramount Pictures,25000000.0,25590119.0,39393111.0,1.57572444,1,0.3503910112608268,12.0,46.0,-34.0,7082.0,17.034386382832476,17.48910151126478,8.86531163267185
Freddy Got Fingered,2001-04-20,2001,4,Q2,2000-2004,Comedy,Contemporary Fiction,R,Original Screenplay,20th Century Fox,20th Century Fox,15000000.0,14249005.0,14249005.0,0.9499336666666667,0,0.0,11.0,40.0,-29.0,25033.0,16.523560759066484,16.47219763767968,10.127950233416236
Town & Country,2001-04-27,2001,4,Q2,2000-2004,Romantic Comedy,Contemporary Fiction,R,Original Screenplay,New Line,New Line,105000000.0,6712451.0,10364769.0,0.09871208571428572,0,0.35237813790157796,13.0,44.0,-31.0,2889.0,18.469470908121796,16.153923017062425,7.968665700466235
Driven,2001-04-27,2001,4,Q2,2000-2004,Action,Contemporary Fiction,PG-13,Original Screenplay,Warner Bros.,Warner Bros.,72000000.0,32616869.0,54616869.0,0.758567625,0,0.4028059535964978,13.0,42.0,-29.0,18795.0,18.09217667698033,17.815853349041998,9.841346155998279
The Forsaken,2001-04-27,2001,4,Q2,2000-2004,Horror,Contemporary Fiction,R,Original Screenplay,Sony Pictures,Sony Pictures,5000000.0,6755271.0,6755271.0,1.3510542,1,0.0,8.0,51.0,-43.0,4679.0,15.424948470398375,15.725833647002506,8.450839690866216
Akira,2001-04-27,2001,4,Q2,2000-2004,Action,Unknown,R,Based on Comic/Graphic Novel,Unknown,Unknown,8000000.0,19585.0,19585.0,0.002448125,0,0.0,,79.0,,39948.0,15.89495209964411,9.882519246099932,10.595333887363026
The Mummy Returns,2001-05-04,2001,5,Q2,2000-2004,Adventure,Fantasy,PG-13,Remake,Universal,Universal,98000000.0,202007640.0,433007640.0,4.418445306122449,1,0.5334778850553307,47.0,62.0,-15.0,68084.0,18.400478036634848,19.886265930152906,11.128497515927863
Eureka,2001-05-04,2001,5,Q2,2000-2004,Drama,Unknown,Not Rated,Unknown,Unknown,Unknown,2000000.0,49388.0,76654.0,0.038327,0,0.3557022464581105,,79.0,,1391.0,14.508657738524219,11.247057068196021,7.237778191923443
A Knight's Tale,2001-05-11,2001,5,Q2,2000-2004,Adventure,Historical Fiction,PG-13,Original Screenplay,Sony Pictures,Sony Pictures,41000000.0,56083966.0,56083966.0,1.3679016097560976,1,0.0,58.0,66.0,-8.0,47609.0,17.529082624668582,17.84236051858947,10.77077709797722
Angel Eyes,2001-05-18,2001,5,Q2,2000-2004,Drama,Contemporary Fiction,R,Original Screenplay,Warner Bros.,Warner Bros.,38000000.0,24044532.0,24044532.0,0.6327508421052631,0,0.0,32.0,55.0,-23.0,11089.0,17.45309671769066,16.995418168998558,9.313708904953216
Shrek,2001-05-18,2001,5,Q2,2000-2004,Adventure,Kids Fiction,PG,Based on Book/Short Story,Dreamworks SKG,Dreamworks SKG,50000000.0,267655011.0,484399218.0,9.68798436,1,0.44744953944165944,89.0,80.0,9.0,163855.0,17.72753356339242,19.99841995527362,12.00673716937696
Moulin Rouge,2001-05-18,2001,5,Q2,2000-2004,Musical,Historical Fiction,PG-13,Original Screenplay,20th Century Fox,20th Century Fox,53000000.0,57386369.0,179213196.0,3.3813810566037734,1,0.6797871458081691,,73.0,,2105.0,17.785802471516394,19.00408669418679,7.652070746116482
Pearl Harbor,2001-05-25,2001,5,Q2,2000-2004,Action,Dramatization,PG-13,Based on Real Life Events,Walt Disney Pictures,Walt Disney Pictures,151500000.0,198539855.0,449239855.0,2.9652795709570956,1,0.5580537817598574,26.0,54.0,-28.0,96186.0,18.8360961829137,19.923067501291715,11.474039095917728
The Animal,2001-06-01,2001,6,Q2,2000-2004,Comedy,Contemporary Fiction,PG-13,Original Screenplay,Sony Pictures,Sony Pictures,22000000.0,55762229.0,55762229.0,2.534646772727273,1,0.0,30.0,46.0,-16.0,18601.0,16.90655301132259,17.836607298509964,9.83097062169695
What's the Worst That Could Happen?,2001-06-01,2001,6,Q2,2000-2004,Comedy,Contemporary Fiction,PG-13,Original Screenplay,MGM,MGM,30000000.0,32267774.0,38462071.0,1.2820690333333333,1,0.16104949210873226,10.0,50.0,-40.0,6727.0,17.216707939626428,17.465183144829073,8.813884558025606
Atlantis: The Lost Empire,2001-06-08,2001,6,Q2,2000-2004,Adventure,Kids Fiction,PG,Based on Book/Short Story,Walt Disney Pictures,Walt Disney Pictures,90000000.0,84052762.0,186049020.0,2.0672113333333333,1,0.5482224953402066,,64.0,,15552.0,18.31532022829454,19.041520745341796,9.65194452670022
Swordfish,2001-06-08,2001,6,Q2,2000-2004,Action,Contemporary Fiction,R,Original Screenplay,Warner Bros.,Warner Bros.,80000000.0,69772969.0,147080413.0,1.8385051625,1,0.5256134547296927,25.0,63.0,-38.0,57952.0,18.197537192638155,18.806490022389053,10.96737036068314
Evolution,2001-06-08,2001,6,Q2,2000-2004,Comedy,Contemporary Fiction,PG-13,Original Screenplay,Dreamworks SKG,Dreamworks SKG,80000000.0,38311134.0,98341932.0,1.22927415,1,0.6104293131031837,42.0,59.0,-17.0,39590.0,18.197537192638155,18.40396106588077,10.586331840100176
Sexy Beast,2001-06-13,2001,6,Q2,2000-2004,Drama,Contemporary Fiction,R,Original Screenplay,Fox Searchlight,Fox Searchlight,4300000.0,6946056.0,6946056.0,1.6153618604651163,1,0.0,,71.0,,20916.0,15.27412558066379,15.753684574447725,9.94826969530802
Lara Croft: Tomb Raider,2001-06-15,2001,6,Q2,2000-2004,Adventure,Contemporary Fiction,PG-13,Based on Game,Paramount Pictures,Paramount Pictures,94000000.0,131144183.0,274644183.0,2.9217466276595743,1,0.5224942266481574,,54.0,,55582.0,18.358805340234277,19.43098693784538,10.925614686816047
Songcatcher,2001-06-15,2001,6,Q2,2000-2004,Drama,Historical Fiction,PG-13,Original Screenplay,Lionsgate,Lionsgate,1800000.0,3050934.0,3050934.0,1.6949633333333334,1,0.0,,69.0,,1997.0,14.403297222866392,14.930958331213105,7.599401333415815
Doctor Dolittle 2,2001-06-22,2001,6,Q2,2000-2004,Comedy,Kids Fiction,PG,Remake,20th Century Fox,20th Century Fox,72000000.0,112950721.0,176101721.0,2.4458572361111113,1,0.3586052404337377,,60.0,,2993.0,18.09217667698033,18.98657234627501,8.0040315078527
The Fast and the Furious,2001-06-22,2001,6,Q2,2000-2004,Action,Contemporary Fiction,PG-13,Based on Magazine Article,Universal,Universal,38000000.0,144512310.0,206512310.0,5.43453447368421,1,0.3002242336062194,53.0,60.0,-7.0,67939.0,17.45309671769066,19.145870581179402,11.126365522736661
Baby Boy,2001-06-27,2001,6,Q2,2000-2004,Drama,Contemporary Fiction,R,Original Screenplay,Sony Pictures,Sony Pictures,16000000.0,28734552.0,28734552.0,1.7959095,1,0.0,69.0,61.0,8.0,4485.0,16.588099280204055,17.173610859059444,8.408493774492896
Pandaemonium,2001-06-29,2001,6,Q2,2000-2004,Unknown,Unknown,PG-13,Unknown,Unknown,Unknown,15000000.0,0.0,0.0,0.0,0,,,65.0,,496.0,16.523560759066484,,6.206575926724928
Artificial Intelligence: AI,2001-06-29,2001,6,Q2,2000-2004,Drama,Science Fiction,PG-13,Based on Book/Short Story,Warner Bros.,Warner Bros.,90000000.0,78616689.0,235900000.0,2.621111111111111,1,0.6667372233997456,,69.0,,91901.0,18.31532022829454,19.278918544377902,11.428467189677395
Pootie Tang,2001-06-29,2001,6,Q2,2000-2004,Comedy,Contemporary Fiction,PG-13,Original Screenplay,Paramount Pictures,Paramount Pictures,3500000.0,3293258.0,3293258.0,0.9409308571428572,0,0.0,27.0,45.0,-18.0,6183.0,15.068273526459642,15.007387906300389,8.729558869558568
crazy/beautiful,2001-06-29,2001,6,Q2,2000-2004,Drama,Contemporary Fiction,PG-13,Original Screenplay,Walt Disney Pictures,Walt Disney Pictures,13000000.0,16929123.0,19929123.0,1.5330094615384615,1,0.15053346803068052,,63.0,,12102.0,16.38045991542581,16.807692687206725,9.401126007182267
Cats & Dogs,2001-07-04,2001,7,Q3,2000-2004,Comedy,Contemporary Fiction,PG,Original Screenplay,Warner Bros.,Warner Bros.,60000000.0,93375151.0,200700000.0,3.345,1,0.5347526108619831,53.0,52.0,1.0,16912.0,17.909855120186375,19.117321813766566,9.735778708110018
Scary Movie 2,2001-07-04,2001,7,Q3,2000-2004,Comedy,Contemporary Fiction,R,Original Screenplay,Miramax/Dimension,Other,45000000.0,71277420.0,141189101.0,3.137535577777778,1,0.495163440413152,14.0,47.0,-33.0,43941.0,17.622173047734595,18.76561069165897,10.690603103986417
Kiss of the Dragon,2001-07-06,2001,7,Q3,2000-2004,Action,Contemporary Fiction,R,Original Screenplay,20th Century Fox,20th Century Fox,25000000.0,36833473.0,36833473.0,1.47333892,1,0.0,51.0,63.0,-12.0,22087.0,17.034386382832476,17.421917582101987,10.002744479133469
Cure,2001-07-06,2001,7,Q3,2000-2004,Unknown,Unknown,Not Rated,Unknown,Unknown,Unknown,10000.0,94596.0,94596.0,9.4596,1,0.0,,74.0,,2724.0,9.210340371976184,11.45737047084791,7.909856667269403
Final Fantasy: The Spirits Within,2001-07-11,2001,7,Q3,2000-2004,Adventure,Science Fiction,PG-13,Based on Game,Sony Pictures,Sony Pictures,137000000.0,32131830.0,85131830.0,0.6214002189781022,0,0.6225638518518867,,64.0,,36227.0,18.735491483792398,18.259711554163903,10.497559976154832
Legally Blonde,2001-07-13,2001,7,Q3,2000-2004,Comedy,Contemporary Fiction,PG-13,Original Screenplay,MGM,MGM,18000000.0,96493426.0,141743426.0,7.874634777777778,1,0.3192387913637702,67.0,62.0,5.0,44128.0,16.70588231586044,18.769529122071624,10.694849780593028
Made,2001-07-13,2001,7,Q3,2000-2004,Comedy,Contemporary Fiction,R,Original Screenplay,Artisan,Other,5000000.0,5308707.0,5476060.0,1.095212,1,0.030560841188737888,70.0,63.0,7.0,9720.0,15.424948470398375,15.515896422233299,9.181940897454485
The Score,2001-07-13,2001,7,Q3,2000-2004,Thriller/Suspense,Contemporary Fiction,R,Original Screenplay,Paramount Pictures,Paramount Pictures,68000000.0,71069884.0,113542091.0,1.6697366323529412,1,0.37406574624383127,74.0,68.0,6.0,42616.0,18.03501826314038,18.547684171954394,10.659985048596836
Jurassic Park 3,2001-07-18,2001,7,Q3,2000-2004,Action,Science Fiction,PG-13,Based on Book/Short Story,Universal,Universal,93000000.0,181166115.0,365900000.0,3.934408602150538,1,0.5048753347909265,,79.0,,151365.0,18.34811005111753,19.717870629989434,11.92744941756674
Ghost World,2001-07-20,2001,7,Q3,2000-2004,Comedy,Contemporary Fiction,R,Based on Comic/Graphic Novel,MGM,MGM,5500000.0,6217849.0,8764007.0,1.5934558181818181,1,0.29052441423198316,92.0,77.0,15.0,42973.0,15.520258650202699,15.98616377841922,10.668327290482809
Hedwig and the Angry Inch,2001-07-20,2001,7,Q3,2000-2004,Musical,Contemporary Fiction,R,Based on Musical/Opera,Fine Line,Other,6000000.0,3067312.0,3643900.0,0.6073166666666666,0,0.1582337605312989,92.0,76.0,16.0,14766.0,15.60727002719233,15.108565094614416,9.60008251961911
Brother,2001-07-20,2001,7,Q3,2000-2004,Thriller/Suspense,Unknown,R,Original Screenplay,Sony Pictures Classics,Sony Pictures Classics,12000000.0,450594.0,450594.0,0.0375495,0,0.0,,71.0,,10831.0,16.300417207752275,13.0183219913124,9.290167671835738
America's Sweethearts,2001-07-20,2001,7,Q3,2000-2004,Romantic Comedy,Contemporary Fiction,PG-13,Original Screenplay,Sony Pictures,Sony Pictures,46000000.0,93607673.0,157627733.0,3.4266898478260868,1,0.4061471847723649,32.0,57.0,-25.0,26899.0,17.64415195445337,18.87574669071919,10.199844390177743
Planet of the Apes,2001-07-27,2001,7,Q3,2000-2004,Adventure,Science Fiction,PG-13,Remake,20th Century Fox,20th Century Fox,100000000.0,180011740.0,362211740.0,3.6221174,1,0.5030206917092196,44.0,55.0,-11.0,72763.0,18.420680743952367,19.70773951591977,11.194962863227914
Jackpot,2001-07-27,2001,7,Q3,2000-2004,Drama,Unknown,R,Unknown,Unknown,Unknown,400000.0,44452.0,44452.0,0.11113,0,0.0,29.0,57.0,-28.0,408.0,12.89921982609012,10.702165234305538,6.0112671744041615
The Princess Diaries,2001-08-03,2001,8,Q3,2000-2004,Comedy,Contemporary Fiction,G,Based on Book/Short Story,Walt Disney Pictures,Walt Disney Pictures,30000000.0,108244774.0,165334774.0,5.511159133333333,1,0.3452994105160237,46.0,59.0,-13.0,23486.0,17.216707939626428,18.923482909692805,10.064159777925026
Rush Hour 2,2001-08-03,2001,8,Q3,2000-2004,Action,Contemporary Fiction,PG-13,Original Screenplay,New Line,New Line,90000000.0,226164286.0,347425832.0,3.8602870222222223,1,0.34902858345892945,51.0,64.0,-13.0,52049.0,18.31532022829454,19.666061767095513,10.859940861562688
Original Sin,2001-08-03,2001,8,Q3,2000-2004,Thriller/Suspense,Contemporary Fiction,R,Based on Book/Short Story,MGM,MGM,26000000.0,16521410.0,16521410.0,0.6354388461538462,0,0.0,12.0,56.0,-44.0,15939.0,17.073607095985757,16.620167673504497,9.676524215119054
The Deep End,2001-08-08,2001,8,Q3,2000-2004,Thriller/Suspense,Contemporary Fiction,R,Based on Book/Short Story,Fox Searchlight,Fox Searchlight,3000000.0,8823109.0,8823109.0,2.9410363333333334,1,0.0,81.0,66.0,15.0,6734.0,14.914122846632385,15.992884860202508,8.814924599721019
American Pie 2,2001-08-10,2001,8,Q3,2000-2004,Comedy,Contemporary Fiction,R,Original Screenplay,Universal,Universal,30000000.0,145096820.0,286500000.0,9.55,1,0.49355385689354275,52.0,62.0,-10.0,66751.0,17.216707939626428,19.47324909411907,11.108724557423686
Session 9,2001-08-10,2001,8,Q3,2000-2004,Unknown,Unknown,R,Unknown,Unknown,Unknown,1500000.0,378176.0,1619602.0,1.0797346666666667,1,0.7665006588038296,60.0,68.0,-8.0,14685.0,14.22097566607244,14.29769099801219,9.59458184363272
The Others,2001-08-10,2001,8,Q3,2000-2004,Horror,Historical Fiction,PG-13,Original Screenplay,Miramax,Miramax,17000000.0,96522687.0,209947037.0,12.349825705882353,1,0.5402522065600764,84.0,78.0,6.0,86091.0,16.64872390202049,19.16236585211087,11.363160155335496
Osmosis Jones,2001-08-10,2001,8,Q3,2000-2004,Comedy,Kids Fiction,PG,Original Screenplay,Warner Bros.,Warner Bros.,70000000.0,13596911.0,13596911.0,0.1942415857142857,0,0.0,54.0,60.0,-6.0,10959.0,18.064005800013632,16.42535319255488,9.301916315463393
Captain Corelli's Mandolin,2001-08-17,2001,8,Q3,2000-2004,Drama,Historical Fiction,R,Based on Book/Short Story,Miramax,Miramax,57000000.0,25528495.0,62097495.0,1.0894297368421053,1,0.5888965408346988,29.0,57.0,-28.0,14706.0,17.858561825798823,17.94421620792585,9.596010852756168
Rat Race,2001-08-17,2001,8,Q3,2000-2004,Comedy,Contemporary Fiction,PG-13,Original Screenplay,Paramount Pictures,Paramount Pictures,48000000.0,56607223.0,86607223.0,1.8043171458333334,1,0.34639143204025835,43.0,64.0,-21.0,40087.0,17.686711568872166,18.27689377652105,10.598807371207691
American Outlaws,2001-08-17,2001,8,Q3,2000-2004,Western,Historical Fiction,PG-13,Original Screenplay,Warner Bros.,Warner Bros.,35000000.0,13264986.0,13264986.0,0.3789996,0,0.0,13.0,56.0,-43.0,7396.0,17.37085861945369,16.40063849014445,8.908694592507015
Batman - The Movie,2001-08-21,2001,8,Q3,2000-2004,Unknown,Unknown,Unknown,Unknown,Unknown,Unknown,1377800.0,0.0,0.0,0.0,0,,,,,,14.135998582141232,,
Lisa Picard is Famous,2001-08-22,2001,8,Q3,2000-2004,Comedy,Unknown,PG-13,Unknown,Unknown,Unknown,1000000.0,113433.0,113433.0,0.113433,0,0.0,,,,,13.815510557964274,11.638967633232967,
John Carpenter's Ghosts of Mars,2001-08-24,2001,8,Q3,2000-2004,Action,Science Fiction,R,Original Screenplay,Screen Media Films,Other,28000000.0,8434601.0,8434601.0,0.30123575,0,0.0,,,,,17.14771506813948,15.947852969938824,
Bubble Boy,2001-08-24,2001,8,Q3,2000-2004,Comedy,Contemporary Fiction,PG-13,Original Screenplay,Walt Disney Pictures,Walt Disney Pictures,13000000.0,5002310.0,5002310.0,0.3847930769230769,0,0.0,30.0,54.0,-24.0,11073.0,16.38045991542581,15.425410363709233,9.312264991698108
Summer Catch,2001-08-24,2001,8,Q3,2000-2004,Comedy,Contemporary Fiction,PG-13,Original Screenplay,Warner Bros.,Warner Bros.,17000000.0,19693891.0,19693891.0,1.1584641764705883,1,0.0,7.0,46.0,-39.0,6848.0,16.64872390202049,16.795819044093953,8.831711917821577
The Curse of the Jade Scorpion,2001-08-24,2001,8,Q3,2000-2004,Comedy,Contemporary Fiction,PG-13,Original Screenplay,Dreamworks SKG,Dreamworks SKG,26000000.0,7496522.0,18496522.0,0.7114046923076923,0,0.5947063993976813,45.0,67.0,-22.0,15897.0,17.073607095985757,16.733093272374337,9.673885691160871
Jay and Silent Bob Strike Back,2001-08-24,2001,8,Q3,2000-2004,Comedy,Contemporary Fiction,R,Spin-Off,Miramax/Dimension,Other,22000000.0,30059386.0,33762400.0,1.5346545454545455,1,0.10967863658981589,53.0,68.0,-15.0,62692.0,16.90655301132259,17.334858315212646,11.045989126773959
Speedway Junky,2001-08-31,2001,8,Q3,2000-2004,Unknown,Unknown,R,Unknown,Unknown,Unknown,1000000.0,17127.0,17127.0,0.017127,0,0.0,,37.0,,1205.0,13.815510557964274,9.748411444632369,7.094234845924755
Jeepers Creepers,2001-08-31,2001,8,Q3,2000-2004,Horror,Contemporary Fiction,R,Original Screenplay,MGM,MGM,10000000.0,37904175.0,55026845.0,5.5026845,1,0.3111693937749838,45.0,57.0,-12.0,30610.0,16.11809565095832,17.823331715028214,10.329082031939459
Rock Star,2001-09-07,2001,9,Q3,2000-2004,Drama,Contemporary Fiction,R,Original Screenplay,Warner Bros.,Warner Bros.,38000000.0,16991902.0,19317765.0,0.5083622368421052,0,0.12040021192927856,52.0,58.0,-6.0,15806.0,17.45309671769066,16.77653569682701,9.668144893764921
Two Can Play That Game,2001-09-07,2001,9,Q3,2000-2004,Romantic Comedy,Contemporary Fiction,R,Original Screenplay,Sony Pictures,Sony Pictures,13000000.0,22235901.0,22391450.0,1.7224192307692308,1,0.006946803355745161,43.0,56.0,-13.0,2370.0,16.38045991542581,16.924189747532072,7.7706452341291765
The Musketeer,2001-09-07,2001,9,Q3,2000-2004,Adventure,Historical Fiction,PG-13,Based on Book/Short Story,Universal,Universal,40000000.0,27053815.0,27053815.0,0.676345375,0,0.0,10.0,44.0,-34.0,7812.0,17.50439001207821,17.113338588432395,8.96341629199657
L.I.E.,2001-09-07,2001,9,Q3,2000-2004,Drama,Contemporary Fiction,Not Rated,Original Screenplay,Lot 47 Films,Other,700000.0,1138836.0,1138836.0,1.6269085714285714,1,0.0,83.0,72.0,11.0,5122.0,13.458835614025542,13.945517246109757,8.541300266759471
Soul Survivors,2001-09-07,2001,9,Q3,2000-2004,Horror,Contemporary Fiction,PG-13,Original Screenplay,Artisan,Other,14000000.0,3100650.0,4288246.0,0.3063032857142857,0,0.27694213438314874,4.0,36.0,-32.0,5116.0,16.454567887579532,15.271388349490199,8.540128162698734
Hardball,2001-09-14,2001,9,Q3,2000-2004,Drama,Contemporary Fiction,PG-13,Based on Book/Short Story,Paramount Pictures,Paramount Pictures,21000000.0,40222729.0,44102389.0,2.100113761904762,1,0.08796938415286301,38.0,41.0,-3.0,165.0,16.860032995687696,17.602024511285407,5.10594547390058
The Glass House,2001-09-14,2001,9,Q3,2000-2004,Thriller/Suspense,Contemporary Fiction,PG-13,Original Screenplay,Sony Pictures,Sony Pictures,22000000.0,17951431.0,22861785.0,1.0391720454545454,1,0.21478436613763974,21.0,56.0,-35.0,10629.0,16.90655301132259,16.944977297272043,9.271341393533582
Megiddo: Omega Code 2,2001-09-21,2001,9,Q3,2000-2004,Action,Fantasy,PG-13,Original Screenplay,8X Entertainment,Other,22000000.0,6047691.0,6047691.0,0.27489504545454546,0,0.0,11.0,,,,16.90655301132259,15.615187104266461,
Glitter,2001-09-21,2001,9,Q3,2000-2004,Musical,Contemporary Fiction,PG-13,Original Screenplay,20th Century Fox,20th Century Fox,8500000.0,4273372.0,4273372.0,0.5027496470588235,0,0.0,7.0,20.0,-13.0,13778.0,15.955576721460545,15.267913769109686,9.530828396153142
Zoolander,2001-09-28,2001,9,Q3,2000-2004,Comedy,Contemporary Fiction,PG-13,Original Screenplay,Paramount Pictures,Paramount Pictures,28000000.0,45172250.0,60780981.0,2.1707493214285716,1,0.2568028804931595,62.0,64.0,-2.0,69296.0,17.14771506813948,17.92278748550036,11.146142463454408
Dinner Rush,2001-09-28,2001,9,Q3,2000-2004,Drama,Contemporary Fiction,R,Original Screenplay,Access Motion Picture Group,Other,2000000.0,638227.0,1075504.0,0.537752,0,0.4065786831104301,,72.0,,2991.0,14.508657738524219,13.888299946883377,8.003363058629947
Hearts in Atlantis,2001-09-28,2001,9,Q3,2000-2004,Drama,Fantasy,PG-13,Based on Book/Short Story,Warner Bros.,Warner Bros.,31000000.0,24185781.0,30885781.0,0.9963155161290322,0,0.21692830108456704,49.0,68.0,-19.0,16336.0,17.24949776244942,17.24580647414874,9.701126540404447
Don't Say a Word,2001-09-28,2001,9,Q3,2000-2004,Thriller/Suspense,Contemporary Fiction,R,Based on Book/Short Story,20th Century Fox,20th Century Fox,50000000.0,54997476.0,104488383.0,2.08976766,1,0.47364985062502113,23.0,61.0,-38.0,22157.0,17.72753356339242,18.464586455725463,10.005908752635277
Training Day,2001-10-05,2001,10,Q4,2000-2004,Drama,Contemporary Fiction,R,Original Screenplay,Warner Bros.,Warner Bros.,45000000.0,76261036.0,104505362.0,2.3223413777777777,1,0.27026676391973076,72.0,76.0,-4.0,82057.0,17.622173047734595,18.46474893905756,11.315169406712247
Max Keeble's Big Move,2001-10-05,2001,10,Q4,2000-2004,Comedy,Kids Fiction,PG,Original Screenplay,Walt Disney Pictures,Walt Disney Pictures,12000000.0,17292381.0,17292381.0,1.44103175,1,0.0,26.0,51.0,-25.0,2490.0,16.300417207752275,16.66577655783713,7.820037989458753
Joy Ride,2001-10-05,2001,10,Q4,2000-2004,Thriller/Suspense,Contemporary Fiction,R,Original Screenplay,20th Century Fox,20th Century Fox,23000000.0,21973182.0,21973182.0,0.9553557391304348,0,0.0,,54.0,,118.0,16.951004773893423,16.905333267737742,4.770684624465665
Serendipity,2001-10-05,2001,10,Q4,2000-2004,Romantic Comedy,Contemporary Fiction,PG-13,Original Screenplay,Miramax,Miramax,28000000.0,50255310.0,75294136.0,2.6890762857142856,1,0.332546826754211,58.0,66.0,-8.0,32014.0,17.14771506813948,18.13691281457169,10.373928586106643
Mulholland Drive,2001-10-08,2001,10,Q4,2000-2004,Drama,Contemporary Fiction,R,Original Screenplay,Universal,Universal,15000000.0,7219578.0,11919578.0,0.7946385333333333,0,0.39430926161983254,81.0,79.0,2.0,103026.0,16.523560759066484,16.293692816290225,11.542736662541857
Bandits,2001-10-12,2001,10,Q4,2000-2004,Comedy,Contemporary Fiction,PG-13,Original Screenplay,MGM,MGM,75000000.0,41523271.0,71523271.0,0.9536436133333334,0,0.41944390378901997,63.0,65.0,-2.0,30732.0,18.132998671500584,18.08553342324231,10.333059735987526
Corky Romano,2001-10-12,2001,10,Q4,2000-2004,Comedy,Contemporary Fiction,PG-13,Original Screenplay,Walt Disney Pictures,Walt Disney Pictures,11000000.0,23978402.0,23978402.0,2.179854727272727,1,0.0,5.0,42.0,-37.0,6739.0,16.213405830762646,16.992664066477452,8.815666824946216
Riding in Cars with Boys,2001-10-19,2001,10,Q4,2000-2004,Drama,Dramatization,PG-13,Based on Real Life Events,Sony Pictures,Sony Pictures,47000000.0,29781453.0,29781453.0,0.6336479361702128,0,0.0,48.0,62.0,-14.0,11895.0,17.665658159674333,17.20939637516488,9.383873422737057
The Last Castle,2001-10-19,2001,10,Q4,2000-2004,Drama,Contemporary Fiction,R,Original Screenplay,Dreamworks SKG,Dreamworks SKG,60000000.0,18208078.0,20541668.0,0.34236113333333335,0,0.11360275124688024,52.0,65.0,-13.0,21621.0,17.909855120186375,16.83796596656774,9.98142034359255
From Hell,2001-10-19,2001,10,Q4,2000-2004,Thriller/Suspense,Historical Fiction,R,Based on Comic/Graphic Novel,20th Century Fox,20th Century Fox,35000000.0,31598308.0,31598308.0,0.9028088,0,0.0,57.0,68.0,-11.0,53477.0,17.37085861945369,17.268614132819796,10.887006933905731
Bones,2001-10-24,2001,10,Q4,2000-2004,Horror,Contemporary Fiction,R,Original Screenplay,New Line,New Line,10000000.0,7316658.0,8378853.0,0.8378853,0,0.12677093153442362,22.0,39.0,-17.0,3524.0,16.11809565095832,15.941221589581879,8.16735198705607
K-PAX,2001-10-26,2001,10,Q4,2000-2004,Drama,Science Fiction,PG-13,Based on Book/Short Story,Universal,Universal,48000000.0,50315140.0,50315140.0,1.0482320833333334,1,0.0,40.0,73.0,-33.0,50475.0,17.686711568872166,17.733816583816136,10.829233443181039
High Heels and Low Lifes,2001-10-26,2001,10,Q4,2000-2004,Unknown,Unknown,R,Unknown,Walt Disney Pictures,Walt Disney Pictures,10000000.0,226792.0,226792.0,0.0226792,0,0.0,20.0,61.0,-41.0,2205.0,16.11809565095832,12.331788576845007,7.6984827878809465
Life as a House,2001-10-26,2001,10,Q4,2000-2004,Drama,Contemporary Fiction,R,Original Screenplay,New Line,New Line,18000000.0,15652637.0,23889158.0,1.3271754444444444,1,0.34478071600514343,46.0,75.0,-29.0,19308.0,16.70588231586044,16.988935273808547,9.868274796780383
On the Line,2001-10-26,2001,10,Q4,2000-2004,Romantic Comedy,Contemporary Fiction,PG,Original Screenplay,Miramax,Miramax,10000000.0,4356743.0,4356743.0,0.4356743,0,0.0,18.0,34.0,-16.0,2617.0,16.11809565095832,15.287235317819354,7.869783902530146
Donnie Darko,2001-10-26,2001,10,Q4,2000-2004,Drama,Fantasy,R,Original Screenplay,Newmarket Films,Other,4500000.0,1270522.0,4116307.0,0.9147348888888889,0,0.6913442073198136,84.0,83.0,1.0,210713.0,15.319587954740548,15.230466960132254,12.258252296987214
Thirteen Ghosts,2001-10-26,2001,10,Q4,2000-2004,Horror,Fantasy,R,Original Screenplay,Warner Bros.,Warner Bros.,19000000.0,41867960.0,68467960.0,3.603576842105263,1,0.3885028851451102,,51.0,,23243.0,16.759949537130716,18.041876456582997,10.053759290414428
Le Fabuleux destin d'AmÈlie Poulain,2001-11-02,2001,11,Q4,2000-2004,Comedy,Contemporary Fiction,R,Original Screenplay,Miramax,Miramax,10350000.0,33201661.0,174201661.0,16.83107835748792,1,0.8094067484235986,,85.0,,181085.0,16.15249707767565,18.97572415735444,12.106721813273834
The One,2001-11-02,2001,11,Q4,2000-2004,Action,Science Fiction,PG-13,Original Screenplay,Sony Pictures,Sony Pictures,49000000.0,43905746.0,43905746.0,0.8960356326530612,0,0.0,13.0,56.0,-43.0,24416.0,17.7073308560749,17.59755575786295,10.102993934084184
Domestic Disturbance,2001-11-02,2001,11,Q4,2000-2004,Thriller/Suspense,Contemporary Fiction,PG-13,Original Screenplay,Paramount Pictures,Paramount Pictures,53000000.0,45207112.0,45207112.0,0.8529643773584905,0,0.0,24.0,53.0,-29.0,10778.0,17.785802471516394,17.626764977557755,9.285262298493443
"Monsters, Inc.",2001-11-02,2001,11,Q4,2000-2004,Adventure,Kids Fiction,G,Original Screenplay,Walt Disney Pictures,Walt Disney Pictures,115000000.0,255870172.0,526864330.0,4.581428956521739,1,0.5143528277953453,95.0,74.0,21.0,39908.0,18.560442686327523,20.08245363503253,10.594332084033399
Everything Put Together,2001-11-02,2001,11,Q4,2000-2004,Unknown,Unknown,R,Unknown,Unknown,Unknown,500000.0,0.0,0.0,0.0,0,,,67.0,,418.0,13.122363377404328,,6.035481432524756
Shallow Hal,2001-11-09,2001,11,Q4,2000-2004,Romantic Comedy,Contemporary Fiction,PG-13,Original Screenplay,20th Century Fox,20th Century Fox,40000000.0,70836296.0,70836296.0,1.7709074,1,0.0,50.0,60.0,-10.0,35878.0,17.50439001207821,18.07588208266831,10.487879573259036
Keeping it Real: The Adventures of Greg Walloch,2001-11-09,2001,11,Q4,2000-2004,Unknown,Unknown,Not Rated,Unknown,Avatar,Other,100000.0,1358.0,1358.0,0.01358,0,0.0,,,,,11.512925464970229,7.213768308118642,
Heist,2001-11-09,2001,11,Q4,2000-2004,Action,Contemporary Fiction,R,Original Screenplay,New Line,New Line,35000000.0,23483357.0,28483168.0,0.8138048,0,0.17553563564277683,66.0,32.0,34.0,77.0,17.37085861945369,17.164823874276845,4.343805421853684
The Wash,2001-11-14,2001,11,Q4,2000-2004,Comedy,Contemporary Fiction,R,Original Screenplay,Lionsgate,Lionsgate,4000000.0,10097096.0,10097096.0,2.524274,1,0.0,8.0,36.0,-28.0,3095.0,15.201804919084164,16.127758415715846,8.037543185118697
Harry Potter and the Sorcerer's Stone,2001-11-16,2001,11,Q4,2000-2004,Adventure,Fantasy,PG,Based on Book/Short Story,Warner Bros.,Warner Bros.,125000000.0,317557891.0,976457891.0,7.811663128,1,0.6747858828046482,,72.0,,132238.0,18.643824295266576,20.69944218497538,11.792358608363598
Novocaine,2001-11-16,2001,11,Q4,2000-2004,Comedy,Contemporary Fiction,R,Original Screenplay,Artisan,Other,6000000.0,2025238.0,2522928.0,0.420488,0,0.19726682648097765,37.0,58.0,-21.0,6233.0,15.60727002719233,14.740930689760583,8.73761303680885
Out Cold,2001-11-21,2001,11,Q4,2000-2004,Comedy,Contemporary Fiction,PG-13,Original Screenplay,Walt Disney Pictures,Walt Disney Pictures,11000000.0,13906394.0,13906394.0,1.2642176363636364,1,0.0,8.0,58.0,-50.0,7153.0,16.213405830762646,16.447859292333355,8.875287128108384
Spy Game,2001-11-21,2001,11,Q4,2000-2004,Action,Contemporary Fiction,R,Original Screenplay,Universal,Universal,90000000.0,62362560.0,143049560.0,1.5894395555555556,1,0.564049270756233,65.0,69.0,-4.0,44850.0,18.31532022829454,18.778701701608057,10.711078867486941
The Sidewalks of New York,2001-11-21,2001,11,Q4,2000-2004,Comedy,Contemporary Fiction,R,Original Screenplay,Paramount Vantage,Other,1000000.0,2402459.0,3100834.0,3.100834,1,0.22522166617110106,,,,,13.815510557964274,14.947181665530751,
Black Knight,2001-11-21,2001,11,Q4,2000-2004,Comedy,Kids Fiction,PG-13,Original Screenplay,20th Century Fox,20th Century Fox,35000000.0,33422806.0,33422806.0,0.9549373142857143,0,0.0,13.0,43.0,-30.0,12747.0,17.37085861945369,17.324749039306518,9.453051228782922
In the Bedroom,2001-11-23,2001,11,Q4,2000-2004,Drama,Contemporary Fiction,R,Based on Book/Short Story,Miramax,Miramax,1700000.0,35930604.0,43430604.0,25.547414117647058,1,0.1726892861080173,93.0,75.0,18.0,20888.0,14.346138809026444,17.586674911851553,9.946930110378965
Texas Rangers,2001-11-30,2001,11,Q4,2000-2004,Western,Historical Fiction,PG-13,Based on Book/Short Story,Miramax,Miramax,38000000.0,623374.0,623374.0,0.01640457894736842,0,0.0,,50.0,,2645.0,17.45309671769066,13.342901938676293,7.8804263442924
Behind Enemy Lines,2001-11-30,2001,11,Q4,2000-2004,Action,Historical Fiction,PG-13,Original Screenplay,20th Century Fox,20th Century Fox,40000000.0,58855732.0,58855732.0,1.4713933,1,0.0,36.0,61.0,-25.0,32575.0,17.50439001207821,17.890599787097393,10.391300401993046
Ocean's Eleven,2001-12-07,2001,12,Q4,2000-2004,Comedy,Contemporary Fiction,PG-13,Remake,Warner Bros.,Warner Bros.,110000000.0,183417150.0,450728529.0,4.097532081818182,1,0.5930651418783389,81.0,76.0,5.0,139034.0,18.51599092375669,19.92637578496974,11.842473786518617
No Man's Land,2001-12-07,2001,12,Q4,2000-2004,Drama,Historical Fiction,R,Original Screenplay,MGM,MGM,1000000.0,1067481.0,2684207.0,2.684207,1,0.6023104775451371,93.0,80.0,13.0,19600.0,13.815510557964274,14.802895897795807,9.883284845218608
The Royal Tenenbaums,2001-12-14,2001,12,Q4,2000-2004,Black Comedy,Contemporary Fiction,R,Original Screenplay,Walt Disney Pictures,Walt Disney Pictures,28000000.0,52353636.0,71430876.0,2.5511027142857143,1,0.2670727431650145,79.0,76.0,3.0,82349.0,17.14771506813948,18.08424077081068,11.318721592241225
Not Another Teen Movie,2001-12-14,2001,12,Q4,2000-2004,Comedy,Contemporary Fiction,R,Original Screenplay,Sony Pictures,Sony Pictures,15000000.0,37882551.0,62401343.0,4.160089533333333,1,0.3929209023594252,28.0,55.0,-27.0,36678.0,16.523560759066484,17.949097355543948,10.50993239925678
Iris,2001-12-14,2001,12,Q4,2000-2004,Drama,Dramatization,R,Based on Book/Short Story,Miramax,Miramax,5500000.0,5580479.0,15035827.0,2.733786727272727,1,0.6288545352377358,79.0,58.0,21.0,44.0,15.520258650202699,16.52594637788041,3.784189633918261
The Other Side of Heaven,2001-12-14,2001,12,Q4,2000-2004,Drama,Dramatization,PG,Based on Book/Short Story,Excel Entertainment,Other,7000000.0,4720371.0,4720371.0,0.6743387142857142,0,0.0,,63.0,,1670.0,15.761420707019587,15.367397956167702,7.4205789054108005
Vanilla Sky,2001-12-14,2001,12,Q4,2000-2004,Thriller/Suspense,Contemporary Fiction,R,Remake,Paramount Pictures,Paramount Pictures,70000000.0,100614858.0,202726605.0,2.8960943571428572,1,0.5036918908596136,39.0,69.0,-30.0,87820.0,18.064005800013632,19.12736885589267,11.383044544115709
The Lord of the Rings: The Fellowship of the Ring,2001-12-19,2001,12,Q4,2000-2004,Adventure,Fantasy,PG-13,Based on Book/Short Story,New Line,New Line,109000000.0,314776170.0,868621686.0,7.969006293577982,1,0.6376141937584552,,88.0,,387438.0,18.50685844019342,20.582418244366274,12.867311114974173
Joe Somebody,2001-12-21,2001,12,Q4,2000-2004,Comedy,Contemporary Fiction,PG,Original Screenplay,20th Century Fox,20th Century Fox,38000000.0,22770864.0,24515990.0,0.6451576315789473,0,0.071183174736162,19.0,53.0,-34.0,5313.0,17.45309671769066,17.01483611569079,8.577911926450943
The Majestic,2001-12-21,2001,12,Q4,2000-2004,Drama,Historical Fiction,PG,Original Screenplay,Warner Bros.,Warner Bros.,72000000.0,27796042.0,37306334.0,0.5181435277777777,0,0.2549243246468549,41.0,68.0,-27.0,24809.0,18.09217667698033,17.43467368253,10.11896176954543
How High,2001-12-21,2001,12,Q4,2000-2004,Comedy,Contemporary Fiction,R,Original Screenplay,Universal,Universal,12000000.0,31155435.0,31260435.0,2.60503625,1,0.003358878403323562,27.0,55.0,-28.0,14470.0,16.300417207752275,17.257863798407808,9.57983281962553
A Beautiful Mind,2001-12-21,2001,12,Q4,2000-2004,Drama,Dramatization,PG-13,Based on Magazine Article,Universal,Universal,78000000.0,170708996.0,316708996.0,4.0603717435897435,1,0.4609910101827357,78.0,80.0,-2.0,126067.0,18.172219384653864,19.57349391653645,11.744568790638537
Jimmy Neutron: Boy Genius,2001-12-21,2001,12,Q4,2000-2004,Adventure,Kids Fiction,G,Based on TV,Paramount Pictures,Paramount Pictures,25000000.0,80936232.0,102992536.0,4.11970144,1,0.21415439270278772,,59.0,,5379.0,17.034386382832476,18.450167077548702,8.590257762273243
Kate and Leopold,2001-12-25,2001,12,Q4,2000-2004,Romantic Comedy,Fantasy,PG-13,Original Screenplay,Miramax,Miramax,48000000.0,47095453.0,70937778.0,1.477870375,1,0.3361019427476288,,62.0,,23600.0,17.686711568872166,18.07731368457505,10.069001991013701
The Shipping News,2001-12-25,2001,12,Q4,2000-2004,Drama,Contemporary Fiction,R,Based on Book/Short Story,Miramax,Miramax,35000000.0,11405825.0,24405825.0,0.6973092857142857,0,0.532659723652038,55.0,67.0,-12.0,17338.0,17.37085861945369,17.010332391280272,9.760655903428585
Ali,2001-12-25,2001,12,Q4,2000-2004,Drama,Dramatization,R,Based on Real Life Events,Sony Pictures,Sony Pictures,109000000.0,58183966.0,84383966.0,0.7741648256880734,0,0.31048552517666683,67.0,66.0,1.0,31785.0,18.50685844019342,18.250887965215085,10.36674975937051
Monster's Ball,2001-12-26,2001,12,Q4,2000-2004,Drama,Contemporary Fiction,R,Original Screenplay,Lionsgate,Lionsgate,4000000.0,31273922.0,44873922.0,11.2184805,1,0.30307134731838237,85.0,72.0,13.0,38023.0,15.201804919084164,17.619367382200053,10.54594651876855
Gosford Park,2001-12-26,2001,12,Q4,2000-2004,Comedy,Historical Fiction,R,Original Screenplay,USA Films,Other,18000000.0,41300105.0,41300105.0,2.294450277777778,1,0.0,86.0,73.0,13.0,36648.0,16.70588231586044,17.53637560030091,10.509114135566579
Black Hawk Down,2001-12-28,2001,12,Q4,2000-2004,Action,Dramatization,R,Based on Book/Short Story,Sony Pictures,Sony Pictures,95000000.0,108638745.0,173638745.0,1.8277762631578947,1,0.3743404157868107,76.0,77.0,-1.0,98653.0,18.369387449564815,18.97248752077222,11.499363921530692
I Am Sam,2001-12-28,2001,12,Q4,2000-2004,Drama,Contemporary Fiction,PG-13,Original Screenplay,New Line,New Line,22000000.0,40270895.0,40270895.0,1.8304952272727273,1,0.0,34.0,74.0,-40.0,36448.0,16.90655301132259,17.511139557562043,10.503641866246909
Impostor,2002-01-04,2002,1,Q1,2000-2004,Thriller/Suspense,Science Fiction,PG-13,Based on Book/Short Story,Miramax,Miramax,40000000.0,6114237.0,6114237.0,0.152855925,0,0.0,,60.0,,9020.0,17.50439001207821,15.626130544175254,9.10719961305667
Orange County,2002-01-11,2002,1,Q1,2000-2004,Comedy,Contemporary Fiction,PG-13,Original Screenplay,Paramount Pictures,Paramount Pictures,18000000.0,41059716.0,43308707.0,2.406039277777778,1,0.051929303731002636,47.0,61.0,-14.0,23742.0,16.70588231586044,17.583864258208095,10.075000910613479
Snow Dogs,2002-01-18,2002,1,Q1,2000-2004,Comedy,Kids Fiction,PG,Based on Book/Short Story,Walt Disney Pictures,Walt Disney Pictures,32000000.0,81150692.0,115010692.0,3.594084125,1,0.2944074103997218,23.0,49.0,-26.0,7561.0,17.281246460764002,18.560535655918763,8.93075873555827
The Mothman Prophecies,2002-01-25,2002,1,Q1,2000-2004,Thriller/Suspense,Science Fiction,PG-13,Based on Book/Short Story,Sony Pictures,Sony Pictures,42000000.0,35228696.0,54639865.0,1.3009491666666666,1,0.355256532936163,52.0,65.0,-13.0,26948.0,17.553180176247643,17.816274302506333,10.20166436208055
The Count of Monte Cristo,2002-01-25,2002,1,Q1,2000-2004,Drama,Historical Fiction,PG-13,Based on Book/Short Story,Walt Disney Pictures,Walt Disney Pictures,40000000.0,54228104.0,54228104.0,1.3557026,1,0.0,74.0,76.0,-2.0,40605.0,17.50439001207821,17.808709856008004,10.611646490716511
A Walk to Remember,2002-01-25,2002,1,Q1,2000-2004,Drama,Contemporary Fiction,PG,Based on Book/Short Story,Warner Bros.,Warner Bros.,11000000.0,41227069.0,46060915.0,4.187355909090909,1,0.10494463690093868,28.0,71.0,-43.0,38045.0,16.213405830762646,17.645475317552464,10.546524948610623
Metropolis (2002),2002-01-25,2002,1,Q1,2000-2004,Adventure,Science Fiction,PG-13,Based on Comic/Graphic Novel,Sony Pictures,Sony Pictures,15000000.0,673414.0,673414.0,0.04489426666666667,0,0.0,,,,,16.523560759066484,13.420115575513792,
Kung Pow: Enter the Fist,2002-01-25,2002,1,Q1,2000-2004,Comedy,Contemporary Fiction,PG-13,Original Screenplay,20th Century Fox,20th Century Fox,10000000.0,16033556.0,16033556.0,1.6033556,1,0.0,,57.0,,19348.0,16.11809565095832,16.590194334045336,9.870344333942874
The Singles Ward,2002-02-01,2002,2,Q1,2000-2004,Comedy,Contemporary Fiction,PG,Original Screenplay,Halestorm Entertainment,Other,500000.0,1250798.0,1250798.0,2.501596,1,0.0,50.0,57.0,-7.0,736.0,13.122363377404328,14.03929230558789,6.601230118728877
Slackers,2002-02-01,2002,2,Q1,2000-2004,Comedy,Contemporary Fiction,R,Original Screenplay,Sony Pictures,Sony Pictures,11000000.0,4814244.0,4814244.0,0.43765854545454547,0,0.0,11.0,49.0,-38.0,7934.0,16.213405830762646,15.38708958154131,8.978912601074276
Birthday Girl,2002-02-01,2002,2,Q1,2000-2004,Romantic Comedy,Contemporary Fiction,R,Original Screenplay,Miramax,Miramax,13000000.0,4919896.0,8130727.0,0.6254405384615385,0,0.3949008495796255,,60.0,,13366.0,16.38045991542581,15.911160899420313,9.500469448071016
Big Fat Liar,2002-02-08,2002,2,Q1,2000-2004,Comedy,Contemporary Fiction,PG,Original Screenplay,Universal,Universal,15000000.0,47811275.0,52375275.0,3.491685,1,0.08714035391699614,43.0,52.0,-9.0,9877.0,16.523560759066484,17.77394518678945,9.197964100908127
Collateral Damage,2002-02-08,2002,2,Q1,2000-2004,Action,Contemporary Fiction,R,Original Screenplay,Warner Bros.,Warner Bros.,85000000.0,40048332.0,78353508.0,0.9218059764705883,0,0.4888763372279388,,52.0,,24358.0,18.258161814454592,18.17674129921646,10.100615616647056
Rollerball,2002-02-08,2002,2,Q1,2000-2004,Action,Science Fiction,PG-13,Remake,MGM,MGM,70000000.0,18990542.0,25852508.0,0.36932154285714286,0,0.2654274780613161,3.0,28.0,-25.0,13827.0,18.064005800013632,17.067918175489048,9.534378481388618
John Q,2002-02-15,2002,2,Q1,2000-2004,Drama,Contemporary Fiction,PG-13,Original Screenplay,New Line,New Line,36000000.0,71026631.0,102226631.0,2.8396286388888887,1,0.3052042280450385,22.0,66.0,-44.0,32338.0,17.399029496420383,18.442702779088922,10.38399828829976
Crossroads,2002-02-15,2002,2,Q1,2000-2004,Drama,Contemporary Fiction,PG-13,Original Screenplay,Paramount Pictures,Paramount Pictures,12000000.0,37188667.0,57000000.0,4.75,1,0.34756724561403507,14.0,66.0,-52.0,4894.0,16.300417207752275,17.858561825798823,8.495765244002618
Last Orders,2002-02-15,2002,2,Q1,2000-2004,Drama,Contemporary Fiction,R,Based on Book/Short Story,Sony Pictures Classics,Sony Pictures Classics,12000000.0,2326407.0,2326407.0,0.19386725,0,0.0,,70.0,,3463.0,16.300417207752275,14.659835575257663,8.149890544402423
Peter Pan: Return to Neverland,2002-02-15,2002,2,Q1,2000-2004,Adventure,Kids Fiction,G,Based on Play,Walt Disney Pictures,Walt Disney Pictures,20000000.0,48430258.0,109862682.0,5.4931341,1,0.5591746249194972,46.0,,,,16.811242831518264,18.514741798469892,
Hart's War,2002-02-15,2002,2,Q1,2000-2004,Drama,Historical Fiction,R,Based on Book/Short Story,MGM,MGM,70000000.0,19076815.0,33076815.0,0.47252592857142856,0,0.42325719692177133,58.0,62.0,-4.0,19541.0,18.064005800013632,17.314343141743148,9.880270101359944
Super Troopers,2002-02-15,2002,2,Q1,2000-2004,Comedy,Contemporary Fiction,R,Original Screenplay,Fox Searchlight,Fox Searchlight,3000000.0,18492362.0,23046142.0,7.682047333333333,1,0.19759402680066798,,68.0,,29514.0,14.914122846632385,16.953008938126978,10.292620006023395
Reign of Fire,2002-02-19,2002,2,Q1,2000-2004,Action,Fantasy,PG-13,Original Screenplay,Walt Disney Pictures,Walt Disney Pictures,60000000.0,43061982.0,82150183.0,1.3691697166666668,1,0.4758139248454261,40.0,59.0,-19.0,38414.0,17.909855120186375,18.22405963007745,10.556177255464798
Sex with Strangers,2002-02-22,2002,2,Q1,2000-2004,Documentary,Factual,Not Rated,Based on Real Life Events,Unknown,Unknown,1100000.0,247740.0,247740.0,0.22521818181818182,0,0.0,39.0,50.0,-11.0,151.0,13.9108207377686,12.420135088108191,5.017279836814924
Mean Machine,2002-02-22,2002,2,Q1,2000-2004,Unknown,Unknown,R,Unknown,Unknown,Unknown,4500000.0,92723.0,92723.0,0.020605111111111112,0,0.0,,63.0,,12754.0,15.319587954740548,11.437371832969067,9.453600226875217
Monsoon Wedding,2002-02-22,2002,2,Q1,2000-2004,Comedy,Contemporary Fiction,R,Original Screenplay,USA Films,Other,1200000.0,13876974.0,13876974.0,11.564145,1,0.0,,72.0,,11314.0,13.997832114758229,16.44574147774759,9.333796175903101
Dragonfly,2002-02-22,2002,2,Q1,2000-2004,Drama,Fantasy,PG-13,Original Screenplay,Universal,Universal,60000000.0,30063805.0,30063805.0,0.5010634166666667,0,0.0,7.0,58.0,-51.0,14098.0,17.909855120186375,17.218832514451496,9.553788222333822
Queen of the Damned,2002-02-22,2002,2,Q1,2000-2004,Horror,Fantasy,R,Based on Book/Short Story,Warner Bros.,Warner Bros.,35000000.0,30307804.0,30307804.0,0.8659372571428572,0,0.0,17.0,47.0,-30.0,20268.0,17.37085861945369,17.22691579507307,9.9167985665958
We Were Soldiers,2002-03-01,2002,3,Q1,2000-2004,Drama,Dramatization,R,Based on Book/Short Story,Paramount Pictures,Paramount Pictures,70000000.0,78120196.0,114658262.0,1.6379751714285715,1,0.318669281765321,62.0,69.0,-7.0,42580.0,18.064005800013632,18.557466627471616,10.65913993844747
40 Days and 40 Nights,2002-03-01,2002,3,Q1,2000-2004,Romantic Comedy,Contemporary Fiction,R,Original Screenplay,Miramax,Miramax,17000000.0,37939782.0,95092667.0,5.593686294117647,1,0.601023052597736,38.0,54.0,-16.0,27912.0,16.64872390202049,18.370362416235576,10.23681198286661
The Calling,2002-03-01,2002,3,Q1,2000-2004,Drama,Contemporary Fiction,PG,Original Screenplay,Testimony Pictures,Other,160000.0,32092.0,32092.0,0.200575,0,0.0,,34.0,,1113.0,11.982929094215963,10.376362056873546,7.014814351275545
All About the Benjamins,2002-03-08,2002,3,Q1,2000-2004,Comedy,Contemporary Fiction,R,Original Screenplay,New Line,New Line,14000000.0,25482931.0,25873145.0,1.8480817857142857,1,0.01508181552725809,29.0,53.0,-24.0,4366.0,16.454567887579532,17.06871611615864,8.38160253710989
The Time Machine,2002-03-08,2002,3,Q1,2000-2004,Adventure,Science Fiction,PG-13,Based on Book/Short Story,Dreamworks SKG,Dreamworks SKG,80000000.0,56684819.0,98983590.0,1.237294875,1,0.4273311465062037,28.0,56.0,-28.0,32465.0,18.197537192638155,18.4104646367838,10.387917864942587
Men with Brooms,2002-03-08,2002,3,Q1,2000-2004,Comedy,Contemporary Fiction,R,Original Screenplay,Artisan,Other,7500000.0,4239767.0,4239767.0,0.5653022666666667,0,0.0,63.0,58.0,5.0,2559.0,15.830413578506539,15.26001887286799,7.847371836159788
Kissing Jessica Stein,2002-03-13,2002,3,Q1,2000-2004,Romantic Comedy,Contemporary Fiction,R,Based on Play,Fox Searchlight,Fox Searchlight,1500000.0,7025722.0,8915268.0,5.943512,1,0.21194494657928398,,68.0,,8291.0,14.22097566607244,16.003275870521307,9.022925868116218
Showtime,2002-03-15,2002,3,Q1,2000-2004,Comedy,Contemporary Fiction,PG-13,Original Screenplay,Warner Bros.,Warner Bros.,85000000.0,37948765.0,78948765.0,0.928809,0,0.5193241464891819,24.0,53.0,-29.0,22128.0,18.258161814454592,18.18430965573167,10.00459905390454
Resident Evil,2002-03-15,2002,3,Q1,2000-2004,Horror,Science Fiction,R,Based on Game,Sony Pictures,Sony Pictures,35000000.0,40119709.0,103787401.0,2.9653543142857144,1,0.613443360047141,34.0,64.0,-30.0,68342.0,17.37085861945369,18.457855143679875,11.132279790678577
Y Tu Mama Tambien (And Your Mother Too),2002-03-15,2002,3,Q1,2000-2004,Drama,Contemporary Fiction,R,Original Screenplay,IFC Films,Other,5000000.0,13649881.0,33649881.0,6.7299762,1,0.5943557422981675,,,,,15.424948470398375,17.331520077644598,
Ice Age,2002-03-15,2002,3,Q1,2000-2004,Adventure,Kids Fiction,PG,Original Screenplay,20th Century Fox,20th Century Fox,65000000.0,176387405.0,383257136.0,5.896263630769231,1,0.5397674604550612,77.0,74.0,3.0,75552.0,17.98989782785991,19.764216695242787,11.23257643988524
Sorority Boys,2002-03-22,2002,3,Q1,2000-2004,Comedy,Contemporary Fiction,R,Original Screenplay,Walt Disney Pictures,Walt Disney Pictures,12000000.0,10198766.0,12516222.0,1.0430185,1,0.18515619170065856,13.0,51.0,-38.0,7392.0,16.300417207752275,16.342536120909866,8.90815361332152
Blade 2,2002-03-22,2002,3,Q1,2000-2004,Action,Super Hero,R,Based on Comic/Graphic Novel,New Line,New Line,54000000.0,81676888.0,154338601.0,2.858122240740741,1,0.4707941663926317,,55.0,,90.0,17.80449460452855,18.854659454549385,4.499809670330265
Stolen Summer,2002-03-22,2002,3,Q1,2000-2004,Unknown,Unknown,PG,Unknown,Miramax,Miramax,1500000.0,119841.0,119841.0,0.079894,0,0.0,35.0,64.0,-29.0,1733.0,14.22097566607244,11.69392114317551,7.457609289715606
The Rookie,2002-03-29,2002,3,Q1,2000-2004,Drama,Contemporary Fiction,G,Original Screenplay,Walt Disney Pictures,Walt Disney Pictures,22000000.0,75600072.0,80693537.0,3.6678880454545455,1,0.06312110225134883,82.0,55.0,27.0,8453.0,16.90655301132259,18.206169043292046,9.042276686928927
Panic Room,2002-03-29,2002,3,Q1,2000-2004,Thriller/Suspense,Contemporary Fiction,R,Original Screenplay,Sony Pictures,Sony Pictures,48000000.0,95308367.0,196308367.0,4.089757645833333,1,0.5144966643220051,76.0,69.0,7.0,68737.0,17.686711568872166,19.095197281873737,11.138042906739788
Death to Smoochy,2002-03-29,2002,3,Q1,2000-2004,Black Comedy,Contemporary Fiction,R,Original Screenplay,Warner Bros.,Warner Bros.,50000000.0,8355815.0,8374062.0,0.16748124,0,0.0021789903155720607,42.0,62.0,-20.0,22379.0,17.72753356339242,15.940649629402936,10.015878298115155
Clockstoppers,2002-03-29,2002,3,Q1,2000-2004,Adventure,Science Fiction,PG,Original Screenplay,Paramount Pictures,Paramount Pictures,26000000.0,36985501.0,38788828.0,1.491878,1,0.04649088649958694,28.0,50.0,-22.0,6392.0,17.073607095985757,17.473642824987024,8.76280248744611
The Last Waltz,2002-04-05,2002,4,Q2,2000-2004,Unknown,Unknown,Not Rated,Unknown,MGM,MGM,35000.0,321952.0,321952.0,9.198628571428571,1,0.0,,80.0,,6893.0,10.46310334047155,12.682157745091777,8.838261682885651
High Crimes,2002-04-05,2002,4,Q2,2000-2004,Thriller/Suspense,Contemporary Fiction,PG-13,Based on Book/Short Story,20th Century Fox,20th Century Fox,42000000.0,41543207.0,63781100.0,1.5185976190476191,1,0.348659602923123,31.0,61.0,-30.0,14428.0,17.553180176247643,17.97096746618329,9.57692604202343
Lucky Break,2002-04-05,2002,4,Q2,2000-2004,Unknown,Unknown,PG-13,Unknown,Paramount Pictures,Paramount Pictures,6000000.0,54606.0,54606.0,0.009101,0,0.0,,61.0,,1482.0,15.60727002719233,10.907899045805411,7.301147805856032
Big Trouble,2002-04-05,2002,4,Q2,2000-2004,Comedy,Contemporary Fiction,PG-13,Based on Book/Short Story,Walt Disney Pictures,Walt Disney Pictures,45000000.0,7262288.0,8488871.0,0.1886415777777778,0,0.14449306627465536,48.0,63.0,-15.0,11610.0,17.622173047734595,15.954266569468466,9.359622074691938
National Lampoon's Van Wilder,2002-04-05,2002,4,Q2,2000-2004,Comedy,Contemporary Fiction,R,Original Screenplay,Artisan,Other,6000000.0,21005329.0,37975553.0,6.329258833333333,1,0.446872333893334,,,,,15.60727002719233,17.452453168552065,
Frailty,2002-04-12,2002,4,Q2,2000-2004,Thriller/Suspense,Contemporary Fiction,R,Original Screenplay,Lionsgate,Lionsgate,11000000.0,13110448.0,17423030.0,1.5839118181818181,1,0.2475219293085072,74.0,73.0,1.0,27629.0,16.213405830762646,16.67330345226547,10.22662122471816
Changing Lanes,2002-04-12,2002,4,Q2,2000-2004,Thriller/Suspense,Contemporary Fiction,R,Original Screenplay,Paramount Pictures,Paramount Pictures,45000000.0,66790248.0,66790248.0,1.4842277333333334,1,0.0,77.0,65.0,12.0,29222.0,17.622173047734595,18.017067639825633,10.28267712923203
The Sweetest Thing,2002-04-12,2002,4,Q2,2000-2004,Romantic Comedy,Contemporary Fiction,R,Original Screenplay,Sony Pictures,Sony Pictures,43000000.0,24430272.0,44633441.0,1.037987,1,0.45264645851526436,25.0,47.0,-22.0,23378.0,17.576710673657836,17.613993934238326,10.059550688167716
The Scorpion King,2002-04-19,2002,4,Q2,2000-2004,Action,Fantasy,PG-13,Spin-Off,Universal,Universal,60000000.0,90580000.0,164529000.0,2.74215,1,0.4494587580304992,40.0,53.0,-13.0,30359.0,17.909855120186375,18.91859740442544,10.32084829289068
Murder by Numbers,2002-04-19,2002,4,Q2,2000-2004,Thriller/Suspense,Contemporary Fiction,R,Original Screenplay,Warner Bros.,Warner Bros.,50000000.0,31874869.0,56643267.0,1.13286534,1,0.43726994066214436,31.0,59.0,-28.0,22318.0,17.72753356339242,17.852283685771052,10.013148806745647
My Big Fat Greek Wedding,2002-04-19,2002,4,Q2,2000-2004,Romantic Comedy,Contemporary Fiction,PG,Based on Play,IFC Films,Other,5000000.0,241438208.0,368744044.0,73.7488088,1,0.34524174172152866,75.0,66.0,9.0,46548.0,15.424948470398375,19.725613313623455,10.748239317227968
Nine Queens,2002-04-19,2002,4,Q2,2000-2004,Drama,Contemporary Fiction,R,Original Screenplay,Sony Pictures Classics,Sony Pictures Classics,1500000.0,1222889.0,12412889.0,8.275259333333333,1,0.9014823221250106,,,,,14.22097566607244,16.334245926220127,
Jason X,2002-04-26,2002,4,Q2,2000-2004,Horror,Contemporary Fiction,R,Unknown,New Line,New Line,14000000.0,13121555.0,16951798.0,1.2108427142857143,1,0.22594907041719114,21.0,44.0,-23.0,17964.0,16.454567887579532,16.645884462861165,9.796125034207629
The Salton Sea,2002-04-26,2002,4,Q2,2000-2004,Thriller/Suspense,Contemporary Fiction,R,Original Screenplay,Warner Bros.,Warner Bros.,18000000.0,676698.0,676698.0,0.037594333333333334,0,0.0,63.0,71.0,-8.0,16415.0,16.70588231586044,13.424980366696516,9.705950829935693
"Life, or Something Like It",2002-04-26,2002,4,Q2,2000-2004,Romantic Comedy,Contemporary Fiction,PG-13,Original Screenplay,20th Century Fox,20th Century Fox,40000000.0,14448589.0,14448589.0,0.361214725,0,0.0,,,,,17.50439001207821,16.486107320696107,
Hollywood Ending,2002-05-03,2002,5,Q2,2000-2004,Romantic Comedy,Contemporary Fiction,PG-13,Original Screenplay,Dreamworks SKG,Dreamworks SKG,16000000.0,4839383.0,14839383.0,0.9274614375,0,0.6738824653289156,46.0,63.0,-17.0,10486.0,16.588099280204055,16.51279521801976,9.257796313132479
Deuces Wild,2002-05-03,2002,5,Q2,2000-2004,Drama,Historical Fiction,R,Original Screenplay,MGM,MGM,10000000.0,6044618.0,6044618.0,0.6044618,0,0.0,3.0,53.0,-50.0,4010.0,16.11809565095832,15.614678847313028,8.296546520300614
Spider-Man,2002-05-03,2002,5,Q2,2000-2004,Adventure,Super Hero,PG-13,Based on Comic/Graphic Novel,Sony Pictures,Sony Pictures,139000000.0,403706375.0,821708551.0,5.911572309352518,1,0.5086988269640144,89.0,74.0,15.0,167524.0,18.749984491094967,20.52689632932165,12.028881903565235
Unfaithful,2002-05-08,2002,5,Q2,2000-2004,Drama,Contemporary Fiction,R,Remake,20th Century Fox,20th Century Fox,50000000.0,52752475.0,119114494.0,2.38228988,1,0.5571279931726865,48.0,66.0,-18.0,23998.0,17.72753356339242,18.595595722974902,10.085725772524334
The New Guy,2002-05-10,2002,5,Q2,2000-2004,Comedy,Contemporary Fiction,PG-13,Original Screenplay,Sony Pictures,Sony Pictures,13000000.0,28972187.0,28972187.0,2.228629769230769,1,0.0,7.0,54.0,-47.0,14268.0,16.38045991542581,17.181846858784326,9.565774546478782
The Business of Fancy Dancing,2002-05-10,2002,5,Q2,2000-2004,Drama,Contemporary Fiction,Not Rated,Original Screenplay,Outrider Pictures,Other,200000.0,174682.0,174682.0,0.87341,0,0.0,,70.0,,355.0,12.206072645530174,12.070722457041624,5.872117789475416
Hybrid,2002-05-10,2002,5,Q2,2000-2004,Documentary,Factual,Not Rated,Based on Real Life Events,Indican Pictures,Other,200000.0,162605.0,162605.0,0.813025,0,0.0,,22.0,,380.0,12.206072645530174,11.999079225930569,5.940171252720432
Star Wars Ep. II: Attack of the Clones,2002-05-16,2002,5,Q2,2000-2004,Adventure,Science Fiction,PG,Original Screenplay,20th Century Fox,20th Century Fox,115000000.0,310676740.0,656695615.0,5.710396652173913,1,0.5269090688233087,,,,,18.560442686327523,20.302731173812884,
About a Boy,2002-05-17,2002,5,Q2,2000-2004,Romantic Comedy,Contemporary Fiction,PG-13,Based on Book/Short Story,Universal,Universal,27000000.0,40803000.0,129949664.0,4.812950518518519,1,0.6860091919899077,93.0,74.0,19.0,48875.0,17.111347423968603,18.68265773343858,10.797021297287667
Harvard Man,2002-05-17,2002,5,Q2,2000-2004,Drama,Unknown,R,Unknown,Unknown,Unknown,5500000.0,56653.0,56653.0,0.010300545454545455,0,0.0,,49.0,,2758.0,15.520258650202699,10.944700221805979,7.922261058353247
The Importance of Being Earnest,2002-05-22,2002,5,Q2,2000-2004,Comedy,Historical Fiction,PG,Based on Play,Miramax,Miramax,15000000.0,8378141.0,8378141.0,0.5585427333333334,0,0.0,58.0,67.0,-9.0,9345.0,16.523560759066484,15.94113661013981,9.142596719889664
Spirit: Stallion of the Cimarron,2002-05-24,2002,5,Q2,2000-2004,Adventure,Kids Fiction,G,Original Screenplay,Dreamworks SKG,Dreamworks SKG,80000000.0,73215310.0,106515310.0,1.331441375,1,0.31263111378073255,,66.0,,8622.0,18.197537192638155,18.483799288650413,9.06207235530708
Thirteen Conversations About One Thing,2002-05-24,2002,5,Q2,2000-2004,Drama,Contemporary Fiction,R,Original Screenplay,Sony Pictures Classics,Sony Pictures Classics,3000000.0,3287435.0,3705923.0,1.2353076666666667,1,0.11292409475318295,,71.0,,6188.0,14.914122846632385,15.125442908493408,8.730367211692958
Insomnia,2002-05-24,2002,5,Q2,2000-2004,Thriller/Suspense,Contemporary Fiction,R,Remake,Warner Bros.,Warner Bros.,46000000.0,67263182.0,113622499.0,2.4700543260869567,1,0.40801177062652,92.0,63.0,29.0,33.0,17.64415195445337,18.54839209921857,3.4965075614664802
Enough,2002-05-24,2002,5,Q2,2000-2004,Thriller/Suspense,Contemporary Fiction,PG-13,Original Screenplay,Sony Pictures,Sony Pictures,38000000.0,39177215.0,39177215.0,1.030979342105263,1,0.0,21.0,65.0,-44.0,92.0,17.45309671769066,17.48360588576942,4.5217885770490405
Elling,2002-05-29,2002,5,Q2,2000-2004,Unknown,Unknown,R,Unknown,Unknown,Unknown,2100000.0,313436.0,313436.0,0.1492552380952381,0,0.0,,75.0,,7114.0,14.557447902693651,12.65535047148387,8.8698199525084
Undercover Brother,2002-05-31,2002,5,Q2,2000-2004,Comedy,Contemporary Fiction,PG-13,Original Screenplay,Universal,Universal,25000000.0,38230435.0,38230435.0,1.5292174,1,0.0,76.0,57.0,19.0,14237.0,17.034386382832476,17.459142484106422,9.563599488613745
The Sum of All Fears,2002-05-31,2002,5,Q2,2000-2004,Action,Contemporary Fiction,PG-13,Based on Book/Short Story,Paramount Pictures,Paramount Pictures,68000000.0,118471320.0,193500000.0,2.8455882352941178,1,0.38774511627906977,59.0,63.0,-4.0,38586.0,18.03501826314038,19.08078807043411,10.560644795362919
Bad Company,2002-06-07,2002,6,Q2,2000-2004,Action,Contemporary Fiction,PG-13,Original Screenplay,Walt Disney Pictures,Walt Disney Pictures,70000000.0,30157016.0,69157016.0,0.9879573714285714,0,0.5639341061216406,10.0,53.0,-43.0,17901.0,18.064005800013632,18.05189007152118,9.792611856190192
The Divine Secrets of the Ya-Ya Sisterhood,2002-06-07,2002,6,Q2,2000-2004,Comedy,Contemporary Fiction,PG-13,Based on Book/Short Story,Warner Bros.,Warner Bros.,27000000.0,69586544.0,73826768.0,2.7343247407407407,1,0.057434777586362715,,,,,17.111347423968603,18.11723193383442,
Windtalkers,2002-06-14,2002,6,Q2,2000-2004,Action,Historical Fiction,R,Original Screenplay,MGM,MGM,115000000.0,40914068.0,77628265.0,0.6750283913043478,0,0.47294882862575893,32.0,58.0,-26.0,26421.0,18.560442686327523,18.167442158524995,10.181914427473568
Scooby-Doo,2002-06-14,2002,6,Q2,2000-2004,Comedy,Kids Fiction,PG,Based on TV,Warner Bros.,Warner Bros.,84000000.0,153294164.0,276294164.0,3.289216238095238,1,0.44517769836065013,28.0,47.0,-19.0,26018.0,18.246327356807587,19.4369766677017,10.166543885161504
The Dangerous Lives of Altar Boys,2002-06-14,2002,6,Q2,2000-2004,Drama,Contemporary Fiction,R,Based on Book/Short Story,ThinkFilm,Other,12000000.0,1779284.0,1779284.0,0.14827366666666666,0,0.0,77.0,69.0,8.0,7943.0,16.300417207752275,14.391721594154154,8.980046316633132
The Bourne Identity,2002-06-14,2002,6,Q2,2000-2004,Action,Contemporary Fiction,PG-13,Based on Book/Short Story,Universal,Universal,60000000.0,121468960.0,213300000.0,3.555,1,0.43052526957337084,82.0,77.0,5.0,122597.0,17.909855120186375,19.17821018344158,11.716657832364303
Sunshine State,2002-06-21,2002,6,Q2,2000-2004,Drama,Contemporary Fiction,PG-13,Original Screenplay,Sony Pictures Classics,Sony Pictures Classics,5600000.0,3064356.0,3064356.0,0.5472064285714285,0,0.0,80.0,68.0,12.0,2769.0,15.538277155705378,14.935347991082873,7.926241523170962
Juwanna Man,2002-06-21,2002,6,Q2,2000-2004,Comedy,Contemporary Fiction,PG-13,Original Screenplay,Warner Bros.,Warner Bros.,15600000.0,13571817.0,13771817.0,0.8828087820512821,0,0.01452241196640937,,41.0,,3062.0,16.562781472219765,16.438134815521888,8.026823576217629
Lilo & Stitch,2002-06-21,2002,6,Q2,2000-2004,Adventure,Kids Fiction,PG,Original Screenplay,Walt Disney Pictures,Walt Disney Pictures,80000000.0,145771527.0,245800000.0,3.0725,1,0.40695066314076483,,71.0,,25611.0,18.197537192638155,19.32002875509621,10.150777225678416
Minority Report,2002-06-21,2002,6,Q2,2000-2004,Action,Science Fiction,PG-13,Based on Book/Short Story,20th Century Fox,20th Century Fox,102000000.0,132024714.0,358824714.0,3.5178893529411766,1,0.6320634871320485,91.0,77.0,14.0,135142.0,18.440483371248543,19.698344565375486,11.814081356463873
Hey Arnold! The Movie,2002-06-28,2002,6,Q2,2000-2004,Adventure,Kids Fiction,PG,Based on TV,Paramount Pictures,Paramount Pictures,10000000.0,13684949.0,13684949.0,1.3684949,1,0.0,30.0,53.0,-23.0,1629.0,16.11809565095832,16.4318071737419,7.395721608602045
Lovely and Amazing,2002-06-28,2002,6,Q2,2000-2004,Drama,Contemporary Fiction,R,Original Screenplay,Lionsgate,Lionsgate,250000.0,4210379.0,4695781.0,18.783124,1,0.10336981217820848,,68.0,,3936.0,12.429216196844383,15.362175003968192,8.277920258172143
Mr. Deeds,2002-06-28,2002,6,Q2,2000-2004,Comedy,Contemporary Fiction,PG-13,Based on Book/Short Story,Sony Pictures,Sony Pictures,50000000.0,126293452.0,171269535.0,3.4253907,1,0.2626041052776841,22.0,55.0,-33.0,39756.0,17.72753356339242,18.95874910159348,10.590516052087896
Like Mike,2002-07-03,2002,7,Q3,2000-2004,Comedy,Kids Fiction,PG,Original Screenplay,20th Century Fox,20th Century Fox,30000000.0,51432423.0,62432423.0,2.0810807666666666,1,0.17619050280973397,56.0,44.0,12.0,4870.0,17.216707939626428,17.949595297753625,8.490849216076635
The Powerpuff Girls,2002-07-03,2002,7,Q3,2000-2004,Adventure,Super Hero,PG,Based on TV,Warner Bros.,Warner Bros.,25000000.0,11411644.0,16425701.0,0.65702804,0,0.3052568045649924,,59.0,,3234.0,17.034386382832476,16.61435780026746,8.081475040137052
Men in Black 2,2002-07-03,2002,7,Q3,2000-2004,Action,Science Fiction,PG-13,Based on Comic/Graphic Novel,Sony Pictures,Sony Pictures,140000000.0,190418803.0,441818803.0,3.1558485928571427,1,0.569011545667512,,74.0,,467.0,18.75715298057358,19.906410408026534,6.1463292576688975
The Road to Perdition,2002-07-12,2002,7,Q3,2000-2004,Drama,Historical Fiction,R,Based on Comic/Graphic Novel,Dreamworks SKG,Dreamworks SKG,80000000.0,104054514.0,181054514.0,2.263181425,1,0.4252862759334462,,,,,18.197537192638155,19.014308726204252,
Never Again,2002-07-12,2002,7,Q3,2000-2004,Romantic Comedy,Unknown,R,Unknown,Unknown,Unknown,500000.0,307631.0,307631.0,0.615262,0,0.0,,58.0,,511.0,13.122363377404328,12.63665629176971,6.236369590203704
Crocodile Hunter: Collision Course,2002-07-12,2002,7,Q3,2000-2004,Comedy,Contemporary Fiction,PG,Based on TV,MGM,MGM,12500000.0,28436931.0,33436931.0,2.67495448,1,0.1495352548952534,,,,,16.34123920227253,17.32517156565328,
Halloween: Resurrection,2002-07-12,2002,7,Q3,2000-2004,Horror,Contemporary Fiction,R,Unknown,Miramax/Dimension,Other,15000000.0,30259652.0,37659652.0,2.5106434666666666,1,0.19649677060212878,,39.0,,13181.0,16.523560759066484,17.44409984057703,9.486531677712465
Eight Legged Freaks,2002-07-17,2002,7,Q3,2000-2004,Comedy,Contemporary Fiction,PG-13,Original Screenplay,Warner Bros.,Warner Bros.,30000000.0,17266505.0,17266505.0,0.5755501666666667,0,0.0,47.0,54.0,-7.0,18173.0,17.216707939626428,16.664279055583407,9.807692255081262
Ayurveda: Art of Being,2002-07-19,2002,7,Q3,2000-2004,Documentary,Factual,Not Rated,Unknown,Kino International,Other,300000.0,16892.0,2066892.0,6.88964,1,0.9918273426961834,,73.0,,181.0,12.611537753638338,14.54155658766169,5.198497031265826
Tadpole,2002-07-19,2002,7,Q3,2000-2004,Comedy,Contemporary Fiction,PG-13,Original Screenplay,Miramax,Miramax,150000.0,2891288.0,3200241.0,21.33494,1,0.09654054179044641,78.0,61.0,17.0,3800.0,11.918390573078392,14.97873667743411,8.242756345714477
K-19: The Widowmaker,2002-07-19,2002,7,Q3,2000-2004,Action,Dramatization,PG-13,Based on Book/Short Story,Paramount Pictures,Paramount Pictures,90000000.0,35168966.0,65716126.0,0.7301791777777777,0,0.4648350695535522,61.0,65.0,-4.0,22288.0,18.31532022829454,18.000854902347815,10.011803696019587
Stuart Little 2,2002-07-19,2002,7,Q3,2000-2004,Comedy,Kids Fiction,PG,Based on Book/Short Story,Sony Pictures,Sony Pictures,120000000.0,64956806.0,166000000.0,1.3833333333333333,1,0.6086939397590362,83.0,56.0,27.0,7534.0,18.60300230074632,18.927498346320817,8.927181388251986
Austin Powers in Goldmember,2002-07-25,2002,7,Q3,2000-2004,Comedy,Science Fiction,PG-13,Original Screenplay,New Line,New Line,63000000.0,213117789.0,292738626.0,4.646644857142857,1,0.2719860992993798,54.0,62.0,-8.0,69140.0,17.958645284355807,19.494790707424308,11.143888713475615
The Country Bears,2002-07-26,2002,7,Q3,2000-2004,Adventure,Kids Fiction,G,Disney Ride,Walt Disney Pictures,Walt Disney Pictures,20000000.0,16988996.0,16988996.0,0.8494498,0,0.0,27.0,38.0,-11.0,2021.0,16.811242831518264,16.64807639831756,7.611347717403621
Full Frontal,2002-08-02,2002,8,Q3,2000-2004,Comedy,Contemporary Fiction,R,Original Screenplay,Miramax,Miramax,2000000.0,2512846.0,3438804.0,1.719402,1,0.26926745461503476,37.0,48.0,-11.0,6660.0,14.508657738524219,15.050634294478213,8.803874763534434
Martin Lawrence Live: RunTelDat,2002-08-02,2002,8,Q3,2000-2004,Concert/Performance,Factual,R,Based on Real Life Events,Paramount Pictures,Paramount Pictures,3000000.0,19184820.0,19184820.0,6.39494,1,0.0,,49.0,,1166.0,14.914122846632385,16.76962989928923,7.061334366910438
The Master of Disguise,2002-08-02,2002,8,Q3,2000-2004,Comedy,Kids Fiction,PG,Original Screenplay,Sony Pictures,Sony Pictures,16000000.0,40363530.0,40363530.0,2.522720625,1,0.0,2.0,30.0,-28.0,10050.0,16.588099280204055,17.51343721245952,9.215327913487222
Signs,2002-08-02,2002,8,Q3,2000-2004,Thriller/Suspense,Science Fiction,PG-13,Original Screenplay,Walt Disney Pictures,Walt Disney Pictures,70702619.0,227965690.0,408265690.0,5.774406885832617,1,0.44162417860780806,74.0,69.0,5.0,111561.0,18.073993174027937,19.827428721409476,11.622326805487553
The Good Girl,2002-08-07,2002,8,Q3,2000-2004,Comedy,Contemporary Fiction,R,Original Screenplay,Fox Searchlight,Fox Searchlight,8000000.0,14018296.0,15976468.0,1.9970585,1,0.12256601396503908,81.0,66.0,15.0,21460.0,15.89495209964411,16.586627447589642,9.973946016184689
Spy Kids 2: The Island of Lost Dreams,2002-08-07,2002,8,Q3,2000-2004,Adventure,Kids Fiction,PG,Original Screenplay,Miramax/Dimension,Other,38000000.0,85846296.0,119721296.0,3.1505604210526315,1,0.28294882474376154,75.0,,,,17.45309671769066,18.600677066149117,
xXx,2002-08-09,2002,8,Q3,2000-2004,Action,Contemporary Fiction,PG-13,Original Screenplay,Sony Pictures,Sony Pictures,70000000.0,141930000.0,267200000.0,3.817142857142857,1,0.4688248502994012,48.0,55.0,-7.0,52636.0,18.064005800013632,19.403507999626765,10.87115557527003
Pandora's Box,2002-08-09,2002,8,Q3,2000-2004,Thriller/Suspense,Contemporary Fiction,R,Original Screenplay,Kino International,Other,800000.0,881950.0,881950.0,1.1024375,1,0.0,,46.0,,386.0,13.592367006650065,13.689890644039624,5.955837369464831
Blood Work,2002-08-09,2002,8,Q3,2000-2004,Thriller/Suspense,Contemporary Fiction,R,Based on Book/Short Story,Warner Bros.,Warner Bros.,50000000.0,26199517.0,26199517.0,0.52399034,0,0.0,54.0,63.0,-9.0,16751.0,17.72753356339242,17.081251533446892,9.726213236963687
Blue Crush,2002-08-16,2002,8,Q3,2000-2004,Drama,Contemporary Fiction,PG-13,Based on Magazine Article,Universal,Universal,30000000.0,40118420.0,51327420.0,1.710914,1,0.21838229936357603,62.0,55.0,7.0,11699.0,17.216707939626428,17.75373567026917,9.367258647047601
The Adventures of Pluto Nash,2002-08-16,2002,8,Q3,2000-2004,Comedy,Science Fiction,PG-13,Original Screenplay,Warner Bros.,Warner Bros.,100000000.0,4411102.0,7094995.0,0.07094995,0,0.3782797591823532,6.0,37.0,-31.0,9207.0,18.420680743952367,15.774900163854397,9.127719343287845
Possession,2002-08-16,2002,8,Q3,2000-2004,Drama,Contemporary Fiction,PG-13,Based on Book/Short Story,Focus Features,Focus Features,25000000.0,10103647.0,14805812.0,0.59223248,0,0.31758913324037885,64.0,64.0,0.0,6789.0,17.034386382832476,16.51053036434952,8.823058934301647
One Hour Photo,2002-08-21,2002,8,Q3,2000-2004,Drama,Contemporary Fiction,R,Original Screenplay,Fox Searchlight,Fox Searchlight,12000000.0,31597131.0,52223306.0,4.3519421666666664,1,0.3949611118070541,81.0,70.0,11.0,42134.0,16.300417207752275,17.771039428308303,10.648610294686415
Serving Sara,2002-08-23,2002,8,Q3,2000-2004,Romantic Comedy,Contemporary Fiction,PG-13,Original Screenplay,Paramount Pictures,Paramount Pictures,29000000.0,16930185.0,20146150.0,0.6946948275862069,0,0.1596317410522606,5.0,50.0,-45.0,7973.0,17.182806387950748,16.818523761103823,8.983816112502495
Undisputed,2002-08-23,2002,8,Q3,2000-2004,Drama,Contemporary Fiction,R,Original Screenplay,Miramax,Miramax,20000000.0,12398628.0,12398628.0,0.6199314,0,0.0,49.0,58.0,-9.0,6837.0,16.811242831518264,16.333096379292346,8.830104317913793
Crop Circles: Quest for Truth,2002-08-23,2002,8,Q3,2000-2004,Unknown,Unknown,Unknown,Unknown,Unknown,Unknown,600000.0,0.0,0.0,0.0,0,,60.0,71.0,-11.0,153.0,13.304684934198283,,5.030437921392435
FearDotCom,2002-08-30,2002,8,Q3,2000-2004,Horror,Contemporary Fiction,R,Original Screenplay,Warner Bros.,Warner Bros.,40000000.0,13208023.0,13208023.0,0.330200575,0,0.0,,31.0,,11438.0,17.50439001207821,16.396335005949453,9.344696424475261
Swimfan,2002-09-06,2002,9,Q3,2000-2004,Drama,Contemporary Fiction,PG-13,Original Screenplay,20th Century Fox,20th Century Fox,10000000.0,28563926.0,28563926.0,2.8563926,1,0.0,15.0,46.0,-31.0,9577.0,16.11809565095832,17.167655150974205,9.16711966952162
City by the Sea,2002-09-06,2002,9,Q3,2000-2004,Drama,Contemporary Fiction,R,Based on Magazine Article,Warner Bros.,Warner Bros.,40000000.0,22433915.0,22433915.0,0.560847875,0,0.0,48.0,61.0,-13.0,13487.0,17.50439001207821,16.926084434288267,9.509481537516857
Stealing Harvard,2002-09-13,2002,9,Q3,2000-2004,Comedy,Contemporary Fiction,PG-13,Original Screenplay,Sony Pictures,Sony Pictures,25000000.0,13973532.0,13973532.0,0.55894128,0,0.0,8.0,47.0,-39.0,6899.0,17.034386382832476,16.452675526765134,8.839131752546109
Betty Fisher et autres histoires,2002-09-13,2002,9,Q3,2000-2004,Drama,Unknown,Not Rated,Based on Book/Short Story,WellSpring,Other,7500000.0,206400.0,206400.0,0.02752,0,0.0,,69.0,,1054.0,15.830413578506539,12.237571312589544,6.960347729101308
Barbershop,2002-09-13,2002,9,Q3,2000-2004,Comedy,Contemporary Fiction,PG-13,Original Screenplay,MGM,MGM,12000000.0,75781642.0,77081642.0,6.423470166666666,1,0.01686523491546794,82.0,62.0,20.0,11164.0,16.300417207752275,18.160375703826357,9.320449594656212
Igby Goes Down,2002-09-13,2002,9,Q3,2000-2004,Comedy,Contemporary Fiction,R,Original Screenplay,MGM,MGM,9000000.0,4777465.0,4777465.0,0.5308294444444445,0,0.0,76.0,70.0,6.0,19050.0,16.012735135300492,15.379420629062404,9.854822380554847
The Banger Sisters,2002-09-20,2002,9,Q3,2000-2004,Comedy,Contemporary Fiction,R,Original Screenplay,20th Century Fox,20th Century Fox,10000000.0,30306281.0,38067218.0,3.8067218,1,0.20387455158924406,47.0,55.0,-8.0,7435.0,16.11809565095832,17.454864049775715,8.913953858894255
Spirited Away,2002-09-20,2002,9,Q3,2000-2004,Adventure,Fantasy,PG,Original Screenplay,Walt Disney Pictures,Walt Disney Pictures,19000000.0,10049886.0,274949886.0,14.471046631578947,1,0.9634482990838555,,,,,16.759949537130716,19.432099406297173,
Eye See You,2002-09-20,2002,9,Q3,2000-2004,Unknown,Unknown,Not Rated,Unknown,Unknown,Unknown,55000000.0,79161.0,1807990.0,0.03287254545454545,0,0.9562160188939098,,51.0,,397.0,17.822843743196746,14.407726288945511,5.983936280687191
Trapped,2002-09-20,2002,9,Q3,2000-2004,Thriller/Suspense,Contemporary Fiction,R,Based on Book/Short Story,Sony Pictures,Sony Pictures,30000000.0,6916869.0,6916869.0,0.2305623,0,0.0,18.0,60.0,-42.0,10685.0,17.216707939626428,15.749473768557058,9.276596167753247
Ballistic: Ecks vs. Sever,2002-09-20,2002,9,Q3,2000-2004,Action,Contemporary Fiction,R,Original Screenplay,Warner Bros.,Warner Bros.,70000000.0,14294842.0,14294842.0,0.20421202857142856,0,0.0,,34.0,,11112.0,18.064005800013632,16.475409330861797,9.31578088443418
The Four Feathers,2002-09-20,2002,9,Q3,2000-2004,Drama,Historical Fiction,PG-13,Based on Book/Short Story,Paramount Pictures,Paramount Pictures,35000000.0,18306166.0,29882645.0,0.8537898571428572,0,0.3873980700168944,41.0,63.0,-22.0,13204.0,17.37085861945369,17.212788435060826,9.488275092973083
8 femmes,2002-09-20,2002,9,Q3,2000-2004,Musical,Contemporary Fiction,R,Based on Play,Focus Features,Focus Features,8000000.0,3076425.0,42376425.0,5.297053125,1,0.9274024413338312,,70.0,,13631.0,15.89495209964411,17.562102751418053,9.520101889570842
Sweet Home Alabama,2002-09-27,2002,9,Q3,2000-2004,Comedy,Contemporary Fiction,PG-13,Original Screenplay,Walt Disney Pictures,Walt Disney Pictures,38000000.0,127214072.0,163379330.0,4.299456052631579,1,0.2213576099253192,37.0,58.0,-21.0,29891.0,17.45309671769066,18.911585233000448,10.305312710723697
Wasabi,2002-09-27,2002,9,Q3,2000-2004,Unknown,Unknown,R,Unknown,Sony Pictures,Sony Pictures,15300000.0,81525.0,7000000.0,0.45751633986928103,0,0.9883535714285714,,65.0,,11647.0,16.543363386362664,15.761420707019587,9.362803915102651
Moonlight Mile,2002-09-27,2002,9,Q3,2000-2004,Drama,Contemporary Fiction,PG-13,Original Screenplay,Walt Disney Pictures,Walt Disney Pictures,21000000.0,6830957.0,6830957.0,0.3252836666666667,0,0.0,62.0,67.0,-5.0,8346.0,16.860032995687696,15.736975338861791,9.029537661151497
The Tuxedo,2002-09-27,2002,9,Q3,2000-2004,Action,Science Fiction,PG-13,Original Screenplay,Dreamworks SKG,Dreamworks SKG,60000000.0,50586000.0,50586000.0,0.8431,0,0.0,22.0,50.0,-28.0,19370.0,17.909855120186375,17.73918541613287,9.871480756401041
Charly,2002-09-27,2002,9,Q3,2000-2004,Drama,Contemporary Fiction,PG,Based on Book/Short Story,Excel Entertainment,Other,950000.0,814666.0,814666.0,0.8575431578947369,0,0.0,,58.0,,60.0,13.764217263576723,13.610533492274573,4.0943445622221
Jonah: A VeggieTales Movie,2002-10-04,2002,10,Q4,2000-2004,Adventure,Kids Fiction,G,Based on Short Film,Artisan,Other,14000000.0,25571351.0,25606175.0,1.8290125,1,0.001359984456874172,,63.0,,1704.0,16.454567887579532,17.05834409130061,7.440733707389261
Welcome to Collinwood,2002-10-04,2002,10,Q4,2000-2004,Unknown,Unknown,R,Unknown,Warner Bros.,Warner Bros.,12000000.0,378650.0,378650.0,0.03155416666666667,0,0.0,53.0,62.0,-9.0,7887.0,16.300417207752275,12.844367574541968,8.97297111339799
Red Dragon,2002-10-04,2002,10,Q4,2000-2004,Thriller/Suspense,Contemporary Fiction,R,Based on Book/Short Story,Universal,Universal,78000000.0,92955420.0,206455420.0,2.646864358974359,1,0.5497554871652195,68.0,73.0,-5.0,66386.0,18.172219384653864,19.145595063281863,11.103241469860443
Punch-Drunk Love,2002-10-11,2002,10,Q4,2000-2004,Comedy,Contemporary Fiction,R,Original Screenplay,Sony Pictures,Sony Pictures,25000000.0,17791031.0,24591031.0,0.98364124,0,0.2765235829274503,79.0,74.0,5.0,49786.0,17.034386382832476,17.017892340926288,10.815489098991852
Knockaround Guys,2002-10-11,2002,10,Q4,2000-2004,Drama,Contemporary Fiction,R,Original Screenplay,New Line,New Line,15000000.0,11660180.0,12419700.0,0.82798,0,0.06115445622680097,,60.0,,11019.0,16.523560759066484,16.334794479588506,9.307376334487778
White Oleander,2002-10-11,2002,10,Q4,2000-2004,Drama,Contemporary Fiction,PG-13,Based on Book/Short Story,Warner Bros.,Warner Bros.,16000000.0,16357770.0,21657770.0,1.353610625,1,0.2447158687159389,69.0,70.0,-1.0,13755.0,16.588099280204055,16.890874839481604,9.529157673358675
Brown Sugar,2002-10-11,2002,10,Q4,2000-2004,Romantic Comedy,Contemporary Fiction,PG-13,Original Screenplay,20th Century Fox,20th Century Fox,8000000.0,27362712.0,28315272.0,3.539409,1,0.03364120959177083,64.0,60.0,4.0,2745.0,15.89495209964411,17.15891186369969,7.917536353943631
The Transporter,2002-10-11,2002,10,Q4,2000-2004,Action,Contemporary Fiction,PG-13,Original Screenplay,20th Century Fox,20th Century Fox,21000000.0,25296447.0,43928932.0,2.091853904761905,1,0.42415064859760304,53.0,66.0,-13.0,51005.0,16.860032995687696,17.598083704251927,10.839678946116619
The Rules of Attraction,2002-10-11,2002,10,Q4,2000-2004,Black Comedy,Contemporary Fiction,R,Based on Book/Short Story,Lionsgate,Lionsgate,4000000.0,6525762.0,11799060.0,2.949765,1,0.4469252635379429,44.0,67.0,-23.0,26634.0,15.201804919084164,16.283530425245836,10.18994387406209
Tuck Everlasting,2002-10-11,2002,10,Q4,2000-2004,Drama,Kids Fiction,PG,Based on Book/Short Story,Walt Disney Pictures,Walt Disney Pictures,15000000.0,19161999.0,19344615.0,1.289641,1,0.009440146521396265,61.0,65.0,-4.0,6639.0,16.523560759066484,16.7779246441353,8.80071662871916
Swept Away,2002-10-11,2002,10,Q4,2000-2004,Romantic Comedy,Contemporary Fiction,R,Remake,Sony Pictures,Sony Pictures,10000000.0,598645.0,598645.0,0.0598645,0,0.0,5.0,34.0,-29.0,7665.0,16.11809565095832,13.302424046984495,8.944419791305915
Bowling for Columbine,2002-10-11,2002,10,Q4,2000-2004,Documentary,Factual,R,Based on Real Life Events,MGM,MGM,3000000.0,21576018.0,58576018.0,19.525339333333335,1,0.6316578228311798,96.0,82.0,14.0,76928.0,14.914122846632385,17.885835921635195,11.250625198454825
Real Women Have Curves,2002-10-18,2002,10,Q4,2000-2004,Comedy,Contemporary Fiction,PG-13,Based on Play,Newmarket Films,Other,3000000.0,5853194.0,5853194.0,1.9510646666666667,1,0.0,83.0,70.0,13.0,4396.0,14.914122846632385,15.582498053119584,8.388450315523512
Auto Focus,2002-10-18,2002,10,Q4,2000-2004,Drama,Dramatization,R,Based on Book/Short Story,Sony Pictures Classics,Sony Pictures Classics,7000000.0,2062066.0,2703821.0,0.38626014285714283,0,0.23735114121829812,72.0,66.0,6.0,7236.0,15.761420707019587,14.81017651572894,8.886823846515187
Formula 51,2002-10-18,2002,10,Q4,2000-2004,Action,Contemporary Fiction,R,Original Screenplay,Screen Media Films,Other,27000000.0,5204007.0,5204007.0,0.192741,0,0.0,,,,,17.111347423968603,15.464939463732767,
Abandon,2002-10-18,2002,10,Q4,2000-2004,Thriller/Suspense,Contemporary Fiction,PG-13,Original Screenplay,Paramount Pictures,Paramount Pictures,25000000.0,10719367.0,12219367.0,0.48877468,0,0.1227559496330702,17.0,48.0,-31.0,5361.0,17.034386382832476,16.318532710038706,8.586905803827538
The Ring,2002-10-18,2002,10,Q4,2000-2004,Horror,Contemporary Fiction,PG-13,Remake,Dreamworks SKG,Dreamworks SKG,48000000.0,129094024.0,249094024.0,5.189458833333333,1,0.48174580053353666,71.0,55.0,16.0,589.0,17.686711568872166,19.33334098957932,6.3784261836515865
Frida,2002-10-25,2002,10,Q4,2000-2004,Drama,Dramatization,R,Based on Real Life Events,Miramax,Miramax,12000000.0,25885000.0,56298474.0,4.6915395,1,0.5402184435762859,76.0,73.0,3.0,26243.0,16.300417207752275,17.84617798794684,10.175154565791225
Ghost Ship,2002-10-25,2002,10,Q4,2000-2004,Horror,Contemporary Fiction,R,Original Screenplay,Warner Bros.,Warner Bros.,20000000.0,30113491.0,68349884.0,3.4174942,1,0.5594214761213054,13.0,53.0,-40.0,25891.0,16.811242831518264,18.040150423985754,10.161650696951378
All or Nothing,2002-10-25,2002,10,Q4,2000-2004,Drama,Unknown,R,Original Screenplay,MGM,MGM,9000000.0,184255.0,184255.0,0.020472777777777777,0,0.0,,,,,16.012735135300492,12.124075946725442,
Time Changer,2002-10-25,2002,10,Q4,2000-2004,Drama,Fantasy,PG,Original Screenplay,Five & Two Pictures,Other,825000.0,1500711.0,1500711.0,1.8190436363636364,1,0.0,22.0,50.0,-28.0,1029.0,13.623138665316818,14.221449553769924,6.9363427358340495
All the Queen's Men,2002-10-25,2002,10,Q4,2000-2004,Comedy,Unknown,PG-13,Original Screenplay,Strand,Other,15000000.0,22723.0,22723.0,0.0015148666666666667,0,0.0,,35.0,,1591.0,16.523560759066484,10.031132906371798,7.372118028337787
Jackass: The Movie,2002-10-25,2002,10,Q4,2000-2004,Comedy,Contemporary Fiction,R,Based on TV,Paramount Pictures,Paramount Pictures,5000000.0,64282312.0,75466905.0,15.093381,1,0.14820526958141453,,63.0,,27454.0,15.424948470398375,18.139204773747412,10.220267155811605
The Santa Clause 2,2002-11-01,2002,11,Q4,2000-2004,Comedy,Kids Fiction,G,Original Screenplay,Walt Disney Pictures,Walt Disney Pictures,65000000.0,139225854.0,172825854.0,2.6588592923076924,1,0.1944153563968502,,55.0,,9061.0,17.98989782785991,18.96779502119812,9.11173476822206
I Spy,2002-11-01,2002,11,Q4,2000-2004,Action,Contemporary Fiction,PG-13,Based on TV,Sony Pictures,Sony Pictures,70000000.0,33561137.0,33561137.0,0.4794448142857143,0,0.0,15.0,53.0,-38.0,18061.0,18.064005800013632,17.32887931860797,9.801510196423664
Femme Fatale,2002-11-06,2002,11,Q4,2000-2004,Thriller/Suspense,Contemporary Fiction,R,Original Screenplay,Warner Bros.,Warner Bros.,35000000.0,6592103.0,6592103.0,0.1883458,0,0.0,48.0,63.0,-15.0,16693.0,17.37085861945369,15.701382975449375,9.722744748855389
8 Mile,2002-11-08,2002,11,Q4,2000-2004,Drama,Contemporary Fiction,R,Original Screenplay,Universal,Universal,41000000.0,116724075.0,242924075.0,5.92497743902439,1,0.5195038820256905,74.0,67.0,7.0,55877.0,17.529082624668582,19.30825950392293,10.93090812545872
Far From Heaven,2002-11-08,2002,11,Q4,2000-2004,Drama,Historical Fiction,PG-13,Original Screenplay,Focus Features,Focus Features,13500000.0,15901849.0,29027914.0,2.150215851851852,1,0.4521876770063464,89.0,75.0,14.0,20239.0,16.41820024340866,17.18376847671903,9.915366715066206
Ararat,2002-11-15,2002,11,Q4,2000-2004,Drama,Contemporary Fiction,R,Original Screenplay,Miramax,Miramax,15500000.0,1693000.0,1693000.0,0.10922580645161291,0,0.0,56.0,66.0,-10.0,6763.0,16.556350581889475,14.342012661115273,8.81922185757494
Revolution#9,2002-11-15,2002,11,Q4,2000-2004,Thriller/Suspense,Unknown,Unknown,Unknown,Unknown,Unknown,350000.0,9118.0,9118.0,0.026051428571428573,0,0.0,,73.0,,252.0,12.765688433465597,9.118005760773388,5.529429087511423
Half Past Dead,2002-11-15,2002,11,Q4,2000-2004,Action,Contemporary Fiction,PG-13,Original Screenplay,Sony Pictures,Sony Pictures,25000000.0,15567860.0,19233280.0,0.7693312,0,0.19057695827232796,2.0,41.0,-39.0,6909.0,17.034386382832476,16.772152669842768,8.840580188488795
Interview with the Assassin,2002-11-15,2002,11,Q4,2000-2004,Unknown,Unknown,R,Unknown,Unknown,Unknown,750000.0,47329.0,47329.0,0.06310533333333333,0,0.0,67.0,66.0,1.0,1107.0,13.527828485512494,10.76487849442862,7.009408932708637
El Crimen de Padre,2002-11-15,2002,11,Q4,2000-2004,Drama,Historical Fiction,R,Based on Book/Short Story,Goldwyn Entertainment,Other,1800000.0,5719000.0,5719000.0,3.1772222222222224,1,0.0,,,,,14.403297222866392,15.559304522897452,
Harry Potter and the Chamber of Secrets,2002-11-15,2002,11,Q4,2000-2004,Adventure,Fantasy,PG,Based on Book/Short Story,Warner Bros.,Warner Bros.,100000000.0,261987880.0,878987880.0,8.7898788,1,0.7019436946047538,82.0,72.0,10.0,120063.0,18.420680743952367,20.594281667158487,11.695771883999898
Die Another Day,2002-11-22,2002,11,Q4,2000-2004,Action,Contemporary Fiction,PG-13,Based on Book/Short Story,MGM,MGM,142000000.0,160942139.0,431942139.0,3.0418460492957746,1,0.6273988470478913,59.0,60.0,-1.0,67476.0,18.771337615565535,19.883802199737957,11.119527258080202
Friday After Next,2002-11-22,2002,11,Q4,2000-2004,Comedy,Contemporary Fiction,R,Original Screenplay,New Line,New Line,10000000.0,33253609.0,33526835.0,3.3526835,1,0.008149471908099885,25.0,53.0,-28.0,6742.0,16.11809565095832,17.32785672090628,8.816111895794005
The Quiet American,2002-11-22,2002,11,Q4,2000-2004,Drama,Historical Fiction,R,Based on Book/Short Story,Miramax,Miramax,20000000.0,12987647.0,12987647.0,0.64938235,0,0.0,87.0,72.0,15.0,14285.0,16.811242831518264,16.379509232901118,9.566965314664873
The Emperor's Club,2002-11-22,2002,11,Q4,2000-2004,Drama,Historical Fiction,PG-13,Based on Book/Short Story,Universal,Universal,12500000.0,14060950.0,16124074.0,1.28992592,1,0.1279530222944896,50.0,67.0,-17.0,8165.0,16.34123920227253,16.595823992640565,9.007612005404566
Extreme Ops,2002-11-27,2002,11,Q4,2000-2004,Action,Contemporary Fiction,PG-13,Original Screenplay,Paramount Pictures,Paramount Pictures,40000000.0,4835968.0,12624471.0,0.315611775,0,0.6169369789831194,6.0,41.0,-35.0,3195.0,17.50439001207821,16.351147631257728,8.069342366811636
Treasure Planet,2002-11-27,2002,11,Q4,2000-2004,Adventure,Kids Fiction,PG,Based on Book/Short Story,Walt Disney Pictures,Walt Disney Pictures,100000000.0,38120554.0,91800000.0,0.918,0,0.5847434204793028,69.0,66.0,3.0,12099.0,18.420680743952367,18.33512285559072,9.400878083541478
They,2002-11-27,2002,11,Q4,2000-2004,Horror,Contemporary Fiction,PG-13,Original Screenplay,Miramax/Dimension,Other,17000000.0,12840842.0,12840842.0,0.7553436470588235,0,0.0,37.0,46.0,-9.0,6550.0,16.64872390202049,16.368141430400044,8.787220328629298
Solaris,2002-11-27,2002,11,Q4,2000-2004,Drama,Science Fiction,PG-13,Remake,20th Century Fox,20th Century Fox,47000000.0,14970038.0,14970038.0,0.3185114468085106,0,0.0,65.0,62.0,3.0,33151.0,17.665658159674333,16.521561294802744,10.408828161071545
Rabbit-Proof Fence,2002-11-29,2002,11,Q4,2000-2004,Drama,Historical Fiction,PG,Based on Book/Short Story,Miramax,Miramax,7000000.0,6199600.0,16199600.0,2.3142285714285715,1,0.6172991925726561,87.0,76.0,11.0,13241.0,15.761420707019587,16.600497108539752,9.491073355339758
Empire,2002-12-06,2002,12,Q4,2000-2004,Drama,Contemporary Fiction,R,Original Screenplay,Universal,Universal,3500000.0,17504595.0,18495444.0,5.284412571428572,1,0.053572598743777115,21.0,65.0,-44.0,63.0,15.068273526459642,16.73303498944878,4.143134726391533
Analyze That,2002-12-06,2002,12,Q4,2000-2004,Comedy,Contemporary Fiction,R,Original Screenplay,Warner Bros.,Warner Bros.,60000000.0,32122249.0,54994757.0,0.9165792833333334,0,0.4159034287577632,27.0,56.0,-29.0,24090.0,17.909855120186375,17.822748411380086,10.089552095608918
Adaptation,2002-12-06,2002,12,Q4,2000-2004,Comedy,Contemporary Fiction,R,Based on Book/Short Story,Sony Pictures,Sony Pictures,18500000.0,22498520.0,22498520.0,1.2161362162162161,1,0.0,91.0,79.0,12.0,67135.0,16.733281290048552,16.928960087233417,11.114460796506808
Equilibrium,2002-12-06,2002,12,Q4,2000-2004,Action,Science Fiction,R,Original Screenplay,Miramax/Dimension,Other,20000000.0,1190018.0,5345869.0,0.26729345,0,0.7773948445051684,37.0,77.0,-40.0,86428.0,16.811242831518264,15.491834671078484,11.36706697636556
About Schmidt,2002-12-13,2002,12,Q4,2000-2004,Drama,Contemporary Fiction,R,Based on Book/Short Story,New Line,New Line,30000000.0,65005217.0,105823486.0,3.5274495333333333,1,0.3857203211014992,85.0,73.0,12.0,53760.0,17.216707939626428,18.477283037630603,10.89228497519703
Star Trek: Nemesis,2002-12-13,2002,12,Q4,2000-2004,Adventure,Science Fiction,PG-13,Based on TV,Paramount Pictures,Paramount Pictures,60000000.0,43254409.0,67312826.0,1.1218804333333334,1,0.35741207775172,,64.0,,28449.0,17.909855120186375,18.024861355951792,10.255868289551836
Maid in Manhattan,2002-12-13,2002,12,Q4,2000-2004,Romantic Comedy,Contemporary Fiction,PG-13,Original Screenplay,Sony Pictures,Sony Pictures,55000000.0,93932896.0,154832896.0,2.8151435636363638,1,0.3933272681278273,39.0,46.0,-7.0,30370.0,17.822843743196746,18.85785700300355,10.321210558039795
The Jimmy Show,2002-12-13,2002,12,Q4,2000-2004,Unknown,Unknown,R,Unknown,Unknown,Unknown,1000000.0,703.0,703.0,0.000703,0,0.0,40.0,51.0,-11.0,358.0,13.815510557964274,6.555356891810665,5.8805329864007
Drumline,2002-12-13,2002,12,Q4,2000-2004,Comedy,Contemporary Fiction,PG-13,Original Screenplay,20th Century Fox,20th Century Fox,20000000.0,56398162.0,56398162.0,2.8199081,1,0.0,81.0,52.0,29.0,18165.0,16.811242831518264,17.847947127284783,9.807251944655302
The Lord of the Rings: The Two Towers,2002-12-18,2002,12,Q4,2000-2004,Adventure,Fantasy,PG-13,Based on Book/Short Story,New Line,New Line,94000000.0,341784377.0,926284377.0,9.854089117021276,1,0.6310157166776872,,87.0,,326950.0,18.358805340234277,20.646691848055898,12.697562532989423
25th Hour,2002-12-19,2002,12,Q4,2000-2004,Drama,Contemporary Fiction,R,Based on Book/Short Story,Walt Disney Pictures,Walt Disney Pictures,4500000.0,13084595.0,23928503.0,5.317445111111111,1,0.4531795407343284,78.0,79.0,-1.0,58781.0,15.319587954740548,16.9905809004685,10.981573952417511
Antwone Fisher,2002-12-19,2002,12,Q4,2000-2004,Drama,Dramatization,PG-13,Based on Real Life Events,Fox Searchlight,Fox Searchlight,12500000.0,21078145.0,23367586.0,1.86940688,1,0.09797507538861738,79.0,73.0,6.0,13258.0,16.34123920227253,16.96686040635734,9.492356422801336
Narc,2002-12-20,2002,12,Q4,2000-2004,Thriller/Suspense,Contemporary Fiction,R,Original Screenplay,Paramount Pictures,Paramount Pictures,7500000.0,10465659.0,10465659.0,1.3954212,1,0.0,83.0,73.0,10.0,19248.0,15.830413578506539,16.163609883690395,9.86516243821446
Morvern Callar,2002-12-20,2002,12,Q4,2000-2004,Unknown,Unknown,R,Unknown,Unknown,Unknown,6000000.0,267194.0,267194.0,0.044532333333333333,0,0.0,84.0,64.0,20.0,3831.0,15.60727002719233,12.495730265302688,8.25088114470065
Gangs of New York,2002-12-20,2002,12,Q4,2000-2004,Drama,Historical Fiction,R,Original Screenplay,Miramax,Miramax,97000000.0,77730500.0,190400000.0,1.9628865979381442,1,0.591751575630252,75.0,74.0,1.0,113378.0,18.390221536467656,19.06463768032154,11.638482647927333
Two Weeks Notice,2002-12-20,2002,12,Q4,2000-2004,Romantic Comedy,Contemporary Fiction,PG-13,Original Screenplay,Warner Bros.,Warner Bros.,60000000.0,93354918.0,199043309.0,3.317388483333333,1,0.5309818829428725,42.0,58.0,-16.0,35515.0,17.909855120186375,19.109032992175933,10.47771042143191
The Wild Thornberrys,2002-12-20,2002,12,Q4,2000-2004,Adventure,Kids Fiction,PG,Based on TV,Paramount Pictures,Paramount Pictures,25000000.0,40108697.0,60694737.0,2.42778948,1,0.339173394885952,,67.0,,1104.0,17.034386382832476,17.921367547163538,7.00669522683704
Pinocchio,2002-12-25,2002,12,Q4,2000-2004,Adventure,Fantasy,G,Based on Book/Short Story,Miramax,Miramax,45000000.0,3681811.0,31681811.0,0.7040402444444445,0,0.883787861748181,,35.0,,3215.0,17.622173047734595,17.27125328868066,8.07558263667172
Catch Me if You Can,2002-12-25,2002,12,Q4,2000-2004,Drama,Dramatization,PG-13,Based on Book/Short Story,Dreamworks SKG,Dreamworks SKG,52000000.0,164606800.0,351106800.0,6.752053846153846,1,0.5311774081276694,96.0,57.0,39.0,224.0,17.7667542765457,19.676601008652618,5.4116460518550396
The Pianist,2002-12-27,2002,12,Q4,2000-2004,Drama,Dramatization,R,Based on Real Life Events,Focus Features,Focus Features,35000000.0,32519322.0,120000000.0,3.4285714285714284,1,0.72900565,,85.0,,134516.0,17.37085861945369,18.60300230074632,11.809438430056764
The Hours,2002-12-27,2002,12,Q4,2000-2004,Drama,Historical Fiction,PG-13,Based on Book/Short Story,Paramount Pictures,Paramount Pictures,25000000.0,41675994.0,108775994.0,4.35103976,1,0.6168640481465055,80.0,76.0,4.0,44618.0,17.034386382832476,18.504801224658433,10.705892644032595
Sonny,2002-12-27,2002,12,Q4,2000-2004,Unknown,Unknown,R,Unknown,Unknown,Unknown,4000000.0,17639.0,17639.0,0.00440975,0,0.0,23.0,57.0,-34.0,1941.0,15.201804919084164,9.777867638611477,7.57095858316901
Chicago,2002-12-27,2002,12,Q4,2000-2004,Musical,Historical Fiction,PG-13,Based on Musical/Opera,Miramax,Miramax,30000000.0,170687518.0,307687518.0,10.2562506,1,0.44525693109201786,88.0,72.0,16.0,82650.0,17.216707939626428,19.544595273983607,11.32237010324917
Nicholas Nickleby,2002-12-27,2002,12,Q4,2000-2004,Drama,Historical Fiction,PG,Based on Book/Short Story,United Artists,Other,10000000.0,1562800.0,1562800.0,0.15628,0,0.0,77.0,73.0,4.0,4968.0,16.11809565095832,14.261989642163053,8.510772623613315
Love Lisa,2002-12-30,2002,12,Q4,2000-2004,Drama,Unknown,R,Unknown,Unknown,Unknown,1000000.0,211724.0,211724.0,0.211724,0,0.0,,68.0,,4126.0,13.815510557964274,12.263038818670841,8.325063693631197
Confessions of a Dangerous Mind,2002-12-31,2002,12,Q4,2000-2004,Drama,Dramatization,R,Based on Book/Short Story,Miramax,Miramax,29000000.0,16007718.0,33013805.0,1.1384070689655172,1,0.5151204776304943,79.0,71.0,8.0,36258.0,17.182806387950748,17.312436365287095,10.498415325589614
Just Married,2003-01-10,2003,1,Q1,2000-2004,Romantic Comedy,Contemporary Fiction,PG-13,Original Screenplay,20th Century Fox,20th Century Fox,19000000.0,56127162.0,56127162.0,2.9540611578947367,1,0.0,20.0,51.0,-31.0,19508.0,16.759949537130716,17.8431304244429,9.878579916829944
The Slaughter Rule,2003-01-10,2003,1,Q1,2000-2004,Unknown,Unknown,R,Unknown,Unknown,Unknown,500000.0,13134.0,13134.0,0.026268,0,0.0,,60.0,,1136.0,13.122363377404328,9.482959566750917,7.035268599281097
Cidade de Deus,2003-01-17,2003,1,Q1,2000-2004,Drama,Contemporary Fiction,R,Based on Book/Short Story,Miramax,Miramax,3300000.0,7563397.0,28763397.0,8.716180909090909,1,0.7370478528666138,,88.0,,166897.0,15.009433026436708,17.17461419928015,12.025132134653147
Kangaroo Jack,2003-01-17,2003,1,Q1,2000-2004,Comedy,Kids Fiction,PG,Original Screenplay,Warner Bros.,Warner Bros.,60000000.0,66723216.0,90723216.0,1.5120536,1,0.2645408866458173,,41.0,,9994.0,17.909855120186375,18.32332384705084,9.20974019190415
A Guy Thing,2003-01-17,2003,1,Q1,2000-2004,Romantic Comedy,Contemporary Fiction,PG-13,Original Screenplay,MGM,MGM,20000000.0,15543862.0,17430594.0,0.8715297,0,0.10824255329451193,,55.0,,8147.0,16.811242831518264,16.67373749608936,9.005405040310642
Amen,2003-01-24,2003,1,Q1,2000-2004,Drama,Unknown,Not Rated,Based on Play,Kino International,Other,14000000.0,274299.0,274299.0,0.019592785714285715,0,0.0,,74.0,,5416.0,16.454567887579532,12.521974031275594,8.59711281459211
Darkness Falls,2003-01-24,2003,1,Q1,2000-2004,Horror,Fantasy,PG-13,Original Screenplay,Sony Pictures,Sony Pictures,7000000.0,32539681.0,32539681.0,4.648525857142857,1,0.0,8.0,46.0,-38.0,12771.0,15.761420707019587,17.297970856388122,9.454932254496262
The Guru,2003-01-31,2003,1,Q1,2000-2004,Comedy,Contemporary Fiction,R,Original Screenplay,Universal,Universal,11000000.0,3051221.0,23788368.0,2.162578909090909,1,0.8717347486805316,,55.0,,9239.0,16.213405830762646,16.984707279673827,9.131188933670746
Final Destination 2,2003-01-31,2003,1,Q1,2000-2004,Horror,Fantasy,R,Original Screenplay,New Line,New Line,26000000.0,46896664.0,89626226.0,3.4471625384615385,1,0.47675288704000546,47.0,64.0,-17.0,35737.0,17.073607095985757,18.311158536009465,10.483941845626783
The R.M.,2003-01-31,2003,1,Q1,2000-2004,Comedy,Contemporary Fiction,PG,Original Screenplay,Halestone,Other,500000.0,1111615.0,1111615.0,2.22323,1,0.0,64.0,55.0,9.0,449.0,13.122363377404328,13.921324470822054,6.1070228877422545
Shanghai Knights,2003-02-07,2003,2,Q1,2000-2004,Adventure,Historical Fiction,PG-13,Original Screenplay,Walt Disney Pictures,Walt Disney Pictures,50000000.0,60470220.0,60470220.0,1.2094044,1,0.0,66.0,62.0,4.0,24893.0,17.72753356339242,17.917661570410463,10.122341918431909
May,2003-02-07,2003,2,Q1,2000-2004,Unknown,Unknown,R,Unknown,Unknown,Unknown,1750000.0,145540.0,145540.0,0.08316571428571429,0,0.0,,58.0,,41.0,14.375126345899696,11.888206241901077,3.713572066704308
How to Lose a Guy in 10 Days,2003-02-07,2003,2,Q1,2000-2004,Romantic Comedy,Contemporary Fiction,PG-13,Based on Book/Short Story,Paramount Pictures,Paramount Pictures,50000000.0,105807520.0,177079973.0,3.54159946,1,0.40248737218860997,43.0,61.0,-18.0,33866.0,17.72753356339242,18.992112013354745,10.430166840225287
Gerry,2003-02-14,2003,2,Q1,2000-2004,Drama,Unknown,R,Unknown,ThinkFilm,Other,7000000.0,254683.0,254683.0,0.036383285714285715,0,0.0,,62.0,,8583.0,15.761420707019587,12.44777491354957,9.05753878171822
All the Real Girls,2003-02-14,2003,2,Q1,2000-2004,Drama,Unknown,R,Original Screenplay,Sony Pictures Classics,Sony Pictures Classics,1000000.0,549666.0,703020.0,0.70302,0,0.21813604164888623,71.0,71.0,0.0,5632.0,13.815510557964274,13.463140619890256,8.636219897837877
The Jungle Book 2,2003-02-14,2003,2,Q1,2000-2004,Adventure,Historical Fiction,G,Based on Book/Short Story,Walt Disney Pictures,Walt Disney Pictures,20000000.0,47901582.0,135703599.0,6.78517995,1,0.6470131790683017,19.0,52.0,-33.0,2740.0,16.811242831518264,18.72598364619253,7.9157131993821155
Daredevil,2003-02-14,2003,2,Q1,2000-2004,Action,Super Hero,PG-13,Based on Comic/Graphic Novel,20th Century Fox,20th Century Fox,80000000.0,102543518.0,179179718.0,2.239746475,1,0.4277057741546395,44.0,55.0,-11.0,63574.0,18.197537192638155,19.003899871296102,11.05995986071321
The Life of David Gale,2003-02-21,2003,2,Q1,2000-2004,Thriller/Suspense,Contemporary Fiction,R,Original Screenplay,Universal,Universal,50000000.0,19694635.0,28920188.0,0.57840376,0,0.3190004504811656,20.0,73.0,-53.0,37628.0,17.72753356339242,17.180050455925272,10.535503733091842
Old School,2003-02-21,2003,2,Q1,2000-2004,Comedy,Contemporary Fiction,R,Original Screenplay,Dreamworks SKG,Dreamworks SKG,24000000.0,75155000.0,86325829.0,3.5969095416666668,1,0.12940308977513554,60.0,70.0,-10.0,60477.0,16.99356438831222,18.273639404437777,11.010018406448534
Dark Blue,2003-02-21,2003,2,Q1,2000-2004,Drama,Contemporary Fiction,R,Original Screenplay,MGM,MGM,15000000.0,9237470.0,11933396.0,0.7955597333333333,0,0.2259144002260547,57.0,66.0,-9.0,10881.0,16.523560759066484,16.294851414085677,9.294773427951013
Gods and Generals,2003-02-21,2003,2,Q1,2000-2004,Drama,Historical Fiction,PG-13,Unknown,Warner Bros.,Warner Bros.,55000000.0,12882934.0,12923936.0,0.23498065454545455,0,0.0031725629096275316,8.0,60.0,-52.0,7437.0,17.822843743196746,16.374591653887027,8.9142228207033
Cradle 2 the Grave,2003-02-28,2003,2,Q1,2000-2004,Horror,Contemporary Fiction,R,Original Screenplay,Warner Bros.,Warner Bros.,25000000.0,34657731.0,56434942.0,2.25739768,1,0.3858816936500085,26.0,54.0,-28.0,14834.0,17.034386382832476,17.848599063640318,9.604677122296504
Poolhall Junkies,2003-02-28,2003,2,Q1,2000-2004,Drama,Contemporary Fiction,R,Original Screenplay,Gold Circle Films,Other,4000000.0,563711.0,563711.0,0.14092775,0,0.0,,68.0,,5233.0,15.201804919084164,13.242296987805119,8.562740006372207
Spider,2003-02-28,2003,2,Q1,2000-2004,Drama,Contemporary Fiction,R,Based on Book/Short Story,Sony Pictures Classics,Sony Pictures Classics,10000000.0,1641788.0,1641788.0,0.1641788,0,0.0,,78.0,,560.0,16.11809565095832,14.31129644981855,6.327936783729195
The Day the Earth Stood Still,2003-03-04,2003,3,Q1,2000-2004,Unknown,Unknown,Unknown,Unknown,Unknown,Unknown,1200000.0,3700000.0,3700000.0,3.0833333333333335,1,0.0,94.0,55.0,39.0,51517.0,13.997832114758229,15.123843377614453,10.849667129269148
Tears of the Sun,2003-03-07,2003,3,Q1,2000-2004,Action,Contemporary Fiction,R,Original Screenplay,Sony Pictures,Sony Pictures,75000000.0,43632458.0,85632458.0,1.1417661066666667,1,0.4904682287643781,34.0,64.0,-30.0,34304.0,18.132998671500584,18.265574951483543,10.443017244430473
Bringing Down the House,2003-03-07,2003,3,Q1,2000-2004,Comedy,Contemporary Fiction,PG-13,Original Screenplay,Walt Disney Pictures,Walt Disney Pictures,20000000.0,132675402.0,164675402.0,8.2337701,1,0.1943216753161471,34.0,54.0,-20.0,16242.0,16.811242831518264,18.919486833660056,9.695355758842355
Nowhere in Africa,2003-03-07,2003,3,Q1,2000-2004,Drama,Historical Fiction,R,Based on Book/Short Story,Zeitgeist,Other,6500000.0,6173485.0,6173485.0,0.9497669230769231,0,0.0,,,,,15.687312734865866,15.635774066246967,
Bend it Like Beckham,2003-03-12,2003,3,Q1,2000-2004,Drama,Contemporary Fiction,PG-13,Original Screenplay,Fox Searchlight,Fox Searchlight,5000000.0,32543449.0,76583333.0,15.3166666,1,0.5750583354735945,,69.0,,41052.0,15.424948470398375,18.153890026179404,10.622594834765605
Willard,2003-03-14,2003,3,Q1,2000-2004,Horror,Contemporary Fiction,PG-13,Remake,New Line,New Line,20000000.0,6882696.0,6882696.0,0.3441348,0,0.0,65.0,62.0,3.0,7702.0,16.811242831518264,15.744520993617382,8.949235314374855
Agent Cody Banks,2003-03-14,2003,3,Q1,2000-2004,Comedy,Kids Fiction,PG,Original Screenplay,MGM,MGM,25000000.0,47545060.0,58240458.0,2.32961832,1,0.18364206545216386,38.0,51.0,-13.0,9527.0,17.034386382832476,17.880090825832774,9.161885151706779
Spun,2003-03-14,2003,3,Q1,2000-2004,Unknown,Unknown,R,Unknown,Unknown,Unknown,4500000.0,410241.0,1022649.0,0.22725533333333334,0,0.5988447649193418,,66.0,,16011.0,15.319587954740548,13.837906877554174,9.681031265002055
The Hunted,2003-03-14,2003,3,Q1,2000-2004,Action,Contemporary Fiction,R,Original Screenplay,Paramount Pictures,Paramount Pictures,55000000.0,34234008.0,45016494.0,0.8184817090909091,0,0.23952300683389516,31.0,58.0,-27.0,18941.0,17.822843743196746,17.622539513910993,9.849084163656741
Down & Out with the Dolls,2003-03-21,2003,3,Q1,2000-2004,Unknown,Unknown,R,Unknown,Indican Pictures,Other,1200000.0,58936.0,58936.0,0.049113333333333335,0,0.0,,58.0,,75.0,13.997832114758229,10.98420738836265,4.31748811353631
Dreamcatcher,2003-03-21,2003,3,Q1,2000-2004,Drama,Science Fiction,R,Based on Book/Short Story,Warner Bros.,Warner Bros.,68000000.0,33685268.0,75685268.0,1.1130186470588235,1,0.5549296594946325,30.0,53.0,-23.0,34141.0,18.03501826314038,18.142094089164804,10.438254287073526
Boat Trip,2003-03-21,2003,3,Q1,2000-2004,Comedy,Contemporary Fiction,R,Original Screenplay,Artisan,Other,15000000.0,8586376.0,14933713.0,0.9955808666666667,0,0.42503408228080986,7.0,47.0,-40.0,13258.0,16.523560759066484,16.51913183250106,9.492356422801336
The Core,2003-03-28,2003,3,Q1,2000-2004,Action,Science Fiction,PG-13,Original Screenplay,Paramount Pictures,Paramount Pictures,85000000.0,31111260.0,74132631.0,0.8721486,0,0.580329747098818,42.0,53.0,-11.0,27375.0,18.258161814454592,18.12136635770685,10.217385467118802
Head of State,2003-03-28,2003,3,Q1,2000-2004,Comedy,Contemporary Fiction,PG-13,Original Screenplay,Dreamworks SKG,Dreamworks SKG,35200000.0,37788228.0,38283765.0,1.0876069602272727,1,0.012943789619437901,30.0,51.0,-21.0,8447.0,17.376556640568324,17.460536473944543,9.041566627727496
Raising Victor Vargas,2003-03-28,2003,3,Q1,2000-2004,Drama,Contemporary Fiction,R,Original Screenplay,Samuel Goldwyn Films,Other,800000.0,2073984.0,2811439.0,3.51429875,1,0.262305175392388,,71.0,,3719.0,13.592367006650065,14.849207009875782,8.22121009392507
Basic,2003-03-28,2003,3,Q1,2000-2004,Thriller/Suspense,Contemporary Fiction,R,Original Screenplay,Sony Pictures,Sony Pictures,50000000.0,26599248.0,42598498.0,0.85196996,0,0.37558249119487735,21.0,63.0,-42.0,25960.0,17.72753356339242,17.56732955240205,10.164312170818027
The Good Thief,2003-04-02,2003,4,Q2,2000-2004,Drama,Contemporary Fiction,R,Remake,Fox Searchlight,Fox Searchlight,30000000.0,3517797.0,3517797.0,0.1172599,0,0.0,78.0,,,,17.216707939626428,15.073345499374266,
DysFunkTional Family,2003-04-04,2003,4,Q2,2000-2004,Concert/Performance,Factual,R,Original Screenplay,Miramax,Miramax,3000000.0,2255000.0,2255000.0,0.7516666666666667,0,0.0,43.0,59.0,-16.0,501.0,14.914122846632385,14.628660530918916,6.2166061010848646
Phone Booth,2003-04-04,2003,4,Q2,2000-2004,Thriller/Suspense,Contemporary Fiction,R,Original Screenplay,20th Century Fox,20th Century Fox,11000000.0,46566212.0,97837138.0,8.894285272727272,1,0.5240435998853523,71.0,72.0,-1.0,68874.0,16.213405830762646,18.39881479707561,11.140034027293552
What a Girl Wants,2003-04-04,2003,4,Q2,2000-2004,Comedy,Contemporary Fiction,PG,Remake,Warner Bros.,Warner Bros.,25000000.0,35990505.0,35990505.0,1.4396202,1,0.0,34.0,57.0,-23.0,12561.0,17.034386382832476,17.398765711632237,9.438352054687252
A Man Apart,2003-04-04,2003,4,Q2,2000-2004,Action,Contemporary Fiction,R,Original Screenplay,New Line,New Line,36000000.0,26500000.0,44114828.0,1.225411888888889,1,0.3992949490815197,11.0,57.0,-46.0,14953.0,17.399029496420383,17.602306519730142,9.612667227583843
Better Luck Tomorrow,2003-04-11,2003,4,Q2,2000-2004,Drama,Contemporary Fiction,R,Original Screenplay,Paramount Pictures,Paramount Pictures,250000.0,3802390.0,3809226.0,15.236904,1,0.0017945902920960845,,71.0,,5959.0,12.429216196844383,15.152936576858908,8.69265796074698
Anger Management,2003-04-11,2003,4,Q2,2000-2004,Comedy,Contemporary Fiction,PG-13,Original Screenplay,Sony Pictures,Sony Pictures,56000000.0,135560942.0,195660942.0,3.493945392857143,1,0.30716401232495344,43.0,61.0,-18.0,57088.0,17.840862248699423,19.091893831456055,10.952349215939682
"House of 1,000 Corpses",2003-04-11,2003,4,Q2,2000-2004,Horror,Contemporary Fiction,R,Original Screenplay,Lionsgate,Lionsgate,7000000.0,12634962.0,16829545.0,2.404220714285714,1,0.24923923968235623,,55.0,,3311.0,15.761420707019587,16.63864653074509,8.105005537547246
The Young Unknowns,2003-04-11,2003,4,Q2,2000-2004,Unknown,Unknown,R,Unknown,Indican Pictures,Other,800000.0,58163.0,58163.0,0.07270375,0,0.0,,45.0,,98.0,13.592367006650065,10.971004692720294,4.584967478670572
A Mighty Wind,2003-04-16,2003,4,Q2,2000-2004,Comedy,Contemporary Fiction,PG-13,Original Screenplay,Warner Bros.,Warner Bros.,6000000.0,17583468.0,18552708.0,3.092118,1,0.052242508209583205,88.0,72.0,16.0,13602.0,15.60727002719233,16.73612632019061,9.517972119735584
Bulletproof Monk,2003-04-16,2003,4,Q2,2000-2004,Action,Fantasy,PG-13,Based on Comic/Graphic Novel,MGM,MGM,52000000.0,23010607.0,23010607.0,0.4425116730769231,0,0.0,22.0,52.0,-30.0,17130.0,17.7667542765457,16.95146584149846,9.748586591318166
Holes,2003-04-18,2003,4,Q2,2000-2004,Drama,Contemporary Fiction,PG,Based on Book/Short Story,Walt Disney Pictures,Walt Disney Pictures,20000000.0,67383924.0,72383924.0,3.6191962,1,0.06907611143048835,77.0,71.0,6.0,19388.0,16.811242831518264,18.097494788501585,9.872409596965266
Malibu's Most Wanted,2003-04-18,2003,4,Q2,2000-2004,Comedy,Contemporary Fiction,PG-13,Based on TV,Warner Bros.,Warner Bros.,15000000.0,34308901.0,34499204.0,2.2999469333333336,1,0.005516156256822621,30.0,48.0,-18.0,8159.0,16.523560759066484,17.356446809271645,9.0068768914288
The Real Cancun,2003-04-25,2003,4,Q2,2000-2004,Documentary,Factual,R,Based on TV,New Line,New Line,4000000.0,3816594.0,3816594.0,0.9541485,0,0.0,35.0,23.0,12.0,3211.0,15.201804919084164,15.154868959813854,8.074337694089515
City of Ghosts,2003-04-25,2003,4,Q2,2000-2004,Drama,Contemporary Fiction,R,Original Screenplay,MGM,MGM,17500000.0,325491.0,325491.0,0.018599485714285713,0,0.0,,59.0,,2880.0,16.67771143889374,12.693090090478913,7.965545573129992
Steal (Canadian Release),2003-04-25,2003,4,Q2,2000-2004,Unknown,Unknown,Not Rated,Unknown,Unknown,Unknown,15000000.0,220944.0,220944.0,0.0147296,0,0.0,,,,,16.523560759066484,12.305664554725132,
Identity,2003-04-25,2003,4,Q2,2000-2004,Thriller/Suspense,Contemporary Fiction,R,Original Screenplay,Sony Pictures,Sony Pictures,28000000.0,52131264.0,90231264.0,3.2225451428571428,1,0.42224832403988044,62.0,73.0,-11.0,57909.0,17.14771506813948,18.31788653251714,10.966628091895984
Confidence,2003-04-25,2003,4,Q2,2000-2004,Drama,Contemporary Fiction,R,Original Screenplay,Lionsgate,Lionsgate,15000000.0,12212417.0,12212417.0,0.8141611333333333,0,0.0,71.0,68.0,3.0,17111.0,16.523560759066484,16.31796377899483,9.747476810531971
People I Know,2003-04-25,2003,4,Q2,2000-2004,Unknown,Unknown,R,Unknown,Miramax,Miramax,20000000.0,121972.0,121972.0,0.0060986,0,0.0,,55.0,,6305.0,16.811242831518264,11.711546789177635,8.74909824839902
The Lizzie McGuire Movie,2003-05-02,2003,5,Q2,2000-2004,Comedy,Contemporary Fiction,PG,Based on TV,Walt Disney Pictures,Walt Disney Pictures,15000000.0,42734455.0,55534455.0,3.702297,1,0.23048754147312692,40.0,47.0,-7.0,10199.0,16.523560759066484,17.83251419690416,9.230044955250518
Owning Mahowny,2003-05-02,2003,5,Q2,2000-2004,Drama,Dramatization,R,Based on Book/Short Story,Sony Pictures Classics,Sony Pictures Classics,10000000.0,1011054.0,1011054.0,0.1011054,0,0.0,78.0,70.0,8.0,5789.0,16.11809565095832,13.826503909039122,8.663714844079005
X2,2003-05-02,2003,5,Q2,2000-2004,Action,Super Hero,PG-13,Based on Comic/Graphic Novel,20th Century Fox,20th Century Fox,125000000.0,214949694.0,407711549.0,3.261692392,1,0.4727897835437573,,78.0,,112320.0,18.643824295266576,19.826070494589647,11.629107219259637
Les invasions barbares,2003-05-09,2003,5,Q2,2000-2004,Drama,Contemporary Fiction,R,Original Screenplay,Miramax,Miramax,5000000.0,8460000.0,8460000.0,1.692,1,0.0,,78.0,,14322.0,15.424948470398375,15.950859731582407,9.569552095566886
Daddy Day Care,2003-05-09,2003,5,Q2,2000-2004,Comedy,Contemporary Fiction,PG,Original Screenplay,Sony Pictures,Sony Pictures,60000000.0,104148781.0,164285587.0,2.7380931166666667,1,0.36605040708775016,28.0,55.0,-27.0,14944.0,17.909855120186375,18.917116855483346,9.612065160468624
Dracula: Pages from a Virgin's Diary,2003-05-14,2003,5,Q2,2000-2004,Unknown,Unknown,Not Rated,Unknown,Unknown,Unknown,1100000.0,39659.0,84788.0,0.07708,0,0.5322569231495022,,70.0,,1013.0,13.9108207377686,11.347909302332628,6.920671504248683
The Matrix Reloaded,2003-05-15,2003,5,Q2,2000-2004,Action,Science Fiction,R,Original Screenplay,Warner Bros.,Warner Bros.,127000000.0,281553689.0,738576929.0,5.8155663700787406,1,0.6187889467638651,73.0,71.0,2.0,148874.0,18.659697644422867,20.420235823772487,11.910855589590541
L'auberge espagnole,2003-05-16,2003,5,Q2,2000-2004,Comedy,Contemporary Fiction,R,Original Screenplay,Fox Searchlight,Fox Searchlight,5900000.0,3895664.0,3895664.0,0.6602820338983051,0,0.0,,73.0,,15696.0,15.590462908875947,15.175374697725687,9.661161181805145
Bruce Almighty,2003-05-23,2003,5,Q2,2000-2004,Comedy,Fantasy,PG-13,Original Screenplay,Universal,Universal,81000000.0,242704995.0,485004995.0,5.987715987654321,1,0.49958248368143093,48.0,66.0,-18.0,92494.0,18.209959712636714,19.999669747817794,11.434899056531835
The Italian Job,2003-05-30,2003,5,Q2,2000-2004,Adventure,Contemporary Fiction,PG-13,Remake,Paramount Pictures,Paramount Pictures,60000000.0,106126012.0,175826012.0,2.9304335333333333,1,0.3964146101431226,73.0,69.0,4.0,76835.0,17.909855120186375,18.98500549586481,11.249415544489432
Finding Nemo,2003-05-30,2003,5,Q2,2000-2004,Adventure,Kids Fiction,G,Original Screenplay,Walt Disney Pictures,Walt Disney Pictures,94000000.0,339714978.0,867894287.0,9.232917946808511,1,0.6085756259851955,98.0,82.0,16.0,165006.0,18.358805340234277,20.581580476037214,12.013737115857941
Wrong Turn,2003-05-30,2003,5,Q2,2000-2004,Horror,Contemporary Fiction,R,Original Screenplay,20th Century Fox,20th Century Fox,10000000.0,15417771.0,28649556.0,2.8649556,1,0.4618495658362035,40.0,58.0,-18.0,119.0,16.11809565095832,17.170648503622736,4.77912349311153
2 Fast 2 Furious,2003-06-06,2003,6,Q2,2000-2004,Action,Contemporary Fiction,PG-13,Based on Magazine Article,Universal,Universal,76000000.0,127120058.0,236220058.0,3.108158657894737,1,0.4618574769802148,36.0,51.0,-15.0,44151.0,18.146243898250606,19.28027437768177,10.695370855832223
Whale Rider,2003-06-06,2003,6,Q2,2000-2004,Drama,Contemporary Fiction,PG-13,Based on Book/Short Story,Palm Pictures,Other,4300000.0,20779666.0,38833352.0,9.031012093023255,1,0.4649015619357299,90.0,77.0,13.0,21814.0,15.27412558066379,17.4747900229885,9.990307244488688
Tycoon,2003-06-13,2003,6,Q2,2000-2004,Unknown,Unknown,Not Rated,Unknown,Unknown,Unknown,5000000.0,121016.0,121016.0,0.0242032,0,0.0,,60.0,,456.0,15.424948470398375,11.703678047242036,6.1224928095143865
The Heart of Me,2003-06-13,2003,6,Q2,2000-2004,Unknown,Unknown,R,Unknown,Unknown,Unknown,7000000.0,196067.0,196067.0,0.02800957142857143,0,0.0,,63.0,,1342.0,15.761420707019587,12.186211716534483,7.201916317531627
Hollywood Homicide,2003-06-13,2003,6,Q2,2000-2004,Action,Contemporary Fiction,PG-13,Original Screenplay,Sony/Columbia,Other,75000000.0,30207785.0,51107785.0,0.6814371333333333,0,0.4089396556708533,30.0,52.0,-22.0,16452.0,18.132998671500584,17.7494473919067,9.708202329350314
Rugrats Go Wild,2003-06-13,2003,6,Q2,2000-2004,Adventure,Kids Fiction,PG,Based on TV,Paramount Pictures,Paramount Pictures,25000000.0,39402572.0,55443032.0,2.21772128,1,0.2893142640539572,40.0,50.0,-10.0,1847.0,17.034386382832476,17.830866601105182,7.52131798019924
Dumb and Dumberer: When Harry Met Lloyd,2003-06-13,2003,6,Q2,2000-2004,Comedy,Contemporary Fiction,PG-13,Original Screenplay,New Line,New Line,30000000.0,26214846.0,26214846.0,0.8738282,0,0.0,10.0,33.0,-23.0,14813.0,17.216707939626428,17.08183644947218,9.603260452582052
From Justin to Kelly,2003-06-20,2003,6,Q2,2000-2004,Musical,Contemporary Fiction,PG,Based on TV,20th Century Fox,20th Century Fox,12000000.0,4922166.0,4922166.0,0.4101805,0,0.0,8.0,16.0,-8.0,17596.0,16.300417207752275,15.409259235492016,9.77542688246861
Hulk,2003-06-20,2003,6,Q2,2000-2004,Action,Super Hero,PG-13,Based on Comic/Graphic Novel,Universal,Universal,137000000.0,132177234.0,245360480.0,1.790952408759124,1,0.46129370956561544,62.0,57.0,5.0,70844.0,18.735491483792398,19.318239034077454,11.168235555576523
The Legend of Suriyothai,2003-06-20,2003,6,Q2,2000-2004,Unknown,Unknown,R,Unknown,Unknown,Unknown,9000000.0,454255.0,454255.0,0.050472777777777776,0,0.0,,,,,16.012735135300492,13.02641399335249,
Alex & Emma,2003-06-20,2003,6,Q2,2000-2004,Drama,Contemporary Fiction,PG-13,Original Screenplay,Warner Bros.,Warner Bros.,30000000.0,14208384.0,15358583.0,0.5119527666666667,0,0.0748896561616394,11.0,54.0,-43.0,6539.0,17.216707939626428,16.5471850288241,8.785539527561276
Charlie's Angels: Full Throttle,2003-06-27,2003,6,Q2,2000-2004,Action,Contemporary Fiction,PG-13,Based on TV,Sony Pictures,Sony Pictures,120000000.0,100814328.0,227200000.0,1.8933333333333333,1,0.5562749647887324,,47.0,,43942.0,18.60300230074632,19.24134124481127,10.690625861516315
28 Days Later...,2003-06-27,2003,6,Q2,2000-2004,Horror,Science Fiction,R,Original Screenplay,Fox Searchlight,Fox Searchlight,15000000.0,45064915.0,82719885.0,5.514659,1,0.45521061834164783,89.0,76.0,13.0,103525.0,16.523560759066484,18.23097057849132,11.547568408413769
Terminator 3: Rise of the Machines,2003-07-01,2003,7,Q3,2000-2004,Action,Science Fiction,R,Original Screenplay,Warner Bros.,Warner Bros.,170000000.0,150358296.0,433058296.0,2.5474017411764707,1,0.6527989478811416,,66.0,,107667.0,18.951308995014536,19.88638290969904,11.586798409507123
Sinbad: Legend of the Seven Seas,2003-07-02,2003,7,Q3,2000-2004,Adventure,Kids Fiction,PG,Traditional/Legend/Fairytale,Dreamworks SKG,Dreamworks SKG,60000000.0,26483452.0,80767884.0,1.3461314,1,0.6721041744760826,,66.0,,7895.0,17.909855120186375,18.207089969229575,8.973984926689743
"Legally Blonde 2: Red, White & Blonde",2003-07-02,2003,7,Q3,2000-2004,Comedy,Contemporary Fiction,PG,Original Screenplay,MGM,MGM,25000000.0,90639088.0,125339088.0,5.01356352,1,0.27684899063570656,,,,,17.034386382832476,18.64653332652562,
Swimming Pool,2003-07-04,2003,7,Q3,2000-2004,Thriller/Suspense,Contemporary Fiction,R,Original Screenplay,Focus Features,Focus Features,7800000.0,10130108.0,22441323.0,2.8770926923076923,1,0.5485957757481589,84.0,68.0,16.0,19992.0,15.86963429165982,16.926414594100113,9.903087472514787
Pirates of the Caribbean: The Curse of the Black Pearl,2003-07-09,2003,7,Q3,2000-2004,Adventure,Fantasy,PG-13,Disney Ride,Walt Disney Pictures,Walt Disney Pictures,125000000.0,305411224.0,655011224.0,5.240089792,1,0.5337313120606922,,80.0,,232719.0,18.643824295266576,20.300162929330572,12.35758699615057
The League of Extraordinary Gentlemen,2003-07-11,2003,7,Q3,2000-2004,Adventure,Super Hero,PG-13,Based on Comic/Graphic Novel,20th Century Fox,20th Century Fox,78000000.0,66465204.0,179265204.0,2.2982718461538463,1,0.6292353311354277,17.0,55.0,-38.0,50710.0,18.172219384653864,19.004376853930665,10.833878408789065
The Journey,2003-07-11,2003,7,Q3,2000-2004,Unknown,Unknown,Not Rated,Unknown,Unknown,Unknown,500000.0,19800.0,19800.0,0.0396,0,0.0,,44.0,,74.0,13.122363377404328,9.893437216682626,4.30406509320417
Northfork,2003-07-11,2003,7,Q3,2000-2004,Drama,Historical Fiction,PG-13,Original Screenplay,Paramount Vantage,Other,1900000.0,1420578.0,1445140.0,0.7606,0,0.0169962771772977,57.0,63.0,-6.0,3776.0,14.457364444136669,14.183716760648691,8.236420527265391
Johnny English,2003-07-18,2003,7,Q3,2000-2004,Comedy,Contemporary Fiction,PG,Original Screenplay,Universal,Universal,45000000.0,28013509.0,160323929.0,3.5627539777777777,1,0.8252693208385631,33.0,58.0,-25.0,29246.0,17.622173047734595,18.892706882796006,10.283498091171824
Bad Boys II,2003-07-18,2003,7,Q3,2000-2004,Action,Contemporary Fiction,R,Original Screenplay,Sony Pictures,Sony Pictures,130000000.0,138540870.0,272940870.0,2.099545153846154,1,0.4924143460083497,24.0,62.0,-38.0,58002.0,18.683045008419857,19.4247657362829,10.96823277169266
Dirty Pretty Things,2003-07-18,2003,7,Q3,2000-2004,Drama,Contemporary Fiction,R,Original Screenplay,Miramax,Miramax,10000000.0,8112414.0,13904766.0,1.3904766,1,0.4165731375846239,,75.0,,18554.0,16.11809565095832,16.44774221702964,9.828440678213218
How to Deal,2003-07-18,2003,7,Q3,2000-2004,Drama,Contemporary Fiction,PG-13,Based on Book/Short Story,New Line,New Line,16000000.0,14108518.0,14108518.0,0.881782375,0,0.0,29.0,54.0,-25.0,5292.0,16.588099280204055,16.462289286420486,8.573951525234847
This Thing of Ours,2003-07-18,2003,7,Q3,2000-2004,Drama,Unknown,Not Rated,Unknown,Unknown,Unknown,2000000.0,37227.0,37227.0,0.0186135,0,0.0,,52.0,,316.0,14.508657738524219,10.524789583442729,5.755742213586912
Masked and Anonymous,2003-07-24,2003,7,Q3,2000-2004,Drama,Unknown,PG-13,Original Screenplay,Sony Pictures,Sony Pictures,7500000.0,533344.0,533344.0,0.07111253333333334,0,0.0,25.0,53.0,-28.0,2762.0,15.830413578506539,13.186921898341902,7.923710333969238
Lara Croft: Tomb Raider: The Cradle of Life,2003-07-25,2003,7,Q3,2000-2004,Adventure,Contemporary Fiction,PG-13,Based on Game,Paramount Pictures,Paramount Pictures,90000000.0,65653758.0,156453758.0,1.738375088888889,1,0.5803631767029847,,52.0,,32832.0,18.31532022829454,18.868271048244498,10.399158928530442
Spy Kids 3-D: Game Over,2003-07-25,2003,7,Q3,2000-2004,Adventure,Kids Fiction,PG,Original Screenplay,Miramax/Dimension,Other,40000000.0,111760631.0,167851995.0,4.196299875,1,0.3341715658488301,,41.0,,12352.0,17.50439001207821,18.938593166931838,9.421573272264558
Seabiscuit,2003-07-25,2003,7,Q3,2000-2004,Drama,Historical Fiction,PG-13,Based on Book/Short Story,Universal,Universal,86000000.0,120277854.0,148336445.0,1.7248423837209301,1,0.18915507244359267,77.0,74.0,3.0,31033.0,18.269857854217783,18.81499352877047,10.342806433400801
Buffalo Soldiers,2003-07-25,2003,7,Q3,2000-2004,Comedy,Historical Fiction,R,Based on Book/Short Story,Miramax,Miramax,15000000.0,353743.0,353743.0,0.023582866666666667,0,0.0,,69.0,,13510.0,16.523560759066484,12.776325939757934,9.511185430954244
Mondays in the Sun,2003-07-25,2003,7,Q3,2000-2004,Unknown,Unknown,R,Unknown,Unknown,Unknown,4000000.0,146402.0,146402.0,0.0366005,0,0.0,,,,,15.201804919084164,11.894111541618221,
American Wedding,2003-08-01,2003,8,Q3,2000-2004,Comedy,Contemporary Fiction,R,Original Screenplay,Universal,Universal,55000000.0,104354205.0,126425115.0,2.2986384545454546,1,0.1745769422475906,56.0,61.0,-5.0,52210.0,17.822843743196746,18.65516071456012,10.863029326404599
Gigli,2003-08-01,2003,8,Q3,2000-2004,Romantic Comedy,Contemporary Fiction,R,Original Screenplay,Sony Pictures,Sony Pictures,54000000.0,6087542.0,7266209.0,0.13455942592592593,0,0.16221209711969475,6.0,24.0,-18.0,29031.0,17.80449460452855,15.798745255456405,10.276119503549053
Freaky Friday,2003-08-06,2003,8,Q3,2000-2004,Comedy,Contemporary Fiction,PG,Remake,Walt Disney Pictures,Walt Disney Pictures,26000000.0,110222438.0,160822438.0,6.185478384615385,1,0.3146327131292463,88.0,65.0,23.0,29137.0,17.073607095985757,18.89581144477536,10.279764123179618
S.W.A.T.,2003-08-08,2003,8,Q3,2000-2004,Action,Contemporary Fiction,PG-13,Based on TV,Sony Pictures,Sony Pictures,70000000.0,116877597.0,198100000.0,2.83,1,0.4100070822816759,48.0,59.0,-11.0,43260.0,18.064005800013632,19.104282511668778,10.67498369950705
Open Range,2003-08-15,2003,8,Q3,2000-2004,Western,Historical Fiction,R,Based on Book/Short Story,Walt Disney Pictures,Walt Disney Pictures,26000000.0,58328680.0,68293719.0,2.6266815,1,0.14591442882177788,79.0,75.0,4.0,26438.0,17.073607095985757,18.03932835837961,10.182557648139346
American Splendor,2003-08-15,2003,8,Q3,2000-2004,Drama,Contemporary Fiction,R,Based on Comic/Graphic Novel,Fine Line,Other,2000000.0,6003587.0,7978681.0,3.9893405,1,0.2475464302934282,94.0,76.0,18.0,23686.0,14.508657738524219,15.892283667543836,10.07263943528144
Freddy vs. Jason,2003-08-15,2003,8,Q3,2000-2004,Horror,Contemporary Fiction,R,Spin-Off,New Line,New Line,25000000.0,82622655.0,114326122.0,4.57304488,1,0.2773072894049533,41.0,58.0,-17.0,39182.0,17.034386382832476,18.554565641586628,10.575972736647978
Thirteen,2003-08-20,2003,8,Q3,2000-2004,Drama,Contemporary Fiction,R,Original Screenplay,Fox Searchlight,Fox Searchlight,2000000.0,4601043.0,6302406.0,3.151203,1,0.26995452213011983,,70.0,,31482.0,14.508657738524219,15.656442023216604,10.357171232914768
My Boss's Daughter,2003-08-22,2003,8,Q3,2000-2004,Romantic Comedy,Contemporary Fiction,PG-13,Original Screenplay,Miramax/Dimension,Other,14000000.0,15549702.0,15549702.0,1.110693,1,0.0,9.0,43.0,-34.0,10919.0,16.454567887579532,16.559552032418747,9.298259670014065
The Medallion,2003-08-22,2003,8,Q3,2000-2004,Comedy,Fantasy,PG-13,Original Screenplay,Sony Pictures,Sony Pictures,41000000.0,22108977.0,22108977.0,0.5392433414634147,0,0.0,18.0,47.0,-29.0,10121.0,17.529082624668582,16.911494283106485,9.222367752188902
The Battle of Shaker Heights,2003-08-22,2003,8,Q3,2000-2004,Comedy,Unknown,PG-13,Original Screenplay,Miramax,Miramax,1000000.0,280351.0,280351.0,0.280351,0,0.0,43.0,61.0,-18.0,2524.0,13.815510557964274,12.543797668515316,7.8336002236611035
Marci X,2003-08-22,2003,8,Q3,2000-2004,Comedy,Contemporary Fiction,R,Original Screenplay,Paramount Pictures,Paramount Pictures,20000000.0,1646664.0,1646664.0,0.0823332,0,0.0,10.0,24.0,-14.0,3449.0,16.811242831518264,14.314261981061486,8.145839612936841
Civil Brand,2003-08-29,2003,8,Q3,2000-2004,Drama,Contemporary Fiction,R,Original Screenplay,Lionsgate,Lionsgate,500000.0,254293.0,254293.0,0.508586,0,0.0,,49.0,,340.0,13.122363377404328,12.446242424487895,5.8289456176102075
Jeepers Creepers II,2003-08-29,2003,8,Q3,2000-2004,Horror,Fantasy,R,Original Screenplay,MGM,MGM,25000000.0,35623801.0,35623801.0,1.42495204,1,0.0,,53.0,,15975.0,17.034386382832476,17.388524539846358,9.678780279245736
Dickie Roberts: Former Child Star,2003-09-05,2003,9,Q3,2000-2004,Comedy,Contemporary Fiction,PG-13,Original Screenplay,Paramount Pictures,Paramount Pictures,17000000.0,22734486.0,23734486.0,1.3961462352941176,1,0.04213278518018043,,55.0,,6949.0,16.64872390202049,16.982439653950465,8.846353043314327
The Order,2003-09-05,2003,9,Q3,2000-2004,Thriller/Suspense,Contemporary Fiction,R,Original Screenplay,20th Century Fox,20th Century Fox,35000000.0,7659747.0,11559747.0,0.3302784857142857,0,0.337377625998216,,49.0,,9119.0,17.37085861945369,16.26303953515586,9.118115427933665
"The Book of Mormon Movie, Volume 1: The Journey",2003-09-12,2003,9,Q3,2000-2004,Drama,Historical Fiction,PG,Based on Book/Short Story,Distributor Unknown,Other,2000000.0,1660865.0,1660865.0,0.8304325,0,0.0,,,,,14.508657738524219,14.322849108952777,
Lost in Translation,2003-09-12,2003,9,Q3,2000-2004,Drama,Contemporary Fiction,R,Original Screenplay,Focus Features,Focus Features,4000000.0,44585453.0,106454000.0,26.6135,1,0.5811763484697616,94.0,79.0,15.0,130998.0,15.201804919084164,18.483223524924703,11.782937334891171
Cabin Fever,2003-09-12,2003,9,Q3,2000-2004,Horror,Contemporary Fiction,R,Original Screenplay,Lionsgate,Lionsgate,1500000.0,21158188.0,30553394.0,20.368929333333334,1,0.30750122228646676,,54.0,,28417.0,14.22097566607244,17.234986333974124,10.254742836614135
Once Upon a Time in Mexico,2003-09-12,2003,9,Q3,2000-2004,Action,Contemporary Fiction,R,Original Screenplay,Sony Pictures,Sony Pictures,29000000.0,56330657.0,98156459.0,3.3847054827586205,1,0.4261135989023402,68.0,62.0,6.0,54413.0,17.182806387950748,18.402073283959126,10.904358374883346
Underworld,2003-09-19,2003,9,Q3,2000-2004,Action,Contemporary Fiction,R,Original Screenplay,Sony Pictures,Sony Pictures,22000000.0,51970690.0,95708457.0,4.350384409090909,1,0.4569895740770327,30.0,67.0,-37.0,65690.0,16.90655301132259,18.376817222424748,11.092701985886519
Secondhand Lions,2003-09-19,2003,9,Q3,2000-2004,Drama,Historical Fiction,PG,Original Screenplay,New Line,New Line,30000000.0,42023715.0,47855342.0,1.5951780666666666,1,0.12185947809128603,60.0,75.0,-15.0,19040.0,17.216707939626428,17.68369331017526,9.854297308345357
Anything Else,2003-09-19,2003,9,Q3,2000-2004,Romantic Comedy,Contemporary Fiction,R,Original Screenplay,Dreamworks SKG,Dreamworks SKG,18000000.0,3203044.0,13203044.0,0.7335024444444445,0,0.7574010962926429,40.0,64.0,-24.0,13010.0,16.70588231586044,16.395957967031716,9.47347357150655
Bubba Ho-Tep,2003-09-19,2003,9,Q3,2000-2004,Comedy,Fantasy,R,Based on Book/Short Story,Vitagraph Films,Other,1000000.0,1239183.0,1239183.0,1.239183,1,0.0,,73.0,,23110.0,13.815510557964274,14.029962849462613,10.048020703268426
Luther,2003-09-26,2003,9,Q3,2000-2004,Drama,Historical Fiction,PG-13,Based on Real Life Events,RS Entertainment,Other,35000000.0,5781086.0,29465190.0,0.8418625714285715,0,0.8037994664212245,44.0,68.0,-24.0,5909.0,17.37085861945369,17.198720124561884,8.684231891345675
Duplex,2003-09-26,2003,9,Q3,2000-2004,Comedy,Contemporary Fiction,PG-13,Original Screenplay,Miramax,Miramax,40000000.0,9652000.0,10070651.0,0.251766275,0,0.04157139394464171,,57.0,,19238.0,17.50439001207821,16.125135910072913,9.86464276871256
The Rundown,2003-09-26,2003,9,Q3,2000-2004,Action,Contemporary Fiction,PG-13,Original Screenplay,Universal,Universal,85000000.0,47641743.0,80831893.0,0.9509634470588235,0,0.41060711024050867,,66.0,,30855.0,18.258161814454592,18.20788216095825,10.337054090755167
My Life Without Me,2003-09-26,2003,9,Q3,2000-2004,Unknown,Unknown,R,Unknown,Sony Pictures,Sony Pictures,2500000.0,432360.0,9476113.0,3.7904452,1,0.9543736973166107,64.0,76.0,-12.0,11022.0,14.73180128983843,16.064284769052524,9.307648554443182
The Gospel of John,2003-09-26,2003,9,Q3,2000-2004,Drama,Dramatization,PG-13,Original Screenplay,ThinkFilm,Other,11000000.0,4068087.0,4068087.0,0.3698260909090909,0,0.0,,,,,16.213405830762646,15.21868342235258,
Wonderland,2003-10-03,2003,10,Q4,2000-2004,Drama,Dramatization,R,Based on Real Life Events,Lionsgate,Lionsgate,5500000.0,1060512.0,1060512.0,0.19282036363636362,0,0.0,35.0,66.0,-31.0,11966.0,15.520258650202699,13.874262368340112,9.389824573949976
The Station Agent,2003-10-03,2003,10,Q4,2000-2004,Drama,Contemporary Fiction,R,Original Screenplay,Miramax,Miramax,500000.0,5801558.0,7773824.0,15.547648,1,0.25370602678938964,95.0,78.0,17.0,22274.0,13.122363377404328,15.866272750570237,10.011175357953045
Sur Le Seuil,2003-10-03,2003,10,Q4,2000-2004,Drama,Contemporary Fiction,Not Rated,Based on Book/Short Story,Alliance,Other,2500000.0,2013052.0,2013052.0,0.8052208,0,0.0,,67.0,,585.0,14.73180128983843,14.515162536379691,6.371611847231857
The Work and the Story,2003-10-03,2003,10,Q4,2000-2004,Comedy,Unknown,Not Rated,Unknown,Off-Hollywood Distribution,Other,103000.0,16137.0,16137.0,0.15666990291262137,0,0.0,,51.0,,82.0,11.542484267211773,9.688870050941352,4.406719247264253
The School of Rock,2003-10-03,2003,10,Q4,2000-2004,Comedy,Contemporary Fiction,PG-13,Original Screenplay,Paramount Pictures,Paramount Pictures,20000000.0,81261177.0,131161177.0,6.55805885,1,0.3804479430677875,,72.0,,63188.0,16.811242831518264,18.691937483672948,11.053869688688987
Out of Time,2003-10-03,2003,10,Q4,2000-2004,Thriller/Suspense,Contemporary Fiction,PG-13,Original Screenplay,MGM,MGM,50000000.0,41083108.0,55489826.0,1.10979652,1,0.25962809831121114,65.0,49.0,16.0,151.0,17.72753356339242,17.83171024659704,5.017279836814924
Mystic River,2003-10-08,2003,10,Q4,2000-2004,Drama,Contemporary Fiction,R,Based on Book/Short Story,Warner Bros.,Warner Bros.,30000000.0,90135191.0,156835191.0,5.2278397,1,0.4252872048340222,87.0,80.0,7.0,119484.0,17.216707939626428,18.87070607309736,11.690937750176085
The House of the Dead,2003-10-10,2003,10,Q4,2000-2004,Horror,Contemporary Fiction,R,Based on Game,Artisan,Other,7000000.0,10199354.0,13767816.0,1.9668308571428572,1,0.2591886759671977,,65.0,,5541.0,15.761420707019587,16.43784425246114,8.61993026886735
Good Boy!,2003-10-10,2003,10,Q4,2000-2004,Comedy,Kids Fiction,PG,Based on Book/Short Story,MGM,MGM,17000000.0,37667746.0,45312217.0,2.665424529411765,1,0.16870662055665914,45.0,50.0,-5.0,1961.0,16.64872390202049,17.629087245042424,7.581209826196346
Intolerable Cruelty,2003-10-10,2003,10,Q4,2000-2004,Romantic Comedy,Contemporary Fiction,PG-13,Original Screenplay,Universal,Universal,60000000.0,35327628.0,121327628.0,2.0221271333333335,1,0.7088245391231088,75.0,64.0,11.0,36323.0,17.909855120186375,18.614005113849316,10.500206428423052
Kill Bill: Volume 1,2003-10-10,2003,10,Q4,2000-2004,Action,Contemporary Fiction,R,Original Screenplay,Miramax,Miramax,55000000.0,70098138.0,180098138.0,3.2745116,1,0.6107781081001515,85.0,82.0,3.0,231761.0,17.822843743196746,19.00901247139202,12.353461947242346
The Flower of Evil,2003-10-10,2003,10,Q4,2000-2004,Unknown,Unknown,R,Unknown,Unknown,Unknown,6000000.0,181798.0,181798.0,0.030299666666666666,0,0.0,64.0,,,,15.60727002719233,12.110651459564894,
The Texas Chainsaw Massacre,2003-10-17,2003,10,Q4,2000-2004,Horror,Historical Fiction,R,Remake,New Line,New Line,9000000.0,80571655.0,107071655.0,11.896850555555556,1,0.24749780882718214,36.0,61.0,-25.0,39172.0,16.012735135300492,18.48900884119254,10.575717484840686
Pieces of April,2003-10-17,2003,10,Q4,2000-2004,Comedy,Contemporary Fiction,PG-13,Original Screenplay,MGM,MGM,300000.0,2528664.0,3284124.0,10.94708,1,0.23003394512509273,85.0,72.0,13.0,12153.0,12.611537753638338,15.004610507672304,9.4053313318708
Veronica Guerin,2003-10-17,2003,10,Q4,2000-2004,Drama,Dramatization,R,Based on Real Life Events,Walt Disney Pictures,Walt Disney Pictures,17000000.0,1569918.0,9438074.0,0.5551808235294118,0,0.8336611897724049,54.0,68.0,-14.0,8778.0,16.64872390202049,16.060262491881936,9.080003870248179
In the Cut,2003-10-22,2003,10,Q4,2000-2004,Thriller/Suspense,Contemporary Fiction,R,Based on Book/Short Story,Sony Pictures,Sony Pictures,12000000.0,4717455.0,23693646.0,1.9744705,1,0.8008978862940722,34.0,52.0,-18.0,11590.0,16.300417207752275,16.980717468893967,9.357897936333798
The Singing Detective,2003-10-24,2003,10,Q4,2000-2004,Comedy,Contemporary Fiction,R,Based on TV,Paramount Pictures,Paramount Pictures,8000000.0,336456.0,524747.0,0.065593375,0,0.35882244205302744,38.0,56.0,-18.0,4441.0,15.89495209964411,13.170671520658438,8.398634855292102
Beyond Borders,2003-10-24,2003,10,Q4,2000-2004,Drama,Historical Fiction,R,Original Screenplay,Paramount Pictures,Paramount Pictures,60000000.0,4426297.0,11427090.0,0.1904515,0,0.6126488021009724,14.0,62.0,-48.0,9575.0,17.909855120186375,16.251497410180797,9.166910814048848
Scary Movie 3,2003-10-24,2003,10,Q4,2000-2004,Comedy,Contemporary Fiction,PG-13,Original Screenplay,Miramax/Dimension,Other,45000000.0,110000082.0,155200000.0,3.448888888888889,1,0.29123658505154637,37.0,54.0,-17.0,42829.0,17.622173047734595,18.86022516571339,10.664970722216369
The Party's Over,2003-10-24,2003,10,Q4,2000-2004,Unknown,Unknown,Unknown,Unknown,Film Movement,Other,1000000.0,0.0,0.0,0.0,0,,,,,,13.815510557964274,,
Radio,2003-10-24,2003,10,Q4,2000-2004,Drama,Dramatization,PG,Based on Real Life Events,Sony Pictures,Sony Pictures,35000000.0,52333738.0,53293628.0,1.5226750857142857,1,0.01801134649718349,35.0,69.0,-34.0,12070.0,17.37085861945369,17.79132733227086,9.398478314091577
Shattered Glass,2003-10-31,2003,10,Q4,2000-2004,Drama,Dramatization,PG-13,Based on Real Life Events,Lionsgate,Lionsgate,6000000.0,2207975.0,2932719.0,0.4887865,0,0.24712357372117819,91.0,74.0,17.0,14575.0,15.60727002719233,14.891440537028238,9.587063011218692
The Matrix Revolutions,2003-11-05,2003,11,Q4,2000-2004,Action,Science Fiction,R,Original Screenplay,Warner Bros.,Warner Bros.,110000000.0,139259759.0,424259759.0,3.8569069,1,0.6717582659070902,37.0,65.0,-28.0,123347.0,18.51599092375669,19.865856464760423,11.722756800624044
Love Actually,2003-11-07,2003,11,Q4,2000-2004,Romantic Comedy,Contemporary Fiction,R,Original Screenplay,Universal,Universal,45000000.0,59472278.0,247967903.0,5.510397844444444,1,0.7601613866936642,63.0,79.0,-16.0,97921.0,17.622173047734595,19.32880987236623,11.491916310112307
Elf,2003-11-07,2003,11,Q4,2000-2004,Comedy,Kids Fiction,PG,Original Screenplay,New Line,New Line,32000000.0,173398518.0,220443451.0,6.88885784375,1,0.2134104360396717,84.0,68.0,16.0,42123.0,17.281246460764002,19.211151761910298,10.648349188782753
Master and Commander: The Far Side of the World,2003-11-14,2003,11,Q4,2000-2004,Adventure,Historical Fiction,PG-13,Based on Book/Short Story,20th Century Fox,20th Century Fox,135000000.0,93926386.0,209486484.0,1.5517517333333333,1,0.5516351021481654,85.0,75.0,10.0,63632.0,18.720785336402702,19.160169779732126,11.060871767447471
Looney Tunes: Back in Action,2003-11-14,2003,11,Q4,2000-2004,Comedy,Kids Fiction,PG,Based on Short Film,Warner Bros.,Warner Bros.,80000000.0,20950820.0,54540662.0,0.681758275,0,0.6158678822050234,57.0,60.0,-3.0,8604.0,18.197537192638155,17.814457073188507,9.05998249038762
21 Grams,2003-11-21,2003,11,Q4,2000-2004,Drama,Contemporary Fiction,R,Original Screenplay,Focus Features,Focus Features,20000000.0,16248701.0,60448701.0,3.02243505,1,0.7311985083021056,81.0,79.0,2.0,77910.0,16.811242831518264,17.91730564596044,11.263309593324903
The Cat in the Hat,2003-11-21,2003,11,Q4,2000-2004,Comedy,Fantasy,PG,Based on Book/Short Story,Universal,Universal,109000000.0,101018283.0,133818283.0,1.2276906697247707,1,0.24510851032216577,,34.0,,15318.0,18.50685844019342,18.71199334056857,9.636783886469539
The Missing,2003-11-26,2003,11,Q4,2000-2004,Western,Historical Fiction,R,Based on Book/Short Story,Sony Pictures,Sony Pictures,65000000.0,26900336.0,38253433.0,0.5885143538461538,0,0.29678635640362006,59.0,74.0,-15.0,19068.0,17.98989782785991,17.459743865843368,9.855766816324715
Timeline,2003-11-26,2003,11,Q4,2000-2004,Adventure,Science Fiction,PG-13,Based on Book/Short Story,Paramount Pictures,Paramount Pictures,80000000.0,19480739.0,26703184.0,0.3337898,0,0.2704713040961707,11.0,53.0,-42.0,19318.0,18.197537192638155,17.10029336719698,9.86879258273924
Les Triplettes de Belleville,2003-11-26,2003,11,Q4,2000-2004,Musical,Historical Fiction,PG-13,Original Screenplay,Sony Pictures,Sony Pictures,2000000.0,7301288.0,14440113.0,7.2200565,1,0.4943745938830257,,77.0,,19761.0,14.508657738524219,16.4855205168831,9.891465577308802
The Cooler,2003-11-26,2003,11,Q4,2000-2004,Drama,Contemporary Fiction,R,Original Screenplay,Lionsgate,Lionsgate,4000000.0,8291572.0,10464788.0,2.616197,1,0.2076693765798218,77.0,70.0,7.0,19072.0,15.201804919084164,16.163526655654174,9.855976569865076
Bad Santa,2003-11-26,2003,11,Q4,2000-2004,Comedy,Contemporary Fiction,R,Original Screenplay,Miramax/Dimension,Other,18000000.0,60060328.0,60063017.0,3.3368342777777777,1,4.47696458537872e-05,77.0,73.0,4.0,45022.0,16.70588231586044,17.91090485235805,10.714906538174109
The Last Samurai,2003-12-05,2003,12,Q4,2000-2004,Action,Historical Fiction,R,Original Screenplay,Warner Bros.,Warner Bros.,120000000.0,111110575.0,456810575.0,3.8067547916666666,1,0.7567688204240893,65.0,78.0,-13.0,106002.0,18.60300230074632,19.939779366213244,11.571213240840736
Honey,2003-12-05,2003,12,Q4,2000-2004,Drama,Contemporary Fiction,PG-13,Original Screenplay,Universal,Universal,18000000.0,30272254.0,62192232.0,3.455124,1,0.5132470241621172,20.0,46.0,-26.0,13026.0,16.70588231586044,17.94574066245051,9.474702639106347
Big Fish,2003-12-10,2003,12,Q4,2000-2004,Drama,Fantasy,PG-13,Based on Book/Short Story,Sony Pictures,Sony Pictures,70000000.0,66432867.0,123432867.0,1.7633266714285714,1,0.46178948431943984,77.0,81.0,-4.0,141099.0,18.064005800013632,18.631207979190773,11.857217050643573
Stuck On You,2003-12-12,2003,12,Q4,2000-2004,Comedy,Contemporary Fiction,PG-13,Original Screenplay,20th Century Fox,20th Century Fox,55000000.0,33832741.0,63537164.0,1.1552211636363636,1,0.4675125726417377,60.0,59.0,1.0,23196.0,17.822843743196746,17.967135552507692,10.05173512899633
Girl with a Pearl Earring,2003-12-12,2003,12,Q4,2000-2004,Drama,Historical Fiction,PG-13,Based on Book/Short Story,Lionsgate,Lionsgate,12000000.0,11634362.0,22106210.0,1.8421841666666667,1,0.47370616672871557,71.0,71.0,0.0,23493.0,16.300417207752275,16.91136912249126,10.064457783419048
The Statement,2003-12-12,2003,12,Q4,2000-2004,Thriller/Suspense,Unknown,R,Unknown,Sony Pictures,Sony Pictures,27000000.0,765637.0,1545064.0,0.05722459259259259,0,0.5044625983130796,23.0,60.0,-37.0,2735.0,17.111347423968603,14.250575891404255,7.913886714856082
Something's Gotta Give,2003-12-12,2003,12,Q4,2000-2004,Romantic Comedy,Contemporary Fiction,PG-13,Original Screenplay,Sony Pictures,Sony Pictures,80000000.0,124685242.0,266685242.0,3.333565525,1,0.5324629099648491,70.0,68.0,2.0,36303.0,18.197537192638155,19.40157965203812,10.499655661466162
The Lord of the Rings: The Return of the King,2003-12-17,2003,12,Q4,2000-2004,Adventure,Fantasy,PG-13,Based on Book/Short Story,New Line,New Line,94000000.0,377027325.0,1133027325.0,12.053482180851065,1,0.6672389829609803,,88.0,,364077.0,18.358805340234277,20.84815893608893,12.80512066270931
House of Sand and Fog,2003-12-19,2003,12,Q4,2000-2004,Drama,Contemporary Fiction,R,Based on Book/Short Story,Dreamworks SKG,Dreamworks SKG,16500000.0,13005485.0,16157923.0,0.9792680606060606,0,0.19510168478956114,75.0,78.0,-3.0,29777.0,16.61887093887081,16.597921075569168,10.301491562412671
Mona Lisa Smile,2003-12-19,2003,12,Q4,2000-2004,Drama,Historical Fiction,PG-13,Original Screenplay,Sony Pictures,Sony Pictures,65000000.0,63803100.0,121598309.0,1.8707432153846153,1,0.47529615728455565,35.0,61.0,-26.0,23657.0,17.98989782785991,18.616233621149647,10.071414333212408
Monster,2003-12-24,2003,12,Q4,2000-2004,Drama,Dramatization,R,Based on Real Life Events,Newmarket Films,Other,5000000.0,34469210.0,58003694.0,11.6007388,1,0.40574112400496426,82.0,74.0,8.0,39908.0,15.424948470398375,17.876017256137764,10.594332084033399
Peter Pan,2003-12-25,2003,12,Q4,2000-2004,Adventure,Fantasy,PG,Based on Book/Short Story,Universal,Universal,100000000.0,48417850.0,95255485.0,0.95255485,0,0.4917053857843462,76.0,71.0,5.0,16894.0,18.420680743952367,18.372073155614952,9.734713808287442
Cheaper by the Dozen,2003-12-25,2003,12,Q4,2000-2004,Comedy,Contemporary Fiction,PG,Remake,20th Century Fox,20th Century Fox,40000000.0,138614544.0,189714544.0,4.7428636,1,0.2693520429303512,24.0,56.0,-32.0,24283.0,17.50439001207821,19.061031100390196,10.097531796025063
Cold Mountain,2003-12-25,2003,12,Q4,2000-2004,Drama,Historical Fiction,R,Based on Book/Short Story,Miramax,Miramax,80000000.0,95632614.0,161632614.0,2.020407675,1,0.40833343201391276,70.0,73.0,-3.0,51083.0,18.197537192638155,18.900836502995425,10.841207039823576
The Company,2003-12-25,2003,12,Q4,2000-2004,Drama,Contemporary Fiction,PG-13,Original Screenplay,Sony Pictures,Sony Pictures,15000000.0,2281585.0,3396508.0,0.22643386666666668,0,0.3282556672912297,69.0,62.0,7.0,3649.0,16.523560759066484,15.038258402976538,8.202208436436448
Paycheck,2003-12-25,2003,12,Q4,2000-2004,Thriller/Suspense,Science Fiction,PG-13,Based on Book/Short Story,Paramount Pictures,Paramount Pictures,60000000.0,53789313.0,89350576.0,1.4891762666666666,1,0.39799702018708866,28.0,61.0,-33.0,35660.0,17.909855120186375,18.30807824610741,10.481784891417131
The Mongol King,2003-12-31,2003,12,Q4,2000-2004,Drama,Unknown,Not Rated,Original Screenplay,Unknown,Unknown,7000.0,900.0,900.0,0.12857142857142856,0,0.0,,,,,8.85366542803745,6.802394763324311,
My Baby's Daddy,2004-01-09,2004,1,Q1,2000-2004,Comedy,Contemporary Fiction,PG-13,Original Screenplay,Miramax,Miramax,12000000.0,17321573.0,17322212.0,1.4435176666666667,1,3.688905319944127e-05,,40.0,,2010.0,16.300417207752275,16.667500166569738,7.605890001053122
Chasing Liberty,2004-01-09,2004,1,Q1,2000-2004,Romantic Comedy,Contemporary Fiction,PG-13,Original Screenplay,Warner Bros.,Warner Bros.,23000000.0,12189514.0,12291975.0,0.5344336956521739,0,0.008335601073057829,19.0,58.0,-39.0,7855.0,16.951004773893423,16.324457168387294,8.96890555068972
Teacher's Pet: The Movie,2004-01-16,2004,1,Q1,2000-2004,Comedy,Kids Fiction,PG,Based on TV,Walt Disney Pictures,Walt Disney Pictures,10000000.0,6491969.0,6491969.0,0.6491969,0,0.0,,,,,16.11809565095832,15.686076432497392,
Torque,2004-01-16,2004,1,Q1,2000-2004,Action,Contemporary Fiction,PG-13,Original Screenplay,Warner Bros.,Warner Bros.,40000000.0,21176322.0,46176322.0,1.15440805,1,0.5414030160305968,23.0,35.0,-12.0,12986.0,17.50439001207821,17.647977713850896,9.471627133068433
Along Came Polly,2004-01-16,2004,1,Q1,2000-2004,Romantic Comedy,Contemporary Fiction,PG-13,Original Screenplay,Universal,Universal,42000000.0,88073507.0,170360435.0,4.0562008333333335,1,0.4830166581812262,26.0,58.0,-32.0,38276.0,17.553180176247643,18.95342695643232,10.552578346899153
The Butterfly Effect,2004-01-23,2004,1,Q1,2000-2004,Thriller/Suspense,Science Fiction,R,Original Screenplay,New Line,New Line,13000000.0,57924679.0,96046844.0,7.388218769230769,1,0.3969122087967825,33.0,78.0,-45.0,102982.0,16.38045991542581,18.38034658875249,11.542309494658387
Win a Date with Tad Hamilton!,2004-01-23,2004,1,Q1,2000-2004,Romantic Comedy,Contemporary Fiction,PG-13,Original Screenplay,Dreamworks SKG,Dreamworks SKG,24000000.0,16980098.0,16980098.0,0.7075040833333334,0,0.0,52.0,57.0,-5.0,10366.0,16.99356438831222,16.647552510326697,9.246286498749653
The Big Bounce,2004-01-30,2004,1,Q1,2000-2004,Comedy,Contemporary Fiction,PG-13,Based on Book/Short Story,Warner Bros.,Warner Bros.,50000000.0,6471394.0,6626115.0,0.1325223,0,0.02335018332763618,,48.0,,9195.0,17.72753356339242,15.70652921756218,9.126415137038421
You Got Served,2004-01-30,2004,1,Q1,2000-2004,Drama,Contemporary Fiction,PG-13,Original Screenplay,Sony Pictures,Sony Pictures,8000000.0,40066497.0,48066497.0,6.008312125,1,0.16643609373073306,16.0,26.0,-10.0,17830.0,15.89495209964411,17.68809596432109,9.788637710857186
Latter Days,2004-01-30,2004,1,Q1,2000-2004,Drama,Contemporary Fiction,R,Unknown,TLA Releasing,Other,850000.0,833118.0,833118.0,0.9801388235294117,0,0.0,,74.0,,7157.0,13.652991628466498,13.632930567779287,8.875846177738598
Osama,2004-01-30,2004,1,Q1,2000-2004,Drama,Contemporary Fiction,PG-13,Original Screenplay,MGM,MGM,500000.0,1127331.0,1971479.0,3.942958,1,0.4281800617708837,,74.0,,4737.0,13.122363377404328,14.49429458045511,8.463159302923751
What the #$'! Do We Know,2004-02-06,2004,2,Q1,2000-2004,Documentary,Factual,Not Rated,Based on Real Life Events,Captured Light,Other,4000000.0,10941801.0,10941801.0,2.73545025,1,0.0,,,,,15.201804919084164,16.20810096663738,
Catch That Kid,2004-02-06,2004,2,Q1,2000-2004,Adventure,Contemporary Fiction,PG,Remake,20th Century Fox,20th Century Fox,18000000.0,16703799.0,16930762.0,0.9405978888888888,0,0.013405362381208832,,47.0,,3038.0,16.70588231586044,16.64464276195646,8.018954683155718
The Return,2004-02-06,2004,2,Q1,2000-2004,Drama,Unknown,PG-13,Unknown,Kino International,Other,15000000.0,501752.0,2658490.0,0.17723266666666668,0,0.8112642891265343,,23.0,,236.0,16.523560759066484,14.793268850399802,5.4638318050256105
Barbershop 2: Back in Business,2004-02-06,2004,2,Q1,2000-2004,Comedy,Contemporary Fiction,PG-13,Original Screenplay,MGM,MGM,18000000.0,65070412.0,65842412.0,3.6579117777777777,1,0.011724965361232513,,55.0,,4848.0,16.70588231586044,18.002774747926956,8.48632152774915
The Miracle,2004-02-06,2004,2,Q1,2000-2004,Drama,Dramatization,PG,Based on Real Life Events,Walt Disney Pictures,Walt Disney Pictures,28000000.0,64378093.0,64445708.0,2.3016324285714287,1,0.0010491777047433478,,61.0,,126.0,17.14771506813948,17.98133369087286,4.836281906951478
50 First Dates,2004-02-13,2004,2,Q1,2000-2004,Romantic Comedy,Contemporary Fiction,PG-13,Original Screenplay,Sony Pictures,Sony Pictures,75000000.0,120776832.0,196376832.0,2.61835776,1,0.38497412973848155,44.0,68.0,-24.0,64701.0,18.132998671500584,19.095545983586295,11.07753193632009
Eurotrip,2004-02-20,2004,2,Q1,2000-2004,Comedy,Contemporary Fiction,R,Original Screenplay,Dreamworks SKG,Dreamworks SKG,25000000.0,17718223.0,20718223.0,0.82872892,0,0.14480006321005426,46.0,65.0,-19.0,52548.0,17.034386382832476,16.846524209129477,10.869482316589398
Against the Ropes,2004-02-20,2004,2,Q1,2000-2004,Drama,Dramatization,PG-13,Based on Real Life Events,Paramount Pictures,Paramount Pictures,39000000.0,5881504.0,6429865.0,0.16486833333333334,0,0.0852834390768702,12.0,52.0,-40.0,3547.0,17.47907220409392,15.676464100659027,8.173857454773621
Welcome to Mooseport,2004-02-20,2004,2,Q1,2000-2004,Comedy,Contemporary Fiction,PG-13,Original Screenplay,20th Century Fox,20th Century Fox,26000000.0,14469428.0,14469428.0,0.5565164615384616,0,0.0,13.0,52.0,-39.0,6907.0,17.073607095985757,16.487548567764136,8.840290669088972
The Blue Butterfly,2004-02-20,2004,2,Q1,2000-2004,Drama,Contemporary Fiction,PG,Original Screenplay,Alliance,Other,10400000.0,1610194.0,1610194.0,0.15482634615384616,0,0.0,44.0,62.0,-18.0,817.0,16.1573163641116,14.291865226595888,6.705639094860003
Confessions of a Teenage Drama Queen,2004-02-20,2004,2,Q1,2000-2004,Comedy,Contemporary Fiction,PG,Based on Book/Short Story,Walt Disney Pictures,Walt Disney Pictures,15000000.0,29331068.0,33051296.0,2.2034197333333334,1,0.11255921704250266,13.0,43.0,-30.0,9976.0,16.523560759066484,17.31357133680631,9.207937487359873
The Passion of the Christ,2004-02-25,2004,2,Q1,2000-2004,Drama,Dramatization,R,Based on Book/Short Story,Newmarket Films,Other,25000000.0,370782930.0,611899420.0,24.4759768,1,0.3940459528463027,50.0,71.0,-21.0,87326.0,17.034386382832476,20.232078480565022,11.377403521083842
Twisted,2004-02-27,2004,2,Q1,2000-2004,Thriller/Suspense,Contemporary Fiction,R,Original Screenplay,Paramount Pictures,Paramount Pictures,50000000.0,25195050.0,40119848.0,0.80239696,0,0.372005347577588,2.0,48.0,-46.0,83.0,17.72753356339242,17.507381732416736,4.418840607796598
Decoys,2004-02-27,2004,2,Q1,2000-2004,Unknown,Unknown,R,Unknown,Unknown,Unknown,5000000.0,84733.0,84733.0,0.0169466,0,0.0,,44.0,,2486.0,15.424948470398375,11.347260415151336,7.818430272070656
"Goodbye, Lenin!",2004-02-27,2004,2,Q1,2000-2004,Comedy,Contemporary Fiction,R,Original Screenplay,Sony Pictures Classics,Sony Pictures Classics,6400000.0,4063859.0,79316616.0,12.39322125,1,0.9487640899858865,,33.0,,198.0,15.671808548329901,18.18895819807342,5.288267030694535
Hidalgo,2004-03-05,2004,3,Q1,2000-2004,Western,Historical Fiction,PG-13,Original Screenplay,Walt Disney Pictures,Walt Disney Pictures,78000000.0,67286731.0,107336658.0,1.376111,1,0.37312440825202514,46.0,66.0,-20.0,23604.0,18.172219384653864,18.49148078951613,10.069171468177059
Starsky & Hutch,2004-03-05,2004,3,Q1,2000-2004,Comedy,Historical Fiction,PG-13,Based on TV,Warner Bros.,Warner Bros.,60000000.0,88200225.0,170200225.0,2.8366704166666667,1,0.48178549705207496,64.0,62.0,2.0,48935.0,17.909855120186375,18.95248609607682,10.79824816585992
Agent Cody Banks 2: Destination London,2004-03-12,2004,3,Q1,2000-2004,Comedy,Kids Fiction,PG,Original Screenplay,MGM,MGM,26000000.0,23514247.0,28703083.0,1.1039647307692309,1,0.18077626016689566,,41.0,,4063.0,17.073607095985757,17.172515096563348,8.309676895987726
Secret Window,2004-03-12,2004,3,Q1,2000-2004,Thriller/Suspense,Fantasy,PG-13,Based on Book/Short Story,Sony Pictures,Sony Pictures,40000000.0,47958031.0,92958031.0,2.323950775,1,0.4840894274105268,46.0,65.0,-19.0,53868.0,17.50439001207821,18.347658669690368,10.894291888569933
Bon Voyage,2004-03-19,2004,3,Q1,2000-2004,Comedy,Historical Fiction,PG-13,Original Screenplay,Sony Pictures,Sony Pictures,20000000.0,2353728.0,8361736.0,0.4180868,0,0.7185120410402815,76.0,65.0,11.0,622.0,16.811242831518264,15.939176619005858,6.432940092739179
Eternal Sunshine of the Spotless Mind,2004-03-19,2004,3,Q1,2000-2004,Comedy,Fantasy,R,Based on Book/Short Story,Focus Features,Focus Features,20000000.0,34366518.0,47066518.0,2.3533259,1,0.26983088062728583,93.0,85.0,8.0,219986.0,16.811242831518264,17.66707243571009,12.301319186945983
Dawn of the Dead,2004-03-19,2004,3,Q1,2000-2004,Horror,Science Fiction,R,Remake,Universal,Universal,28000000.0,58990765.0,102290765.0,3.6532416071428573,1,0.42330312027679134,76.0,74.0,2.0,73875.0,17.14771506813948,18.44332995314215,11.2101297547084
Scooby-Doo 2: Monsters Unleashed,2004-03-26,2004,3,Q1,2000-2004,Comedy,Kids Fiction,PG,Based on TV,Warner Bros.,Warner Bros.,25000000.0,84185387.0,181185387.0,7.24741548,1,0.5353632630428413,,48.0,,10749.0,17.034386382832476,19.01503130262575,9.282568005973063
Jersey Girl,2004-03-26,2004,3,Q1,2000-2004,Comedy,Contemporary Fiction,PG-13,Original Screenplay,Miramax,Miramax,35000000.0,25266129.0,37066129.0,1.0590322571428572,1,0.31834994153287494,40.0,62.0,-22.0,27370.0,17.37085861945369,17.428214145611758,10.217202802034725
The Ladykillers,2004-03-26,2004,3,Q1,2000-2004,Comedy,Contemporary Fiction,R,Remake,Walt Disney Pictures,Walt Disney Pictures,35000000.0,39692139.0,77692139.0,2.2197754,1,0.48910997288927777,54.0,62.0,-8.0,39242.0,17.37085861945369,18.168264639048555,10.577502880780047
The Touch,2004-03-31,2004,3,Q1,2000-2004,Unknown,Unknown,PG-13,Unknown,Miramax,Miramax,20000000.0,0.0,5918742.0,0.2959371,0,1.0,,45.0,,1031.0,16.811242831518264,15.593634484278864,6.93828448401696
Hellboy,2004-04-02,2004,4,Q2,2000-2004,Action,Super Hero,PG-13,Based on Comic/Graphic Novel,Sony Pictures,Sony Pictures,60000000.0,59623958.0,99823958.0,1.6637326333333333,1,0.4027089368666388,81.0,68.0,13.0,67763.0,17.909855120186375,18.418918772592114,11.123771602253786
The Prince & Me,2004-04-02,2004,4,Q2,2000-2004,Romantic Comedy,Contemporary Fiction,PG,Original Screenplay,Paramount Pictures,Paramount Pictures,30000000.0,28165882.0,29356757.0,0.9785585666666666,0,0.04056561833447748,,56.0,,9547.0,17.216707939626428,17.19503329920656,9.163982247998034
Walking Tall,2004-04-02,2004,4,Q2,2000-2004,Action,Contemporary Fiction,PG-13,Remake,MGM,MGM,56000000.0,46213824.0,47313824.0,0.8448897142857142,0,0.023249019145017744,25.0,60.0,-35.0,20517.0,17.840862248699423,17.672313072918346,9.929009089766206
Home on the Range,2004-04-02,2004,4,Q2,2000-2004,Comedy,Kids Fiction,PG,Original Screenplay,Walt Disney Pictures,Walt Disney Pictures,110000000.0,50026353.0,76482461.0,0.6952951,0,0.3459107833886255,54.0,54.0,0.0,4772.0,18.51599092375669,18.15257200453699,8.470520783217808
Shaolin Soccer,2004-04-02,2004,4,Q2,2000-2004,Comedy,Unknown,PG-13,Original Screenplay,Miramax,Miramax,10000000.0,488872.0,42776032.0,4.2776032,1,0.9885713569692486,91.0,,,,16.11809565095832,17.571488503693462,
Johnson Family Vacation,2004-04-07,2004,4,Q2,2000-2004,Comedy,Contemporary Fiction,PG-13,Original Screenplay,Fox Searchlight,Fox Searchlight,12000000.0,31203964.0,31462753.0,2.621896083333333,1,0.008225249710347979,6.0,38.0,-32.0,3278.0,16.300417207752275,17.264314959712408,8.094988759303774
Shade,2004-04-09,2004,4,Q2,2000-2004,Unknown,Unknown,R,Unknown,Unknown,Unknown,6800000.0,22183.0,22183.0,0.0032622058823529414,0,0.0,,63.0,,950.0,15.732433170146335,10.007081508746234,6.856461984594587
Ella Enchanted,2004-04-09,2004,4,Q2,2000-2004,Comedy,Fantasy,PG,Based on Book/Short Story,Miramax,Miramax,35000000.0,22913677.0,22913677.0,0.6546764857142857,0,0.0,49.0,63.0,-14.0,12020.0,17.37085861945369,16.947244539150617,9.394327208089198
The Alamo,2004-04-09,2004,4,Q2,2000-2004,Western,Dramatization,PG-13,Based on Real Life Events,Walt Disney Pictures,Walt Disney Pictures,92000000.0,22406362.0,23911362.0,0.25990610869565217,0,0.06294078940379891,30.0,59.0,-29.0,10063.0,18.337299135013314,16.989864301425694,9.216620609933333
The Girl Next Door,2004-04-09,2004,4,Q2,2000-2004,Romantic Comedy,Contemporary Fiction,R,Original Screenplay,20th Century Fox,20th Century Fox,25000000.0,14589444.0,18589444.0,0.74357776,0,0.21517588153793088,56.0,70.0,-14.0,5614.0,17.034386382832476,16.73810445069737,8.633018756921828
The Whole Ten Yards,2004-04-09,2004,4,Q2,2000-2004,Comedy,Contemporary Fiction,PG-13,Original Screenplay,Warner Bros.,Warner Bros.,30000000.0,16323969.0,26323969.0,0.8774656333333334,0,0.37988192434051266,4.0,51.0,-47.0,20807.0,17.216707939626428,17.085990450924875,9.943044747534582
The Punisher,2004-04-16,2004,4,Q2,2000-2004,Action,Super Hero,R,Based on Comic/Graphic Novel,Lionsgate,Lionsgate,33000000.0,33664370.0,54664370.0,1.6564960606060606,1,0.3841624809725238,30.0,64.0,-34.0,50482.0,17.312018119430753,17.816722684042706,10.829372116081604
Connie & Carla,2004-04-16,2004,4,Q2,2000-2004,Comedy,Contemporary Fiction,PG-13,Original Screenplay,Universal,Universal,20000000.0,8047525.0,8047525.0,0.40237625,0,0.0,44.0,60.0,-16.0,4359.0,16.811242831518264,15.900875148705106,8.379997952238393
Kill Bill: Volume 2,2004-04-16,2004,4,Q2,2000-2004,Action,Contemporary Fiction,R,Original Screenplay,Miramax,Miramax,55000000.0,66207920.0,150907920.0,2.743780363636364,1,0.5612694151506429,,80.0,,182834.0,17.822843743196746,18.832180407450245,12.116333916330777
13 Going On 30,2004-04-23,2004,4,Q2,2000-2004,Comedy,Contemporary Fiction,PG-13,Original Screenplay,Sony Pictures,Sony Pictures,30000000.0,57139723.0,96439723.0,3.2146574333333335,1,0.4075084288659767,,61.0,,32634.0,17.216707939626428,18.38442873902094,10.393109968651016
Silmido,2004-04-23,2004,4,Q2,2000-2004,Action,Unknown,Not Rated,Unknown,Cinema Service,Other,8500000.0,298347.0,30298347.0,3.564511411764706,1,0.9901530271601946,,71.0,,1724.0,15.955576721460545,17.226603714536004,7.452402451223638
L'incomparable mademoiselle C.,2004-04-23,2004,4,Q2,2000-2004,Unknown,Unknown,Not Rated,Unknown,Unknown,Unknown,3400000.0,493905.0,493905.0,0.14526617647058823,0,0.0,,61.0,,66.0,15.03928598958639,13.110098469984257,4.189654742026425
Man on Fire,2004-04-23,2004,4,Q2,2000-2004,Thriller/Suspense,Contemporary Fiction,R,Remake,20th Century Fox,20th Century Fox,60000000.0,77906816.0,118706816.0,1.9784469333333334,1,0.3437039369331581,38.0,77.0,-39.0,75256.0,17.909855120186375,18.592167280003764,11.228650913651787
Envy,2004-04-30,2004,4,Q2,2000-2004,Comedy,Contemporary Fiction,PG-13,Original Screenplay,Dreamworks SKG,Dreamworks SKG,20000000.0,13548322.0,14566246.0,0.7283123,0,0.06988238424642836,7.0,46.0,-39.0,15655.0,16.811242831518264,16.494217492262177,9.658545633760506
Mean Girls,2004-04-30,2004,4,Q2,2000-2004,Comedy,Contemporary Fiction,PG-13,Based on Book/Short Story,Paramount Pictures,Paramount Pictures,18000000.0,86047227.0,128947227.0,7.163734833333334,1,0.33269424242833856,83.0,70.0,13.0,63607.0,16.70588231586044,18.674913785601312,11.06047880616482
Laws of Attraction,2004-04-30,2004,4,Q2,2000-2004,Romantic Comedy,Contemporary Fiction,PG-13,Original Screenplay,New Line,New Line,32000000.0,17848322.0,29948322.0,0.9358850625,0,0.40402931423002597,18.0,57.0,-39.0,9266.0,17.281246460764002,17.21498385424499,9.134107065976593
Godsend,2004-04-30,2004,4,Q2,2000-2004,Thriller/Suspense,Science Fiction,PG-13,Original Screenplay,Lionsgate,Lionsgate,30000000.0,14334645.0,16910708.0,0.5636902666666667,0,0.15233324352830171,4.0,47.0,-43.0,13866.0,17.216707939626428,16.643457588715027,9.537195079502435
Super Size Me,2004-05-07,2004,5,Q2,2000-2004,Documentary,Factual,PG-13,Based on Real Life Events,IDP Distribution,Other,65000.0,11529368.0,29529368.0,454.29796923076924,1,0.6095626564036183,,76.0,,33805.0,11.082142548877775,17.200895851526976,10.428363999524779
Van Helsing,2004-05-07,2004,5,Q2,2000-2004,Action,Historical Fiction,PG-13,Original Screenplay,Universal,Universal,170000000.0,120150546.0,300150546.0,1.7655914470588234,1,0.5996990590182035,22.0,55.0,-33.0,68846.0,18.951308995014536,19.519794726750927,11.139627405156087
New York Minute,2004-05-07,2004,5,Q2,2000-2004,Comedy,Contemporary Fiction,PG,Original Screenplay,Warner Bros.,Warner Bros.,40000000.0,14018364.0,21215882.0,0.53039705,0,0.33925141551975074,11.0,,,,17.50439001207821,16.870260610112137,
The Mudge Boy,2004-05-07,2004,5,Q2,2000-2004,Drama,Historical Fiction,R,Original Screenplay,Strand,Other,800000.0,62544.0,62544.0,0.07818,0,0.0,,71.0,,1576.0,13.592367006650065,11.043625588032736,7.362645270417825
Troy,2004-05-14,2004,5,Q2,2000-2004,Action,Historical Fiction,R,Based on Book/Short Story,Warner Bros.,Warner Bros.,150000000.0,133298577.0,497398577.0,3.3159905133333334,1,0.7320085276399977,54.0,70.0,-16.0,129575.0,18.82614585206053,20.024902228452927,11.772015143057907
Breakin' All the Rules,2004-05-14,2004,5,Q2,2000-2004,Romantic Comedy,Contemporary Fiction,PG-13,Original Screenplay,20th Century Fox,20th Century Fox,9000000.0,12232382.0,12512317.0,1.3902574444444444,1,0.022372754782347667,33.0,53.0,-20.0,2643.0,16.012735135300492,16.342224077124037,7.879669914604289
Shrek 2,2004-05-19,2004,5,Q2,2000-2004,Adventure,Kids Fiction,PG,Based on Book/Short Story,Dreamworks SKG,Dreamworks SKG,70000000.0,441226247.0,919838758.0,13.140553685714286,1,0.520322183466855,89.0,75.0,14.0,95658.0,18.064005800013632,20.63970894960352,11.46853460963542
On the Down Low,2004-05-28,2004,5,Q2,2000-2004,Drama,Unknown,Not Rated,Original Screenplay,Cinema Con Sabor,Other,10000.0,1987.0,1987.0,0.1987,0,0.0,,63.0,,113.0,9.210340371976184,7.594381242551817,4.727387818712341
Saved!,2004-05-28,2004,5,Q2,2000-2004,Comedy,Contemporary Fiction,PG-13,Original Screenplay,MGM,MGM,5000000.0,8886160.0,10102511.0,2.0205022,1,0.12040085875679819,,70.0,,22784.0,15.424948470398375,16.12829456477357,10.033813814211703
Soul Plane,2004-05-28,2004,5,Q2,2000-2004,Comedy,Contemporary Fiction,R,Original Screenplay,MGM,MGM,16000000.0,13922211.0,14553807.0,0.9096129375,0,0.04339730491135412,19.0,37.0,-18.0,9143.0,16.588099280204055,16.493363166842055,9.120743838164426
Raising Helen,2004-05-28,2004,5,Q2,2000-2004,Comedy,Contemporary Fiction,PG-13,Original Screenplay,Walt Disney Pictures,Walt Disney Pictures,50000000.0,37485528.0,43340302.0,0.86680604,0,0.13508844493054062,22.0,57.0,-35.0,10526.0,17.72753356339242,17.584593522206955,9.261603665913725
The Day After Tomorrow,2004-05-28,2004,5,Q2,2000-2004,Adventure,Science Fiction,PG-13,Original Screenplay,20th Century Fox,20th Century Fox,125000000.0,186740799.0,544272402.0,4.354179216,1,0.6568982768301377,46.0,63.0,-17.0,92241.0,18.643824295266576,20.114960418462882,11.432159996167782
Harry Potter and the Prisoner of Azkaban,2004-06-04,2004,6,Q2,2000-2004,Adventure,Fantasy,PG,Based on Book/Short Story,Warner Bros.,Warner Bros.,130000000.0,249538952.0,795538952.0,6.1195304,1,0.6863271730785094,90.0,77.0,13.0,108928.0,18.683045008419857,20.494530369973894,11.598442392492991
The Chronicles of Riddick,2004-06-11,2004,6,Q2,2000-2004,Adventure,Science Fiction,PG-13,Original Screenplay,Universal,Universal,120000000.0,57712751.0,107212751.0,0.8934395916666666,0,0.4616988141643712,29.0,64.0,-35.0,49383.0,18.60300230074632,18.490325745422997,10.807361514395195
The Stepford Wives,2004-06-11,2004,6,Q2,2000-2004,Comedy,Contemporary Fiction,PG-13,Remake,Paramount Pictures,Paramount Pictures,100000000.0,59475623.0,96221971.0,0.96221971,0,0.3818914497189005,26.0,51.0,-25.0,26712.0,18.420680743952367,18.38216827833258,10.19286818162349
Garfield,2004-06-11,2004,6,Q2,2000-2004,Comedy,Contemporary Fiction,PG,Based on Comic/Graphic Novel,20th Century Fox,20th Century Fox,50000000.0,75367693.0,200802638.0,4.01605276,1,0.6246678143740323,,48.0,,19870.0,17.72753356339242,19.11783308314575,9.896966335545862
Napoleon Dynamite,2004-06-11,2004,6,Q2,2000-2004,Comedy,Contemporary Fiction,PG,Based on Short Film,Fox Searchlight,Fox Searchlight,400000.0,44540956.0,46140956.0,115.35239,1,0.034676351309235985,70.0,69.0,1.0,76557.0,12.89921982609012,17.647211530044434,11.245790840406107
Around the World in 80 Days,2004-06-16,2004,6,Q2,2000-2004,Adventure,Historical Fiction,PG,Remake,Walt Disney Pictures,Walt Disney Pictures,110000000.0,24004159.0,72004159.0,0.6545832636363637,0,0.6666281596317235,30.0,56.0,-26.0,21516.0,18.51599092375669,18.09223443920095,9.976552123393134
Dodgeball: A True Underdog Story,2004-06-18,2004,6,Q2,2000-2004,Comedy,Contemporary Fiction,PG-13,Original Screenplay,20th Century Fox,20th Century Fox,30000000.0,114326736.0,167726736.0,5.5908912,1,0.3183750025398455,,66.0,,65329.0,17.216707939626428,18.93784664163541,11.087191320814231
The Terminal,2004-06-18,2004,6,Q2,2000-2004,Drama,Dramatization,PG-13,Based on Real Life Events,Dreamworks SKG,Dreamworks SKG,75000000.0,77073959.0,218673959.0,2.9156527866666666,1,0.6475393807636692,60.0,71.0,-11.0,79803.0,18.132998671500584,19.20309240676955,11.287316376716227
Fahrenheit 9/11,2004-06-23,2004,6,Q2,2000-2004,Documentary,Factual,R,Based on Real Life Events,Lionsgate,Lionsgate,6000000.0,119114517.0,222414517.0,37.069086166666665,1,0.4644481007505459,83.0,76.0,7.0,74424.0,15.60727002719233,19.220053392491003,11.217533749448394
White Chicks,2004-06-23,2004,6,Q2,2000-2004,Comedy,Contemporary Fiction,PG-13,Original Screenplay,Sony Pictures,Sony Pictures,20000000.0,69148997.0,111448997.0,5.57244985,1,0.3795458114351626,15.0,50.0,-35.0,25970.0,16.811242831518264,18.529077618204287,10.164697304656794
Two Brothers,2004-06-25,2004,6,Q2,2000-2004,Drama,Kids Fiction,PG,Original Screenplay,Universal,Universal,72000000.0,18947630.0,39925603.0,0.5545222638888889,0,0.5254265790300023,77.0,60.0,17.0,127.0,18.09217667698033,17.50252835527002,4.844187086458591
The Notebook,2004-06-25,2004,6,Q2,2000-2004,Drama,Contemporary Fiction,PG-13,Based on Book/Short Story,New Line,New Line,30000000.0,81001787.0,102276787.0,3.4092262333333334,1,0.20801396508476552,52.0,80.0,-28.0,95850.0,17.216707939626428,18.443193294127706,11.47053974847379
De-Lovely,2004-06-25,2004,6,Q2,2000-2004,Drama,Historical Fiction,PG-13,Based on Real Life Events,MGM,MGM,4000000.0,13337299.0,18396382.0,4.5990955,1,0.27500423724621503,49.0,65.0,-16.0,6086.0,15.201804919084164,16.727664572810134,8.713746330456916
Spider-Man 2,2004-06-30,2004,6,Q2,2000-2004,Adventure,Super Hero,PG-13,Based on Comic/Graphic Novel,Sony Pictures,Sony Pictures,200000000.0,373524485.0,783705001.0,3.918525005,1,0.5233863704794708,93.0,77.0,16.0,141940.0,19.11382792451231,20.479543233271077,11.863159712078973
Before Sunset,2004-07-02,2004,7,Q3,2000-2004,Drama,Contemporary Fiction,R,Original Screenplay,Warner Independent,Other,2000000.0,5792822.0,11293790.0,5.646895,1,0.48707900536489523,95.0,80.0,15.0,45535.0,14.508657738524219,16.23976357509836,10.726236540001919
King Arthur,2004-07-07,2004,7,Q3,2000-2004,Adventure,Historical Fiction,PG-13,Traditional/Legend/Fairytale,Walt Disney Pictures,Walt Disney Pictures,90000000.0,51877963.0,203877963.0,2.2653107,1,0.7455440390092577,31.0,62.0,-31.0,53106.0,18.31532022829454,19.133032152214927,10.880045195196931
Anchorman: The Legend of Ron Burgundy,2004-07-09,2004,7,Q3,2000-2004,Comedy,Historical Fiction,PG-13,Original Screenplay,Dreamworks SKG,Dreamworks SKG,25000000.0,84136909.0,89366354.0,3.57465416,1,0.05851693356539979,,70.0,,78249.0,17.034386382832476,18.30825481583744,11.267651328768025
Riding Giants,2004-07-09,2004,7,Q3,2000-2004,Documentary,Factual,PG-13,Based on Real Life Events,Sony Pictures,Sony Pictures,2600000.0,2276368.0,3216111.0,1.2369657692307692,1,0.29219855906714665,93.0,77.0,16.0,2193.0,14.77102200299171,14.98368342361074,7.693025748417888
Sleepover,2004-07-09,2004,7,Q3,2000-2004,Comedy,Contemporary Fiction,PG,Original Screenplay,MGM,MGM,10000000.0,9408183.0,9408183.0,0.9408183,0,0.0,15.0,46.0,-31.0,4774.0,16.11809565095832,16.05709040046198,8.470939806898775
"I, Robot",2004-07-16,2004,7,Q3,2000-2004,Action,Science Fiction,PG-13,Based on Book/Short Story,20th Century Fox,20th Century Fox,105000000.0,144801023.0,348601023.0,3.3200097428571427,1,0.5846224954996762,58.0,,,,18.469470908121796,19.669438625641412,
A Cinderella Story,2004-07-16,2004,7,Q3,2000-2004,Romantic Comedy,Contemporary Fiction,PG,Traditional/Legend/Fairytale,Warner Bros.,Warner Bros.,19000000.0,51438175.0,70067909.0,3.687784684210526,1,0.2658811182734167,10.0,54.0,-44.0,14904.0,16.759949537130716,18.064975458314464,9.609384912281424
Maria Full of Grace,2004-07-16,2004,7,Q3,2000-2004,Drama,Contemporary Fiction,R,Original Screenplay,New Line,New Line,3200000.0,6529624.0,9892434.0,3.091385625,1,0.33993757249227036,,76.0,,16134.0,14.978661367769956,16.10728078049846,9.68868412549692
Camping Sauvage,2004-07-16,2004,7,Q3,2000-2004,Comedy,Contemporary Fiction,Not Rated,Original Screenplay,Alliance,Other,4600000.0,3479302.0,3479302.0,0.75637,0,0.0,,60.0,,378.0,15.341566861459324,15.062342256920216,5.934894195619588
The Bourne Supremacy,2004-07-23,2004,7,Q3,2000-2004,Action,Contemporary Fiction,PG-13,Based on Book/Short Story,Universal,Universal,85000000.0,176087450.0,288587450.0,3.3951464705882355,1,0.3898298418728881,81.0,76.0,5.0,104614.0,18.258161814454592,19.480508717565023,11.558032664868993
A Home at the End of the World,2004-07-23,2004,7,Q3,2000-2004,Drama,Historical Fiction,R,Based on Book/Short Story,Warner Independent,Other,6500000.0,1029017.0,1033810.0,0.1590476923076923,0,0.0046362484402356335,48.0,67.0,-19.0,7180.0,15.687312734865866,13.848761564748173,8.87905466204227
Catwoman,2004-07-23,2004,7,Q3,2000-2004,Action,Super Hero,PG-13,Based on Comic/Graphic Novel,Warner Bros.,Warner Bros.,100000000.0,40202379.0,82102379.0,0.82102379,0,0.5103384397667697,10.0,32.0,-22.0,34651.0,18.420680743952367,18.223477550860327,10.453081864230466
Garden State,2004-07-28,2004,7,Q3,2000-2004,Drama,Contemporary Fiction,R,Original Screenplay,Fox Searchlight,Fox Searchlight,2500000.0,26782316.0,32381151.0,12.9524604,1,0.17290413796594198,86.0,79.0,7.0,92594.0,14.73180128983843,17.29308705221572,11.43597962371858
Thunderbirds,2004-07-30,2004,7,Q3,2000-2004,Adventure,Science Fiction,PG,Based on TV,Universal,Universal,55000000.0,6768055.0,28231444.0,0.5132989818181818,0,0.7602653622676899,19.0,40.0,-21.0,5397.0,17.822843743196746,17.15594695017902,8.593598522618644
The Manchurian Candidate,2004-07-30,2004,7,Q3,2000-2004,Thriller/Suspense,Historical Fiction,R,Remake,Paramount Pictures,Paramount Pictures,80000000.0,65948711.0,96148711.0,1.2018588875,1,0.31409677452670165,81.0,67.0,14.0,36553.0,18.197537192638155,18.381406623772953,10.506518541152964
The Village,2004-07-30,2004,7,Q3,2000-2004,Thriller/Suspense,Contemporary Fiction,PG-13,Original Screenplay,Walt Disney Pictures,Walt Disney Pictures,71682975.0,114197520.0,260197520.0,3.6298370707967966,1,0.561112188924783,42.0,66.0,-24.0,88928.0,18.087763829675936,19.376951592867357,11.39558233254223
Harold & Kumar Go to White Castle,2004-07-30,2004,7,Q3,2000-2004,Comedy,Contemporary Fiction,R,Original Screenplay,New Line,New Line,9000000.0,18225165.0,18225165.0,2.025018333333333,1,0.0,74.0,72.0,2.0,56030.0,16.012735135300492,16.718313889315954,10.93364254055933
Open Water,2004-08-06,2004,8,Q3,2000-2004,Thriller/Suspense,Contemporary Fiction,R,Original Screenplay,Lionsgate,Lionsgate,500000.0,30500882.0,52100882.0,104.201764,1,0.414580313630775,,59.0,,23667.0,13.122363377404328,17.76869243556303,10.0718369517632
Saints and Soldiers,2004-08-06,2004,8,Q3,2000-2004,Drama,Dramatization,PG-13,Based on Real Life Events,Excel Entertainment,Other,780000.0,1310470.0,1310470.0,1.6800897435897435,1,0.0,,70.0,,7581.0,13.567049198665774,14.085896409457627,8.933400396056303
Collateral,2004-08-06,2004,8,Q3,2000-2004,Action,Contemporary Fiction,R,Original Screenplay,Dreamworks SKG,Dreamworks SKG,60000000.0,100170152.0,217670152.0,3.6278358666666666,1,0.5398075892371316,86.0,78.0,8.0,105362.0,17.909855120186375,19.19849141069555,11.565157318773064
Code 46,2004-08-06,2004,8,Q3,2000-2004,Unknown,Science Fiction,R,Unknown,MGM,MGM,7500000.0,197148.0,197148.0,0.0262864,0,0.0,,63.0,,9608.0,15.830413578506539,12.191709994694337,9.170351363759819
Little Black Book,2004-08-06,2004,8,Q3,2000-2004,Romantic Comedy,Contemporary Fiction,PG-13,Original Screenplay,Sony Pictures,Sony Pictures,30000000.0,20422207.0,21758371.0,0.7252790333333333,0,0.06140919281135523,21.0,52.0,-31.0,7625.0,17.216707939626428,16.895509115017354,8.939187601475613
The Princess Diaries 2: Royal Engagement,2004-08-11,2004,8,Q3,2000-2004,Romantic Comedy,Contemporary Fiction,G,Based on Book/Short Story,Walt Disney Pictures,Walt Disney Pictures,45000000.0,95149435.0,122071435.0,2.7126985555555554,1,0.2205429959924695,,53.0,,12439.0,17.622173047734595,18.620116964126982,9.428591977209965
AVP: Alien Vs. Predator,2004-08-13,2004,8,Q3,2000-2004,Horror,Science Fiction,PG-13,Spin-Off,20th Century Fox,20th Century Fox,70000000.0,80281096.0,172543519.0,2.4649074142857144,1,0.5347197248249006,,54.0,,63019.0,18.064005800013632,18.966160046675387,11.051191547206948
Yu-Gi-Oh,2004-08-13,2004,8,Q3,2000-2004,Adventure,Kids Fiction,PG,Based on TV,Warner Bros.,Warner Bros.,20000000.0,19762690.0,28762690.0,1.4381345,1,0.3129053645538717,,,,,16.811242831518264,17.174589619127495,
Exorcist: The Beginning,2004-08-20,2004,8,Q3,2000-2004,Horror,Historical Fiction,R,Based on Book/Short Story,Warner Bros.,Warner Bros.,78000000.0,41814863.0,43957541.0,0.563558217948718,0,0.04874426438002981,,50.0,,15901.0,18.172219384653864,17.5987347487195,9.674137279312397
Mean Creek,2004-08-20,2004,8,Q3,2000-2004,Drama,Unknown,R,Unknown,Paramount Vantage,Other,500000.0,603951.0,967749.0,1.935498,1,0.3759218557704529,,73.0,,14472.0,13.122363377404328,13.782728035114639,9.579971027075132
Without a Paddle,2004-08-20,2004,8,Q3,2000-2004,Comedy,Contemporary Fiction,PG-13,Based on Book/Short Story,Paramount Pictures,Paramount Pictures,30000000.0,58156435.0,65121280.0,2.1707093333333334,1,0.10695190573649659,15.0,57.0,-42.0,17207.0,17.216707939626428,17.991761935485037,9.753071556753158
Anacondas: The Hunt for the Blood Orchid,2004-08-27,2004,8,Q3,2000-2004,Horror,Contemporary Fiction,PG-13,Original Screenplay,Sony Pictures,Sony Pictures,25000000.0,31526393.0,70326393.0,2.81305572,1,0.5517132095769507,,43.0,,9565.0,17.034386382832476,18.068657720178145,9.165865881874353
Super Babies: Baby Geniuses 2,2004-08-27,2004,8,Q3,2000-2004,Comedy,Kids Fiction,PG,Original Screenplay,Sony Pictures,Sony Pictures,20000000.0,9109322.0,9109322.0,0.4554661,0,0.0,,14.0,,10886.0,16.811242831518264,16.02480884275635,9.295232838994146
Jet Li's Hero,2004-08-27,2004,8,Q3,2000-2004,Action,Historical Fiction,PG-13,Original Screenplay,Miramax,Miramax,17000000.0,53652140.0,177352140.0,10.432478823529411,1,0.6974824211312026,,,,,16.64872390202049,18.993647805646205,
Suspect Zero,2004-08-27,2004,8,Q3,2000-2004,Thriller/Suspense,Contemporary Fiction,R,Original Screenplay,Paramount Pictures,Paramount Pictures,27000000.0,8712564.0,8712564.0,0.32268755555555556,0,0.0,18.0,58.0,-40.0,9804.0,17.111347423968603,15.980276679791512,9.190545744648004
The Brown Bunny,2004-08-27,2004,8,Q3,2000-2004,Drama,Contemporary Fiction,Not Rated,Original Screenplay,WellSpring,Other,10000000.0,366301.0,630427.0,0.0630427,0,0.418963654792704,,49.0,,7465.0,16.11809565095832,13.35415264655787,8.91798070997329
Vanity Fair,2004-09-01,2004,9,Q3,2000-2004,Drama,Historical Fiction,PG-13,Based on Book/Short Story,Focus Features,Focus Features,23000000.0,16123851.0,19123851.0,0.8314717826086957,0,0.15687216973192272,50.0,62.0,-12.0,9343.0,16.951004773893423,16.76644685744072,9.142382678792956
Tae Guik Gi: The Brotherhood of War,2004-09-03,2004,9,Q3,2000-2004,Drama,Historical Fiction,R,Original Screenplay,IDP Distribution,Other,12500000.0,1110186.0,69826708.0,5.58613664,1,0.9841008400396021,,,,,16.34123920227253,18.061527130649228,
Paparazzi,2004-09-03,2004,9,Q3,2000-2004,Thriller/Suspense,Contemporary Fiction,PG-13,Original Screenplay,20th Century Fox,20th Century Fox,20000000.0,15712072.0,16612072.0,0.8306036,0,0.05417746804853723,18.0,57.0,-39.0,9058.0,16.811242831518264,16.62564021793962,9.111403624116159
Wicker Park,2004-09-03,2004,9,Q3,2000-2004,Thriller/Suspense,Contemporary Fiction,PG-13,Remake,MGM,MGM,30000000.0,12831121.0,13400080.0,0.4466693333333333,0,0.04245937337687536,24.0,69.0,-45.0,18987.0,17.216707939626428,16.41077123505257,9.851509813443416
"Remember Me, My Love",2004-09-03,2004,9,Q3,2000-2004,Comedy,Unknown,Not Rated,Original Screenplay,IDP Distribution,Other,6700000.0,223878.0,223878.0,0.03341462686567164,0,0.0,,70.0,,16319.0,15.717618084361195,12.318856539608237,9.700085352130934
The Cookout,2004-09-03,2004,9,Q3,2000-2004,Comedy,Contemporary Fiction,PG-13,Original Screenplay,Lionsgate,Lionsgate,16000000.0,11540112.0,11540112.0,0.721257,0,0.0,5.0,32.0,-27.0,1659.0,16.588099280204055,16.26133952436975,7.413970290190444
Malevolence,2004-09-10,2004,9,Q3,2000-2004,Horror,Unknown,R,Original Screenplay,Painted Zebra Releasing,Other,200000.0,126021.0,257516.0,1.28758,1,0.5106284658040665,31.0,50.0,-19.0,248.0,12.206072645530174,12.458837133077902,5.5134287461649825
Resident Evil: Apocalypse,2004-09-10,2004,9,Q3,2000-2004,Horror,Science Fiction,R,Based on Game,Sony Pictures,Sony Pictures,50000000.0,50740078.0,128940078.0,2.57880156,1,0.6064832689181404,,58.0,,52753.0,17.72753356339242,18.674858342779093,10.873375921759074
Cellular,2004-09-10,2004,9,Q3,2000-2004,Thriller/Suspense,Contemporary Fiction,PG-13,Original Screenplay,New Line,New Line,45000000.0,32003620.0,45261739.0,1.0058164222222221,1,0.2929211137910543,54.0,65.0,-11.0,32534.0,17.622173047734595,17.62797261987962,10.390040975326398
Wimbledon,2004-09-17,2004,9,Q3,2000-2004,Romantic Comedy,Contemporary Fiction,PG-13,Original Screenplay,Universal,Universal,35000000.0,16862585.0,41862585.0,1.196073857142857,1,0.5971919794250642,60.0,63.0,-3.0,21996.0,17.37085861945369,17.54990302653939,9.998615897627705
Mr. 3000,2004-09-17,2004,9,Q3,2000-2004,Comedy,Contemporary Fiction,PG-13,Original Screenplay,Walt Disney Pictures,Walt Disney Pictures,30000000.0,21800302.0,21827296.0,0.7275765333333334,0,0.001236708385683687,55.0,56.0,-1.0,6202.0,17.216707939626428,16.89867185461495,8.732627099660395
Sky Captain and the World of Tomorrow,2004-09-17,2004,9,Q3,2000-2004,Adventure,Science Fiction,PG,Original Screenplay,Paramount Pictures,Paramount Pictures,70000000.0,37760080.0,49730854.0,0.7104407714285714,0,0.24071120918213068,72.0,63.0,9.0,40281.0,18.064005800013632,17.722136103276227,10.603635172740818
The Last Shot,2004-09-24,2004,9,Q3,2000-2004,Comedy,Dramatization,R,Based on Real Life Events,Walt Disney Pictures,Walt Disney Pictures,40000000.0,463730.0,463730.0,0.01159325,0,0.0,60.0,57.0,3.0,2711.0,17.50439001207821,13.047057765289164,7.905072849498666
Guiana 1838,2004-09-24,2004,9,Q3,2000-2004,Drama,Dramatization,Not Rated,Based on Real Life Events,RBC Radio,Other,1000000.0,227241.0,227241.0,0.227241,0,0.0,,,,,13.815510557964274,12.333766407295071,
First Daughter,2004-09-24,2004,9,Q3,2000-2004,Romantic Comedy,Contemporary Fiction,PG,Original Screenplay,20th Century Fox,20th Century Fox,30000000.0,9055010.0,10419084.0,0.3473028,0,0.13092072201356664,8.0,47.0,-39.0,6839.0,17.216707939626428,16.15914968255589,8.830396801098097
The Forgotton,2004-09-24,2004,9,Q3,2000-2004,Thriller/Suspense,Contemporary Fiction,PG-13,Original Screenplay,Sony Pictures,Sony Pictures,50000000.0,66711892.0,111311892.0,2.22623784,1,0.4006759673081471,,49.0,,1169.0,17.72753356339242,18.527846656899293,7.063903961472068
Shaun of the Dead,2004-09-24,2004,9,Q3,2000-2004,Comedy,Fantasy,R,Original Screenplay,Focus/Rogue Pictures,Other,5000000.0,13542874.0,29629128.0,5.9258256,1,0.5429202641400719,91.0,80.0,11.0,134693.0,15.424948470398375,17.20426848948456,11.810753393713288
I Heart Huckabees,2004-10-01,2004,10,Q4,2000-2004,Comedy,Contemporary Fiction,R,Original Screenplay,Fox Searchlight,Fox Searchlight,22000000.0,12784713.0,14584713.0,0.6629415,0,0.12341689548501915,62.0,68.0,-6.0,35878.0,16.90655301132259,16.495484483339236,10.487879573259036
Shark Tale,2004-10-01,2004,10,Q4,2000-2004,Adventure,Kids Fiction,PG,Original Screenplay,Dreamworks SKG,Dreamworks SKG,75000000.0,160861908.0,367275019.0,4.897000253333333,1,0.5620123894132859,35.0,59.0,-24.0,40019.0,18.132998671500584,19.721621495953116,10.597109620319285
Ladder 49,2004-10-01,2004,10,Q4,2000-2004,Action,Contemporary Fiction,PG-13,Original Screenplay,Walt Disney Pictures,Walt Disney Pictures,60000000.0,74541707.0,102332848.0,1.7055474666666666,1,0.27157595574785526,40.0,65.0,-25.0,23369.0,17.909855120186375,18.443741274201106,10.059165636715807
Tarnation,2004-10-06,2004,10,Q4,2000-2004,Documentary,Factual,Not Rated,Based on Real Life Events,WellSpring,Other,218.0,592014.0,1162014.0,5330.339449541284,1,0.49052765285099836,,71.0,,3847.0,5.384495062789089,13.965665264514186,8.255048902752295
Raise Your Voice,2004-10-08,2004,10,Q4,2000-2004,Drama,Contemporary Fiction,PG,Original Screenplay,New Line,New Line,15000000.0,10411980.0,14811980.0,0.9874653333333333,0,0.2970568418266835,16.0,52.0,-36.0,8634.0,16.523560759066484,16.51094687075818,9.063463176115423
Primer,2004-10-08,2004,10,Q4,2000-2004,Drama,Science Fiction,PG-13,Original Screenplay,ThinkFilm,Other,7000.0,424760.0,565846.0,80.83514285714286,1,0.24933639188047632,,69.0,,17454.0,8.85366542803745,13.24607723535788,9.767324127723256
Friday Night Lights,2004-10-08,2004,10,Q4,2000-2004,Drama,Contemporary Fiction,PG-13,Based on Book/Short Story,Universal,Universal,30000000.0,61255921.0,61950770.0,2.0650256666666666,1,0.011216147918742576,81.0,72.0,9.0,20868.0,17.216707939626428,17.941850595340714,9.945972164142283
Being Julia,2004-10-15,2004,10,Q4,2000-2004,Drama,Historical Fiction,R,Based on Book/Short Story,Sony Pictures,Sony Pictures,18000000.0,7739049.0,11039049.0,0.6132805,0,0.29893879445593546,76.0,71.0,5.0,7067.0,16.70588231586044,16.2169494537985,8.863191340690854
Eulogy,2004-10-15,2004,10,Q4,2000-2004,Comedy,Unknown,R,Original Screenplay,Artisan,Other,10000000.0,70527.0,70527.0,0.0070527,0,0.0,32.0,66.0,-34.0,5205.0,16.11809565095832,11.163750894206132,8.557374981049069
Team America: World Police,2004-10-15,2004,10,Q4,2000-2004,Comedy,Contemporary Fiction,R,Original Screenplay,Paramount Pictures,Paramount Pictures,20000000.0,32774834.0,50274834.0,2.5137417,1,0.3480866789137484,,73.0,,58763.0,16.811242831518264,17.733015191777657,10.981267684124095
Shall We Dance?,2004-10-15,2004,10,Q4,2000-2004,Romantic Comedy,Contemporary Fiction,PG-13,Remake,Miramax,Miramax,40000000.0,57887882.0,118097882.0,2.95244705,1,0.5098313278810538,,76.0,,2192.0,17.50439001207821,18.5870243470525,7.692569648067906
Short Cut to Nirvana: Kumbh Mela,2004-10-22,2004,10,Q4,2000-2004,Documentary,Factual,Not Rated,Based on Real Life Events,Mela Films,Other,200000.0,381225.0,439651.0,2.198255,1,0.13289177097288532,75.0,69.0,6.0,105.0,12.206072645530174,12.993736509341124,4.653960350157523
The Grudge,2004-10-22,2004,10,Q4,2000-2004,Horror,Contemporary Fiction,PG-13,Remake,Sony Pictures,Sony Pictures,10000000.0,110359362.0,187281115.0,18.7281115,1,0.41072882869156346,39.0,57.0,-18.0,43218.0,16.11809565095832,19.04812133478149,10.674012354117417
Sideways,2004-10-22,2004,10,Q4,2000-2004,Drama,Contemporary Fiction,R,Based on Book/Short Story,Fox Searchlight,Fox Searchlight,17000000.0,71502303.0,109705641.0,6.453273,1,0.3482349462777397,97.0,78.0,19.0,69778.0,16.64872390202049,18.513311345983553,11.15307405282242
Ray,2004-10-29,2004,10,Q4,2000-2004,Drama,Dramatization,PG-13,Based on Real Life Events,Universal,Universal,40000000.0,75305995.0,125305995.0,3.132649875,1,0.39902320714982553,81.0,,,,17.50439001207821,18.64626926389334,
Birth,2004-10-29,2004,10,Q4,2000-2004,Drama,Contemporary Fiction,R,Original Screenplay,New Line,New Line,20000000.0,5005899.0,14603001.0,0.73015005,0,0.6572006671779315,39.0,63.0,-24.0,25.0,16.811242831518264,16.496737613501686,3.2188758248682006
Saw,2004-10-29,2004,10,Q4,2000-2004,Horror,Contemporary Fiction,R,Original Screenplay,Lionsgate,Lionsgate,1200000.0,55185045.0,103096345.0,85.91362083333334,1,0.4647235554276924,48.0,77.0,-29.0,112785.0,13.997832114758229,18.451174497340357,11.633238630480237
The Incredibles,2004-11-05,2004,11,Q4,2000-2004,Adventure,Super Hero,PG,Original Screenplay,Walt Disney Pictures,Walt Disney Pictures,92000000.0,261441092.0,632882184.0,6.879154173913044,1,0.5869040105575163,97.0,81.0,16.0,159123.0,18.337299135013314,20.265794839562624,11.97743276704545
Alfie,2004-11-05,2004,11,Q4,2000-2004,Comedy,Contemporary Fiction,R,Remake,Paramount Pictures,Paramount Pictures,40000000.0,13395939.0,35195939.0,0.879898475,0,0.6193896403786812,49.0,61.0,-12.0,20769.0,17.50439001207821,17.376441264594593,9.941216769346136
The Polar Express,2004-11-10,2004,11,Q4,2000-2004,Adventure,Kids Fiction,G,Based on Book/Short Story,Warner Bros.,Warner Bros.,170000000.0,181320597.0,305420597.0,1.7965917470588235,1,0.40632492117091895,56.0,67.0,-11.0,28550.0,18.951308995014536,19.53720039117275,10.259412215084156
Veer-Zaara,2004-11-12,2004,11,Q4,2000-2004,Drama,Contemporary Fiction,Not Rated,Original Screenplay,Yash Raj Films,Other,7000000.0,2938532.0,7017859.0,1.0025512857142858,1,0.5812779937584953,,73.0,,4155.0,15.761420707019587,15.763968743729395,8.332067707289548
Finding Neverland,2004-11-12,2004,11,Q4,2000-2004,Drama,Historical Fiction,PG,Based on Play,Miramax,Miramax,25000000.0,51676606.0,118676606.0,4.74706424,1,0.5645594549611572,82.0,79.0,3.0,86828.0,17.034386382832476,18.59191275506762,11.371684429275653
Kinsey,2004-11-12,2004,11,Q4,2000-2004,Drama,Dramatization,R,Based on Real Life Events,Fox Searchlight,Fox Searchlight,11000000.0,10214647.0,13000959.0,1.1819053636363637,1,0.2143158823899068,90.0,72.0,18.0,20135.0,16.213405830762646,16.380533681935763,9.910214873285554
Seed of Chucky,2004-11-12,2004,11,Q4,2000-2004,Horror,Contemporary Fiction,R,Original Screenplay,Focus/Rogue Pictures,Other,29000000.0,17016190.0,24716190.0,0.8522824137931034,0,0.3115366891094461,32.0,51.0,-19.0,9897.0,17.182806387950748,17.022969052461505,9.199986959896691
After the Sunset,2004-11-12,2004,11,Q4,2000-2004,Action,Contemporary Fiction,PG-13,Original Screenplay,New Line,New Line,57000000.0,28328132.0,38329114.0,0.6724405964912281,0,0.26092390238918645,18.0,62.0,-44.0,19793.0,17.858561825798823,17.461720322036097,9.893083618820736
Bridget Jones: The Edge Of Reason,2004-11-12,2004,11,Q4,2000-2004,Romantic Comedy,Contemporary Fiction,R,Based on Book/Short Story,Universal,Universal,50000000.0,40203020.0,263894551.0,5.27789102,1,0.847654982463052,,56.0,,26325.0,17.72753356339242,19.391060153287665,10.178274337002176
La mala educaciÛn,2004-11-19,2004,11,Q4,2000-2004,Drama,Historical Fiction,Not Rated,Original Screenplay,Sony Pictures Classics,Sony Pictures Classics,5000000.0,5211842.0,40311842.0,8.0623684,1,0.8707118865964993,,75.0,,21756.0,15.424948470398375,17.512155829906433,9.98764486054285
National Treasure,2004-11-19,2004,11,Q4,2000-2004,Adventure,Contemporary Fiction,PG,Original Screenplay,Walt Disney Pictures,Walt Disney Pictures,100000000.0,173005002.0,347405002.0,3.47405002,1,0.5020077402339762,44.0,69.0,-25.0,83989.0,18.420680743952367,19.666001810055647,11.338441116869486
SpongeBob SquarePants,2004-11-19,2004,11,Q4,2000-2004,Adventure,Kids Fiction,PG,Based on TV,Paramount Pictures,Paramount Pictures,30000000.0,85416609.0,140416609.0,4.680553633333333,1,0.39169155551961804,,,,,17.216707939626428,18.76012434028016,
Alexander,2004-11-24,2004,11,Q4,2000-2004,Adventure,Dramatization,R,Based on Real Life Events,Warner Bros.,Warner Bros.,155000000.0,34297191.0,167297191.0,1.0793367161290321,1,0.7949924275775796,16.0,54.0,-38.0,59498.0,18.858935674883522,18.935282375618844,10.993697977523398
The Work and the Glory,2004-11-24,2004,11,Q4,2000-2004,Drama,Contemporary Fiction,PG,Based on Book/Short Story,Excel Entertainment,Other,7500000.0,3347647.0,3347647.0,0.4463529333333333,0,0.0,17.0,60.0,-43.0,531.0,15.830413578506539,15.023768268951486,6.274762021241939
Christmas with the Kranks,2004-11-24,2004,11,Q4,2000-2004,Comedy,Contemporary Fiction,PG,Based on Book/Short Story,Sony Pictures,Sony Pictures,50000000.0,73701902.0,96501902.0,1.93003804,1,0.23626477330985662,5.0,47.0,-42.0,9126.0,17.72753356339242,18.385073275959538,9.118882761487347
A Very Long Engagement,2004-11-26,2004,11,Q4,2000-2004,Drama,Historical Fiction,R,Based on Book/Short Story,Warner Bros.,Warner Bros.,55000000.0,6167817.0,59606587.0,1.0837561272727272,1,0.8965245737018964,,,,,17.822843743196746,17.903276646062906,
Les Choristes,2004-11-26,2004,11,Q4,2000-2004,Drama,Historical Fiction,PG-13,Remake,Miramax,Miramax,5500000.0,3629758.0,83529758.0,15.187228727272727,1,0.9565453308268893,,78.0,,16391.0,15.520258650202699,18.240713509565197,9.70448768268936
Closer,2004-12-03,2004,12,Q4,2000-2004,Drama,Contemporary Fiction,R,Based on Play,Sony Pictures,Sony Pictures,35000000.0,33987757.0,115987757.0,3.313935914285714,1,0.7069711676552207,68.0,29.0,39.0,212.0,17.37085861945369,18.568995200397126,5.356586274672012
House of Flying Daggers,2004-12-03,2004,12,Q4,2000-2004,Action,Historical Fiction,PG-13,Original Screenplay,Sony Pictures Classics,Sony Pictures Classics,12000000.0,11050094.0,92863945.0,7.738662083333334,1,0.8810077043356278,,,,,16.300417207752275,18.346646022961867,
Blade: Trinity,2004-12-08,2004,12,Q4,2000-2004,Action,Super Hero,R,Based on Comic/Graphic Novel,New Line,New Line,65000000.0,52397389.0,132397389.0,2.036882907692308,1,0.6042415232221838,,57.0,,42477.0,17.98989782785991,18.701318480728922,10.65671803195308
Ocean's Twelve,2004-12-10,2004,12,Q4,2000-2004,Adventure,Contemporary Fiction,PG-13,Remake,Warner Bros.,Warner Bros.,85000000.0,125531634.0,363531634.0,4.276842752941176,1,0.6546885545591886,55.0,60.0,-5.0,89861.0,18.258161814454592,19.711376877286096,11.40601931098422
Freeze Frame,2004-12-10,2004,12,Q4,2000-2004,Thriller/Suspense,Contemporary Fiction,R,Original Screenplay,First Look,Other,2000000.0,0.0,91062.0,0.045531,0,1.0,83.0,63.0,20.0,1723.0,14.508657738524219,11.419295872188101,7.45182223652793
Fabled,2004-12-10,2004,12,Q4,2000-2004,Horror,Unknown,R,Original Screenplay,Indican Pictures,Other,400000.0,31425.0,31425.0,0.0785625,0,0.0,,54.0,,146.0,12.89921982609012,10.355359033458448,4.983606621708336
The Life Aquatic with Steve Zissou,2004-12-10,2004,12,Q4,2000-2004,Comedy,Contemporary Fiction,R,Original Screenplay,Walt Disney Pictures,Walt Disney Pictures,50000000.0,24006726.0,34806726.0,0.69613452,0,0.31028485701298075,53.0,72.0,-19.0,57889.0,17.72753356339242,17.365321201931398,10.96628266278324
Million Dollar Baby,2004-12-15,2004,12,Q4,2000-2004,Drama,Contemporary Fiction,PG-13,Based on Book/Short Story,Warner Bros.,Warner Bros.,30000000.0,100492203.0,216763646.0,7.2254548666666665,1,0.5363973394320928,91.0,82.0,9.0,141212.0,17.216707939626428,19.194318128967303,11.85801758626588
Mar adentro,2004-12-17,2004,12,Q4,2000-2004,Drama,Dramatization,PG-13,Based on Real Life Events,Fine Line,Other,13300000.0,2086345.0,39686345.0,2.9839357142857144,1,0.9474291472293556,,72.0,,466.0,16.40327459319198,17.4965177318315,6.144185634125646
Imaginary Heroes,2004-12-17,2004,12,Q4,2000-2004,Drama,Unknown,R,Original Screenplay,Sony Pictures Classics,Sony Pictures Classics,10000000.0,228524.0,290875.0,0.0290875,0,0.21435668242372152,35.0,72.0,-37.0,6057.0,16.11809565095832,12.580648900604594,8.708969906980947
The Aviator,2004-12-17,2004,12,Q4,2000-2004,Drama,Dramatization,PG-13,Based on Real Life Events,Miramax,Miramax,110000000.0,102608827.0,214608827.0,1.9509893363636364,1,0.521879745421655,88.0,76.0,12.0,85740.0,18.51599092375669,19.184327519654197,11.359074740151968
Spanglish,2004-12-17,2004,12,Q4,2000-2004,Comedy,Contemporary Fiction,PG-13,Original Screenplay,Sony Pictures,Sony Pictures,75000000.0,42044321.0,54344321.0,0.7245909466666667,0,0.22633459713297366,52.0,67.0,-15.0,30660.0,18.132998671500584,17.81085067665167,10.330714152425806
Beyond the Sea,2004-12-17,2004,12,Q4,2000-2004,Drama,Dramatization,PG-13,Based on Real Life Events,Lionsgate,Lionsgate,24000000.0,6144806.0,7061637.0,0.294234875,0,0.12983264362073554,42.0,66.0,-24.0,8002.0,16.99356438831222,15.770187452280188,8.98744678941718
Lemony Snicket's A Series of Unfortunate Events,2004-12-17,2004,12,Q4,2000-2004,Comedy,Kids Fiction,PG,Based on Book/Short Story,Paramount Pictures,Paramount Pictures,100000000.0,118627117.0,201627117.0,2.01627117,1,0.4116509784742893,71.0,69.0,2.0,51614.0,18.420680743952367,19.121930594044546,10.851548232499086
Flight of the Phoenix,2004-12-17,2004,12,Q4,2000-2004,Adventure,Historical Fiction,PG-13,Remake,20th Century Fox,20th Century Fox,75000000.0,21009180.0,34009180.0,0.45345573333333333,0,0.3822497337483585,30.0,60.0,-30.0,18568.0,18.132998671500584,17.342141046136994,9.829194947954273
The Phantom of the Opera,2004-12-22,2004,12,Q4,2000-2004,Musical,Historical Fiction,PG-13,Based on Musical/Opera,Warner Bros.,Warner Bros.,55000000.0,51225796.0,158225796.0,2.8768326545454546,1,0.6762487704596537,33.0,72.0,-39.0,42832.0,17.822843743196746,18.879533659423544,10.665040765760134
Hotel Rwanda,2004-12-22,2004,12,Q4,2000-2004,Drama,Dramatization,PG-13,Original Screenplay,MGM,MGM,17500000.0,23519128.0,33919128.0,1.9382358857142856,1,0.3066116558185104,90.0,83.0,7.0,92106.0,16.67771143889374,17.33948966101036,11.430695366701256
Meet the Fockers,2004-12-22,2004,12,Q4,2000-2004,Comedy,Contemporary Fiction,PG-13,Original Screenplay,Universal,Universal,60000000.0,279167575.0,516567575.0,8.609459583333333,1,0.4595720124322554,38.0,64.0,-26.0,69613.0,17.909855120186375,20.06271667049276,11.150706610490193
Darkness,2004-12-25,2004,12,Q4,2000-2004,Horror,Contemporary Fiction,PG-13,Original Screenplay,Miramax/Dimension,Other,10600000.0,22163442.0,34409206.0,3.2461515094339624,1,0.3558862706683787,4.0,53.0,-49.0,9979.0,16.176364559082295,17.353834702819846,9.208238163884312
Fat Albert,2004-12-25,2004,12,Q4,2000-2004,Comedy,Contemporary Fiction,PG,Based on TV,20th Century Fox,20th Century Fox,45000000.0,48114556.0,48563556.0,1.0791901333333334,1,0.009245616198286634,21.0,40.0,-19.0,4801.0,17.622173047734595,17.69838393102946,8.476579508530941
In Good Company,2004-12-29,2004,12,Q4,2000-2004,Comedy,Contemporary Fiction,PG-13,Original Screenplay,Universal,Universal,26000000.0,45489752.0,63489752.0,2.4419135384615385,1,0.2835103214767637,84.0,68.0,16.0,25695.0,17.073607095985757,17.966389065012056,10.15405169942633
The Merchant of Venice,2004-12-29,2004,12,Q4,2000-2004,Drama,Historical Fiction,R,Based on Book/Short Story,Sony Pictures Classics,Sony Pictures Classics,30000000.0,3765585.0,18765585.0,0.6255195,0,0.799335592255717,,71.0,,14021.0,17.216707939626428,16.747535165125278,9.54831148472113
George and the Dragon,2004-12-31,2004,12,Q4,2000-2004,Unknown,Unknown,PG,Original Screenplay,Unknown,Unknown,32000000.0,0.0,0.0,0.0,0,,,57.0,,1762.0,17.281246460764002,,7.474204806496124
Solitude,2005-01-07,2005,1,Q1,2005+,Drama,Unknown,Not Rated,Original Screenplay,Indican Pictures,Other,200000.0,6260.0,6260.0,0.0313,0,0.0,,48.0,,82.0,12.206072645530174,8.741935464094144,4.406719247264253
White Noise,2005-01-07,2005,1,Q1,2005+,Drama,Contemporary Fiction,PG-13,Original Screenplay,Universal,Universal,10000000.0,56094360.0,92094360.0,9.209436,1,0.390903416886767,9.0,,,,16.11809565095832,18.338324261565408,
Travellers and Magicians,2005-01-07,2005,1,Q1,2005+,Drama,Unknown,Not Rated,Original Screenplay,Zeitgeist,Other,1800000.0,506793.0,1058893.0,0.5882738888888889,0,0.5213935685664179,,74.0,,1069.0,14.403297222866392,13.87273458076302,6.974478911025045
Coach Carter,2005-01-14,2005,1,Q1,2005+,Drama,Contemporary Fiction,PG-13,Original Screenplay,Paramount Pictures,Paramount Pictures,45000000.0,67264877.0,76669806.0,1.7037734666666666,1,0.12266796397006666,65.0,71.0,-6.0,23526.0,17.622173047734595,18.155018525207108,10.065861471520387
Racing Stripes,2005-01-14,2005,1,Q1,2005+,Comedy,Kids Fiction,PG,Original Screenplay,Warner Bros.,Warner Bros.,30000000.0,49772522.0,93772522.0,3.125750733333333,1,0.46922061027643047,35.0,52.0,-17.0,5086.0,17.216707939626428,18.356382428629733,8.534246945982066
Elektra,2005-01-14,2005,1,Q1,2005+,Action,Super Hero,PG-13,Spin-Off,20th Century Fox,20th Century Fox,65000000.0,24409722.0,56409722.0,0.8678418769230769,0,0.5672781014591776,10.0,49.0,-39.0,27283.0,17.98989782785991,17.848152077499797,10.214019076585554
Assault On Precinct 13,2005-01-19,2005,1,Q1,2005+,Action,Contemporary Fiction,R,Remake,Focus/Rogue Pictures,Other,30000000.0,20040895.0,36040895.0,1.2013631666666666,1,0.44394014077619326,60.0,74.0,-14.0,13456.0,17.216707939626428,17.400164823914377,9.507180382212729
Are We There Yet?,2005-01-21,2005,1,Q1,2005+,Romantic Comedy,Kids Fiction,PG,Original Screenplay,Sony Pictures,Sony Pictures,20000000.0,82674398.0,97918663.0,4.89593315,1,0.15568293656133764,12.0,42.0,-30.0,8740.0,16.811242831518264,18.399647722631805,9.07566546864958
Gory Gory Hallelujah,2005-01-21,2005,1,Q1,2005+,Musical,Unknown,Not Rated,Original Screenplay,Indican Pictures,Other,425000.0,12604.0,12604.0,0.029656470588235295,0,0.0,,52.0,,134.0,12.959844447906553,9.441769502877165,4.897839799950911
Hide and Seek,2005-01-28,2005,1,Q1,2005+,Thriller/Suspense,Contemporary Fiction,R,Original Screenplay,20th Century Fox,20th Century Fox,25000000.0,51100486.0,123100486.0,4.92401944,1,0.5848880239189308,12.0,56.0,-44.0,30891.0,17.034386382832476,18.628511539156637,10.33822015832486
Fascination,2005-01-28,2005,1,Q1,2005+,Thriller/Suspense,Unknown,R,Original Screenplay,MGM,MGM,5000000.0,16670.0,83356.0,0.0166712,0,0.8000143960842651,,25.0,,1016.0,15.424948470398375,11.33087587119098,6.923628628138427
"Peace, Propaganda and the Promised Land",2005-01-28,2005,1,Q1,2005+,Documentary,Factual,Not Rated,Based on Real Life Events,Arab Film Distribution,Other,70000.0,4930.0,4930.0,0.07042857142857142,0,0.0,,30.0,,75.0,11.156250521031495,8.503094267036737,4.31748811353631
Alone in the Dark,2005-01-28,2005,1,Q1,2005+,Horror,Fantasy,R,Based on Game,Lionsgate,Lionsgate,20000000.0,5178569.0,8178569.0,0.40892845,0,0.3668123359966762,1.0,23.0,-22.0,26028.0,16.811242831518264,15.917027754400035,10.166928160614875
Boogeyman,2005-02-04,2005,2,Q1,2005+,Horror,Contemporary Fiction,PG-13,Original Screenplay,Sony/Screen Gems,Other,20000000.0,46752382.0,67192859.0,3.35964295,1,0.3042060913050299,13.0,39.0,-26.0,13901.0,16.811242831518264,18.023077534965914,9.539716058977092
The Wedding Date,2005-02-04,2005,2,Q1,2005+,Romantic Comedy,Contemporary Fiction,PG-13,Based on Book/Short Story,Universal,Universal,15000000.0,31726995.0,47175038.0,3.1450025333333333,1,0.3274622269514653,10.0,55.0,-45.0,12205.0,16.523560759066484,17.66937545472996,9.40960098282706
Pooh's Heffalump Movie,2005-02-11,2005,2,Q1,2005+,Adventure,Kids Fiction,G,Based on Book/Short Story,Walt Disney Pictures,Walt Disney Pictures,20000000.0,18098433.0,52858433.0,2.64292165,1,0.6576055707137591,80.0,63.0,17.0,1605.0,16.811242831518264,17.783127822357464,7.380879035564116
Inside Deep Throat,2005-02-11,2005,2,Q1,2005+,Documentary,Factual,Not Rated,Based on Real Life Events,Universal,Universal,2000000.0,691880.0,691880.0,0.34594,0,0.0,,69.0,,3264.0,14.508657738524219,13.44716780915786,8.090708716083997
Bride & Prejudice,2005-02-11,2005,2,Q1,2005+,Musical,Contemporary Fiction,PG-13,Based on Book/Short Story,Miramax,Miramax,7000000.0,6601079.0,22064531.0,3.152075857142857,1,0.7008284925702704,,62.0,,9442.0,15.761420707019587,16.90948194507806,9.152923101106232
Hitch,2005-02-11,2005,2,Q1,2005+,Romantic Comedy,Contemporary Fiction,PG-13,Original Screenplay,Sony Pictures,Sony Pictures,55000000.0,177784257.0,366784257.0,6.668804672727273,1,0.5152892917102492,69.0,57.0,12.0,89.0,17.822843743196746,19.72028437757817,4.48863636973214
Constantine,2005-02-18,2005,2,Q1,2005+,Action,Contemporary Fiction,R,Based on Comic/Graphic Novel,Warner Bros.,Warner Bros.,75000000.0,75976178.0,230884728.0,3.07846304,1,0.6709345886229426,46.0,67.0,-21.0,78705.0,18.132998671500584,19.257429130950637,11.273461964788922
Because of Winn-Dixie,2005-02-18,2005,2,Q1,2005+,Comedy,Contemporary Fiction,PG,Based on Book/Short Story,20th Century Fox,20th Century Fox,15000000.0,32647042.0,33589427.0,2.2392951333333335,1,0.0280560010743857,53.0,61.0,-8.0,3720.0,16.523560759066484,17.329721902794567,8.221478947267192
Downfall,2005-02-18,2005,2,Q1,2005+,Drama,Dramatization,R,Based on Real Life Events,Newmarket Films,Other,13500000.0,5501940.0,92101940.0,6.822365925925926,1,0.9402624960994307,,61.0,,404.0,16.41820024340866,18.338406565064496,6.0014148779611505
Son of the Mask,2005-02-18,2005,2,Q1,2005+,Comedy,Kids Fiction,PG,Based on Comic/Graphic Novel,New Line,New Line,100000000.0,17018422.0,59918422.0,0.59918422,0,0.7159734613838795,6.0,20.0,-14.0,15800.0,18.420680743952367,17.908494561712978,9.667765219015058
Man of the House,2005-02-25,2005,2,Q1,2005+,Comedy,Contemporary Fiction,PG-13,Original Screenplay,Sony Pictures,Sony Pictures,50000000.0,19699706.0,22099706.0,0.44199412,0,0.10859872977495719,8.0,42.0,-34.0,3432.0,17.72753356339242,16.911074863232074,8.140898460607852
Cursed,2005-02-25,2005,2,Q1,2005+,Horror,Fantasy,PG-13,Original Screenplay,Miramax/Dimension,Other,35000000.0,19294901.0,25114901.0,0.7175686,0,0.23173493696033284,,48.0,,14425.0,17.37085861945369,17.0389718932911,9.5767180913763
Diary of a Mad Black Woman,2005-02-25,2005,2,Q1,2005+,Drama,Contemporary Fiction,PG-13,Based on Play,Lionsgate,Lionsgate,5500000.0,50406346.0,50425450.0,9.168263636363637,1,0.00037885631164421933,16.0,49.0,-33.0,5565.0,15.520258650202699,17.7360065659095,8.624252263709645
Be Cool,2005-03-04,2005,3,Q1,2005+,Comedy,Contemporary Fiction,PG-13,Based on Book/Short Story,MGM,MGM,75000000.0,55849401.0,94849401.0,1.26465868,1,0.41117813701322165,30.0,56.0,-26.0,32082.0,18.132998671500584,18.367800939090774,10.376050404176787
The Jacket,2005-03-04,2005,3,Q1,2005+,Thriller/Suspense,Fantasy,R,Original Screenplay,Warner Independent,Other,28500000.0,6301131.0,15452978.0,0.5422097543859649,0,0.5922384022031223,43.0,71.0,-28.0,35932.0,17.16541464523888,16.55331229354304,10.489383542349097
The Pacifier,2005-03-04,2005,3,Q1,2005+,Comedy,Contemporary Fiction,PG,Original Screenplay,Walt Disney Pictures,Walt Disney Pictures,56000000.0,113006880.0,198006880.0,3.535837142857143,1,0.4292780129660141,20.0,53.0,-33.0,22590.0,17.840862248699423,19.103812335529877,10.025262609462049
Robots,2005-03-11,2005,3,Q1,2005+,Adventure,Kids Fiction,PG,Original Screenplay,20th Century Fox,20th Century Fox,80000000.0,128200012.0,260700012.0,3.25875015,1,0.5082470038398004,64.0,64.0,0.0,27361.0,18.197537192638155,19.37888092493365,10.216873920776164
The Upside of Anger,2005-03-11,2005,3,Q1,2005+,Drama,Contemporary Fiction,R,Original Screenplay,New Line,New Line,12000000.0,18761993.0,27361993.0,2.2801660833333335,1,0.3143045903125551,,70.0,,12317.0,16.300417207752275,17.12466549163291,9.418735700941484
Hostage,2005-03-11,2005,3,Q1,2005+,Action,Contemporary Fiction,R,Based on Book/Short Story,Miramax,Miramax,75000000.0,34636443.0,77636443.0,1.0351525733333333,1,0.5538636024321723,,73.0,,3070.0,18.132998671500584,18.167547501202193,8.029432840581244
Steamboy,2005-03-18,2005,3,Q1,2005+,Action,Unknown,PG-13,Original Screenplay,Sony Pictures,Sony Pictures,20000000.0,468867.0,10468867.0,0.52344335,0,0.9552132050201804,,,,,16.811242831518264,16.163916363046564,
The Ring Two,2005-03-18,2005,3,Q1,2005+,Horror,Contemporary Fiction,PG-13,Remake,Dreamworks SKG,Dreamworks SKG,50000000.0,75941727.0,161941727.0,3.23883454,1,0.5310552233396894,20.0,51.0,-31.0,28408.0,17.72753356339242,18.902747118609,10.254426074622923
Ice Princess,2005-03-18,2005,3,Q1,2005+,Comedy,Contemporary Fiction,G,Original Screenplay,Walt Disney Pictures,Walt Disney Pictures,25000000.0,24381334.0,25732334.0,1.02929336,1,0.05250203887451484,52.0,60.0,-8.0,7106.0,17.034386382832476,17.063258891375938,8.868694776580972
The Helix...  Loaded,2005-03-18,2005,3,Q1,2005+,Comedy,Unknown,R,Original Screenplay,Romar,Other,1000000.0,3700.0,3700.0,0.0037,0,0.0,,15.0,,486.0,13.815510557964274,8.216088098632316,6.186208623900494
Miss Congeniality 2: Armed and Fabulous,2005-03-24,2005,3,Q1,2005+,Comedy,Contemporary Fiction,PG-13,Original Screenplay,Warner Bros.,Warner Bros.,60000000.0,48478006.0,101382396.0,1.6897066,1,0.5218301410039669,,47.0,,14297.0,17.909855120186375,18.434410024582032,9.567805004029164
D.E.B.S.,2005-03-25,2005,3,Q1,2005+,Action,Unknown,PG-13,Original Screenplay,Samuel Goldwyn Films,Other,3500000.0,96793.0,96793.0,0.027655142857142857,0,0.0,,51.0,,6675.0,15.068273526459642,11.480329956600295,8.80612448326845
Guess Who,2005-03-25,2005,3,Q1,2005+,Comedy,Contemporary Fiction,PG-13,Remake,Sony Pictures,Sony Pictures,35000000.0,68915888.0,102115888.0,2.9175968,1,0.32512080784138114,43.0,57.0,-14.0,15789.0,17.37085861945369,18.441618883173536,9.667068774021889
The Ballad of Jack and Rose,2005-03-25,2005,3,Q1,2005+,Drama,Unknown,R,Original Screenplay,IFC Films,Other,1500000.0,712294.0,712294.0,0.47486266666666666,0,0.0,,68.0,,5223.0,14.22097566607244,13.476246026513868,8.560827228436299
Beauty Shop,2005-03-30,2005,3,Q1,2005+,Comedy,Contemporary Fiction,PG-13,Spin-Off,MGM,MGM,25000000.0,36351350.0,38351350.0,1.534054,1,0.05214940282415091,38.0,53.0,-15.0,5468.0,17.034386382832476,17.46230028724401,8.60666819784384
Sin City,2005-04-01,2005,4,Q2,2005+,Action,Fantasy,R,Based on Comic/Graphic Novel,Miramax/Dimension,Other,40000000.0,74103820.0,158753820.0,3.9688455,1,0.5332155156959373,77.0,83.0,-6.0,255814.0,17.50439001207821,18.882865258439693,12.452205896887248
Fever Pitch,2005-04-08,2005,4,Q2,2005+,Comedy,Contemporary Fiction,PG-13,Based on Book/Short Story,20th Century Fox,20th Century Fox,40000000.0,42071069.0,50071069.0,1.251776725,1,0.1597729019925658,,63.0,,16736.0,17.50439001207821,17.728953934188063,9.72531736686465
Kung Fu Hustle,2005-04-08,2005,4,Q2,2005+,Action,Historical Fiction,R,Original Screenplay,Sony Pictures Classics,Sony Pictures Classics,20000000.0,17104669.0,101004669.0,5.05023345,1,0.8306546700331249,89.0,,,,16.811242831518264,18.430677301459838,
Sahara,2005-04-08,2005,4,Q2,2005+,Adventure,Contemporary Fiction,PG-13,Based on Book/Short Story,Paramount Pictures,Paramount Pictures,145000000.0,68671925.0,121671925.0,0.839116724137931,0,0.43559761218539117,39.0,59.0,-20.0,30739.0,18.792244300384848,18.616838841122817,10.333287485659087
The Amityville Horror,2005-04-15,2005,4,Q2,2005+,Horror,Historical Fiction,R,Remake,MGM,MGM,18500000.0,65233369.0,108047131.0,5.840385459459459,1,0.39625079910728955,24.0,58.0,-34.0,26303.0,16.733281290048552,18.498078088042664,10.17743828010161
It's All Gone Pete Tong,2005-04-15,2005,4,Q2,2005+,Drama,Dramatization,R,Based on Real Life Events,Matson,Other,2000000.0,120620.0,1470620.0,0.73531,0,0.9179801716282928,,73.0,,7631.0,14.508657738524219,14.201194638542981,8.939974177289633
King's Ransom,2005-04-22,2005,4,Q2,2005+,Comedy,Contemporary Fiction,PG-13,Original Screenplay,New Line,New Line,25000000.0,4008527.0,4049527.0,0.16198108,0,0.010124639247991184,2.0,35.0,-33.0,2251.0,17.034386382832476,15.214110642138767,7.719129840906732
The Game of Their Lives,2005-04-22,2005,4,Q2,2005+,Drama,Unknown,PG,Based on Book/Short Story,IFC Films,Other,20000000.0,375474.0,375474.0,0.0187737,0,0.0,25.0,60.0,-35.0,1443.0,16.811242831518264,12.835944506777073,7.274479558773871
Madison,2005-04-22,2005,4,Q2,2005+,Drama,Dramatization,PG,Based on Real Life Events,MGM,MGM,14000000.0,517262.0,517262.0,0.03694728571428572,0,0.0,,64.0,,536.0,16.454567887579532,13.156304794952023,6.284134161070802
A Lot Like Love,2005-04-22,2005,4,Q2,2005+,Comedy,Contemporary Fiction,PG-13,Original Screenplay,Walt Disney Pictures,Walt Disney Pictures,25000000.0,21835784.0,47835784.0,1.91343136,1,0.5435261602485704,41.0,64.0,-23.0,17929.0,17.034386382832476,17.68328453663293,9.794174792595427
The Interpreter,2005-04-22,2005,4,Q2,2005+,Thriller/Suspense,Contemporary Fiction,PG-13,Original Screenplay,Universal,Universal,90000000.0,72708161.0,163954076.0,1.8217119555555557,1,0.5565333734063433,58.0,65.0,-7.0,38227.0,18.31532022829454,18.915096922184077,10.551297351207467
Holy Girl,2005-04-29,2005,4,Q2,2005+,Drama,Unknown,R,Original Screenplay,Fine Line,Other,1400000.0,304124.0,1261792.0,0.90128,0,0.758974537800208,,,,,14.151982794585487,14.048043490749754,
Funny Ha Ha,2005-04-29,2005,4,Q2,2005+,Comedy,Unknown,Not Rated,Original Screenplay,Goodbye Cruel Releasing,Other,30000.0,77070.0,77070.0,2.569,1,0.0,,61.0,,1138.0,10.308952660644293,11.25246937877204,7.037027614686276
The Hitchhiker's Guide to the Galaxy,2005-04-29,2005,4,Q2,2005+,Comedy,Science Fiction,PG,Based on Book/Short Story,Walt Disney Pictures,Walt Disney Pictures,45000000.0,51019112.0,104019112.0,2.3115358222222224,1,0.509521750195291,60.0,66.0,-6.0,61513.0,17.622173047734595,18.46008520945292,11.02700381357038
XXX: State of the Union,2005-04-29,2005,4,Q2,2005+,Action,Contemporary Fiction,PG-13,Original Screenplay,Sony Pictures,Sony Pictures,60000000.0,26873932.0,71073932.0,1.1845655333333334,1,0.6218876422933798,,41.0,,19527.0,17.909855120186375,18.079231189007857,9.879553402240496
House of Wax,2005-05-06,2005,5,Q2,2005+,Horror,Contemporary Fiction,R,Remake,Warner Bros.,Warner Bros.,35000000.0,32064800.0,70064800.0,2.0018514285714284,1,0.542355077014421,25.0,54.0,-29.0,32159.0,17.37085861945369,18.064931086090123,10.378447628282094
Fighting Tommy Riley,2005-05-06,2005,5,Q2,2005+,Drama,Unknown,R,Original Screenplay,Freestyle Releasing,Other,300000.0,10514.0,10514.0,0.035046666666666663,0,0.0,,66.0,,499.0,12.611537753638338,9.260462981379394,6.212606095751519
Kingdom of Heaven,2005-05-06,2005,5,Q2,2005+,Adventure,Historical Fiction,R,Original Screenplay,20th Century Fox,20th Century Fox,110000000.0,47398413.0,211398413.0,1.9218037545454545,1,0.7757863347819929,39.0,71.0,-32.0,83189.0,18.51599092375669,19.16925512427668,11.328870406530122
Crash,2005-05-06,2005,5,Q2,2005+,Drama,Contemporary Fiction,R,Original Screenplay,Lionsgate,Lionsgate,6500000.0,54557348.0,98387109.0,15.136478307692308,1,0.44548276136460113,75.0,61.0,14.0,20886.0,15.687312734865866,18.40442034734287,9.946834357039494
Layer Cake,2005-05-13,2005,5,Q2,2005+,Thriller/Suspense,Contemporary Fiction,R,Based on Book/Short Story,Sony Pictures Classics,Sony Pictures Classics,6500000.0,2339957.0,11850214.0,1.8231098461538462,1,0.8025388402268516,,74.0,,39857.0,15.687312734865866,16.287856484454082,10.593053327512376
Danny the Dog,2005-05-13,2005,5,Q2,2005+,Action,Contemporary Fiction,R,Original Screenplay,Focus/Rogue Pictures,Other,43000000.0,24537621.0,49037621.0,1.1404097906976745,1,0.49961640675839475,,71.0,,36119.0,17.576710673657836,17.708098336996265,10.49457432165487
Mindhunters,2005-05-13,2005,5,Q2,2005+,Thriller/Suspense,Contemporary Fiction,R,Original Screenplay,Miramax/Dimension,Other,27000000.0,4476235.0,16566235.0,0.6135642592592593,0,0.7297976878874409,26.0,62.0,-36.0,23357.0,17.111347423968603,16.622877145721247,10.058652004037477
Mad Hot Ballroom,2005-05-13,2005,5,Q2,2005+,Documentary,Factual,PG,Based on Real Life Events,Paramount Vantage,Other,500000.0,8117961.0,9079042.0,18.158084,1,0.1058570937330172,83.0,74.0,9.0,2562.0,13.122363377404328,16.021479238403334,7.848543482456679
Kicking and Screaming,2005-05-13,2005,5,Q2,2005+,Comedy,Contemporary Fiction,PG,Original Screenplay,Universal,Universal,45000000.0,52842724.0,55842724.0,1.2409494222222222,1,0.053722307672526864,,69.0,,3841.0,17.622173047734595,17.838049797463533,8.253488028345904
Monster-in-Law,2005-05-13,2005,5,Q2,2005+,Comedy,Contemporary Fiction,PG-13,Original Screenplay,New Line,New Line,45000000.0,82931301.0,155931301.0,3.465140022222222,1,0.46815488315588416,16.0,51.0,-35.0,16320.0,17.622173047734595,18.864926090013725,9.700146628518098
Star Wars Ep. III: Revenge of the Sith,2005-05-19,2005,5,Q2,2005+,Adventure,Science Fiction,PG-13,Original Screenplay,20th Century Fox,20th Century Fox,115000000.0,380270577.0,848998877.0,7.382598930434782,1,0.5520953121354953,,,,,18.560442686327523,20.55956842154212,
Madagascar,2005-05-27,2005,5,Q2,2005+,Adventure,Kids Fiction,PG,Original Screenplay,Dreamworks SKG,Dreamworks SKG,75000000.0,193595521.0,532680671.0,7.1024089466666664,1,0.6365636458395165,55.0,66.0,-11.0,56480.0,18.132998671500584,20.09343268626552,10.941641872167123
The Longest Yard,2005-05-27,2005,5,Q2,2005+,Comedy,Contemporary Fiction,PG-13,Remake,Paramount Pictures,Paramount Pictures,82000000.0,158119460.0,190320568.0,2.320982536585366,1,0.16919405158563838,31.0,62.0,-31.0,39752.0,18.222229805228526,19.06422040840177,10.590415433282157
Sisterhood of the Traveling Pants,2005-06-01,2005,6,Q2,2005+,Drama,Contemporary Fiction,PG,Based on Book/Short Story,Warner Bros.,Warner Bros.,25000000.0,39053061.0,41560117.0,1.66240468,1,0.060323603035092516,,,,,17.034386382832476,17.542651539398268,
Cinderella Man,2005-06-03,2005,6,Q2,2005+,Drama,Dramatization,PG-13,Based on Real Life Events,Universal,Universal,88000000.0,61649911.0,108539911.0,1.2334080795454545,1,0.4320069877337563,80.0,80.0,0.0,63111.0,18.29284737244248,18.502628506624994,11.052650359802138
The Lords of Dogtown,2005-06-03,2005,6,Q2,2005+,Action,Dramatization,PG-13,Original Screenplay,Sony/TriStar,Other,25000000.0,11273517.0,11354893.0,0.45419572,0,0.0071666020983200815,,,,,17.034386382832476,16.245159310315795,
High Tension,2005-06-10,2005,6,Q2,2005+,Horror,Contemporary Fiction,R,Original Screenplay,Lionsgate,Lionsgate,2850000.0,3681066.0,5208449.0,1.8275259649122808,1,0.2932510234812705,,54.0,,165.0,14.862829552244833,15.465792672672036,5.10594547390058
Mr. And Mrs. Smith,2005-06-10,2005,6,Q2,2005+,Action,Contemporary Fiction,PG-13,Original Screenplay,20th Century Fox,20th Century Fox,110000000.0,186336279.0,478336279.0,4.348511627272727,1,0.6104492024114274,,47.0,,189.0,18.51599092375669,19.98582455565908,5.241747015059643
The Adventures of Sharkboy and Lavagirl in 3-D,2005-06-10,2005,6,Q2,2005+,Adventure,Kids Fiction,PG,Original Screenplay,Miramax/Dimension,Other,50000000.0,39177684.0,69425966.0,1.38851932,1,0.43569119369545395,20.0,36.0,-16.0,5619.0,17.72753356339242,18.055771505356336,8.633908991112198
The Honeymooners,2005-06-10,2005,6,Q2,2005+,Comedy,Contemporary Fiction,PG-13,Based on TV,Paramount Pictures,Paramount Pictures,27000000.0,12834849.0,13174426.0,0.4879417037037037,0,0.025775468320213723,14.0,26.0,-12.0,5012.0,17.111347423968603,16.393788084080185,8.51959031601596
The Bridge of San Luis Rey,2005-06-10,2005,6,Q2,2005+,Drama,Unknown,PG,Based on Book/Short Story,Fine Line,Other,24000000.0,49981.0,1696765.0,0.07069854166666667,0,0.970543357506785,4.0,50.0,-46.0,1913.0,16.99356438831222,14.344234054957163,7.556427969440253
Batman Begins,2005-06-15,2005,6,Q2,2005+,Action,Super Hero,PG-13,Based on Comic/Graphic Novel,Warner Bros.,Warner Bros.,150000000.0,205343774.0,372353017.0,2.4823534466666666,1,0.4485239419988371,84.0,83.0,1.0,270641.0,18.82614585206053,19.73535293267975,12.508548498393079
The Perfect Man,2005-06-17,2005,6,Q2,2005+,Romantic Comedy,Contemporary Fiction,PG,Original Screenplay,Universal,Universal,10000000.0,16535005.0,19535005.0,1.9535005,1,0.15357047515472866,5.0,51.0,-46.0,7278.0,16.11809565095832,16.787718542422134,8.892611378172106
Me and You and Everyone We Know,2005-06-17,2005,6,Q2,2005+,Drama,Contemporary Fiction,R,Original Screenplay,IFC Films,Other,2000000.0,3885134.0,5409058.0,2.704529,1,0.28173556282813017,82.0,74.0,8.0,17135.0,14.508657738524219,15.503585513665366,9.74887843430871
My Summer of Love,2005-06-17,2005,6,Q2,2005+,Drama,Historical Fiction,R,Based on Book/Short Story,Focus Features,Focus Features,1700000.0,1000915.0,3800915.0,2.2358323529411765,1,0.7366647241519476,,70.0,,7242.0,14.346138809026444,15.150752385185166,8.887652690325586
Herbie: Fully Loaded,2005-06-22,2005,6,Q2,2005+,Comedy,Kids Fiction,G,Unknown,Walt Disney Pictures,Walt Disney Pictures,50000000.0,66010682.0,144110682.0,2.88221364,1,0.5419445589744694,42.0,47.0,-5.0,14178.0,17.72753356339242,18.786092187299356,9.559446746414963
La marche de l'empereur,2005-06-24,2005,6,Q2,2005+,Documentary,Factual,G,Based on Real Life Events,Warner Independent,Other,3400000.0,77437223.0,129437223.0,38.069771470588236,1,0.4017391504142514,,78.0,,23674.0,15.03928598958639,18.678706557088816,10.072132678513839
Bewitched,2005-06-24,2005,6,Q2,2005+,Comedy,Fantasy,PG-13,Based on TV,Sony Pictures,Sony Pictures,80000000.0,63313159.0,131413159.0,1.6426644875,1,0.5182129439563963,24.0,48.0,-24.0,26834.0,18.197537192638155,18.6938568035973,10.197425019150417
Yes,2005-06-24,2005,6,Q2,2005+,Drama,Unknown,R,Original Screenplay,Sony Pictures Classics,Sony Pictures Classics,1700000.0,396035.0,661221.0,0.3889535294117647,0,0.40105501791382914,,,,,14.346138809026444,13.401843404860227,
George A. Romero's Land of the Dead,2005-06-24,2005,6,Q2,2005+,Horror,Science Fiction,R,Original Screenplay,Universal,Universal,15000000.0,20700082.0,45900082.0,3.0600054666666665,1,0.5490186270255465,,,,,16.523560759066484,17.641977461521552,
Rize,2005-06-24,2005,6,Q2,2005+,Documentary,Factual,PG-13,Based on Real Life Events,Lionsgate,Lionsgate,700000.0,3278611.0,4462763.0,6.375375714285714,1,0.26534055247836374,,68.0,,2052.0,13.458835614025542,15.311278638907629,7.62657020629066
The War of the Worlds,2005-06-29,2005,6,Q2,2005+,Action,Science Fiction,PG-13,Remake,Paramount Pictures,Paramount Pictures,132000000.0,234280354.0,591745532.0,4.482920696969697,1,0.604085977281194,,72.0,,12074.0,18.698312480550644,20.198587255844014,9.398809659356372
Rebound,2005-07-01,2005,7,Q3,2005+,Comedy,Contemporary Fiction,PG,Original Screenplay,20th Century Fox,20th Century Fox,45000000.0,16809014.0,17492014.0,0.3887114222222222,0,0.03904638996973133,14.0,47.0,-33.0,4485.0,17.622173047734595,16.67725499188051,8.408493774492896
Undead,2005-07-01,2005,7,Q3,2005+,Horror,Unknown,R,Original Screenplay,Lionsgate,Lionsgate,750000.0,41196.0,187847.0,0.25046266666666667,0,0.7806938625583587,,56.0,,6957.0,13.527828485512494,12.14338308068561,8.847503625923641
De battre mon coeur s'est arrÍtÈ,2005-07-01,2005,7,Q3,2005+,Drama,Contemporary Fiction,Not Rated,Original Screenplay,WellSpring,Other,5500000.0,1023424.0,8589831.0,1.5617874545454546,1,0.8808563288381343,,73.0,,7295.0,15.520258650202699,15.96608961972732,8.894944460956886
Murderball,2005-07-08,2005,7,Q3,2005+,Documentary,Factual,PG-13,Based on Real Life Events,ThinkFilm,Other,350000.0,1531154.0,1722277.0,4.9207914285714285,1,0.11097111556387271,98.0,78.0,20.0,5699.0,12.765688433465597,14.359157810499054,8.648045999835
Fantastic Four,2005-07-08,2005,7,Q3,2005+,Action,Super Hero,PG-13,Based on Comic/Graphic Novel,20th Century Fox,20th Century Fox,87500000.0,154696080.0,330579719.0,3.7780539314285715,1,0.5320460660201601,27.0,57.0,-30.0,71675.0,18.287149351327844,19.616358395431945,11.17989729075157
Dark Water,2005-07-08,2005,7,Q3,2005+,Thriller/Suspense,Fantasy,PG-13,Remake,Walt Disney Pictures,Walt Disney Pictures,60000000.0,25473093.0,49473093.0,0.82455155,0,0.48511218006927526,46.0,56.0,-10.0,19652.0,17.909855120186375,17.71693950399048,9.885934393288538
Return to the Land of Wonders,2005-07-13,2005,7,Q3,2005+,Documentary,Factual,Not Rated,Unknown,Arab Film Distribution,Other,5000.0,1338.0,1338.0,0.2676,0,0.0,,85.0,,35.0,8.517193191416238,7.198931240688173,3.5553480614894135
Charlie and the Chocolate Factory,2005-07-15,2005,7,Q3,2005+,Comedy,Kids Fiction,PG,Remake,Warner Bros.,Warner Bros.,150000000.0,206459076.0,474459076.0,3.1630605066666666,1,0.5648537746593765,82.0,71.0,11.0,102437.0,18.82614585206053,19.977685925719463,11.537003254449258
The Wedding Crashers,2005-07-15,2005,7,Q3,2005+,Comedy,Contemporary Fiction,R,Original Screenplay,New Line,New Line,40000000.0,209218368.0,283218368.0,7.0804592,1,0.2612824885707978,,,,,17.50439001207821,19.461728776437663,
First Morning,2005-07-15,2005,7,Q3,2005+,Drama,Unknown,PG-13,Unknown,Illuminare,Other,300000.0,87264.0,87264.0,0.29088,0,0.0,,,,,12.611537753638338,11.376693285645315,
On the Outs,2005-07-15,2005,7,Q3,2005+,Drama,Unknown,R,Unknown,Fader Films,Other,250000.0,49772.0,49772.0,0.199088,0,0.0,,65.0,,445.0,12.429216196844383,10.815207855895522,6.09807428216624
The Devil's Rejects,2005-07-22,2005,7,Q3,2005+,Horror,Contemporary Fiction,R,Original Screenplay,Lionsgate,Lionsgate,7000000.0,17044981.0,20940428.0,2.991489714285714,1,0.18602518534960222,54.0,69.0,-15.0,36082.0,15.761420707019587,16.85719220254831,10.493549405012748
The Bad News Bears,2005-07-22,2005,7,Q3,2005+,Comedy,Contemporary Fiction,PG-13,Remake,Paramount Pictures,Paramount Pictures,35000000.0,32868349.0,33500620.0,0.9571605714285715,0,0.018873411895063436,,71.0,,7749.0,17.37085861945369,17.32707450408672,8.95531908176395
The Island,2005-07-22,2005,7,Q3,2005+,Action,Science Fiction,PG-13,Original Screenplay,Dreamworks SKG,Dreamworks SKG,120000000.0,35818913.0,163018913.0,1.3584909416666666,1,0.7802775620274195,40.0,69.0,-29.0,82601.0,18.60300230074632,18.909376782714844,11.321777065973317
November,2005-07-22,2005,7,Q3,2005+,Drama,Unknown,R,Unknown,Sony Pictures Classics,Sony Pictures Classics,250000.0,191862.0,191862.0,0.767448,0,0.0,,55.0,,2189.0,12.429216196844383,12.1645316425853,7.691200097522863
Hustle & Flow,2005-07-22,2005,7,Q3,2005+,Drama,Contemporary Fiction,R,Original Screenplay,Paramount Vantage,Other,2800000.0,22202809.0,23563727.0,8.415616785714287,1,0.057754785565118795,,75.0,,18688.0,14.845129975145433,16.975219096087244,9.835636885627954
Must Love Dogs,2005-07-29,2005,7,Q3,2005+,Romantic Comedy,Contemporary Fiction,PG-13,Based on Book/Short Story,Warner Bros.,Warner Bros.,35000000.0,43894863.0,58894863.0,1.6827103714285714,1,0.2546911434363978,35.0,59.0,-24.0,13491.0,17.37085861945369,17.891264429198618,9.509778075438817
Sky High,2005-07-29,2005,7,Q3,2005+,Adventure,Super Hero,PG,Original Screenplay,Walt Disney Pictures,Walt Disney Pictures,60000000.0,63939454.0,81627454.0,1.3604575666666667,1,0.2166918007757537,73.0,66.0,7.0,20923.0,17.909855120186375,18.217676209427477,9.94860431133925
Stealth,2005-07-29,2005,7,Q3,2005+,Action,Science Fiction,PG-13,Original Screenplay,Sony Pictures,Sony Pictures,138000000.0,32116746.0,76416746.0,0.553744536231884,0,0.5797158648969428,13.0,48.0,-35.0,21664.0,18.742764243121478,18.151712418600138,9.983407175712001
Junebug,2005-08-03,2005,8,Q3,2005+,Drama,Contemporary Fiction,R,Original Screenplay,Sony Pictures Classics,Sony Pictures Classics,1000000.0,2678010.0,2678010.0,2.67801,1,0.0,86.0,71.0,15.0,11457.0,13.815510557964274,14.800584539356231,9.346356175893625
The Chumscrubber,2005-08-05,2005,8,Q3,2005+,Drama,Contemporary Fiction,R,Original Screenplay,Picturehouse,Other,6800000.0,49526.0,49526.0,0.007283235294117647,0,0.0,34.0,70.0,-36.0,10449.0,15.732433170146335,10.810253063185211,9.254261559034111
My Date With Drew,2005-08-05,2005,8,Q3,2005+,Documentary,Factual,PG,Based on Real Life Events,DEJ Productions,Other,1100.0,181041.0,181041.0,164.58272727272728,1,0.0,,65.0,,2961.0,7.003065458786462,12.106478803933348,7.993282328101591
The Dukes of Hazzard,2005-08-05,2005,8,Q3,2005+,Comedy,Contemporary Fiction,PG-13,Based on TV,Warner Bros.,Warner Bros.,53000000.0,80270227.0,110570227.0,2.0862306981132077,1,0.2740339856587253,13.0,47.0,-34.0,27016.0,17.785802471516394,18.521161415514577,10.204184562065404
Saint Ralph,2005-08-05,2005,8,Q3,2005+,Comedy,Historical Fiction,PG-13,Original Screenplay,Samuel Goldwyn Films,Other,5200000.0,795126.0,795126.0,0.15290884615384615,0,0.0,,75.0,,3492.0,15.464169183551656,13.586255871644203,8.158229916959494
2046,2005-08-05,2005,8,Q3,2005+,Drama,Science Fiction,R,Original Screenplay,Sony Pictures Classics,Sony Pictures Classics,12000000.0,1442338.0,19202856.0,1.600238,1,0.9248894018681387,,75.0,,19431.0,16.300417207752275,16.770569575935827,9.874625007851026
The Great Raid,2005-08-12,2005,8,Q3,2005+,Action,Historical Fiction,R,Based on Book/Short Story,Miramax,Miramax,60000000.0,10166502.0,10597070.0,0.17661783333333334,0,0.04063085362274667,36.0,68.0,-32.0,8894.0,17.909855120186375,16.176088105778263,9.093132171070641
Deuce Bigalow: European Gigolo,2005-08-12,2005,8,Q3,2005+,Comedy,Contemporary Fiction,R,Original Screenplay,Sony Pictures,Sony Pictures,22000000.0,22400154.0,44400154.0,2.018188818181818,1,0.49549377689095403,10.0,43.0,-33.0,18228.0,16.90655301132259,17.608753495864907,9.810714152383774
Four Brothers,2005-08-12,2005,8,Q3,2005+,Drama,Contemporary Fiction,R,Original Screenplay,Paramount Pictures,Paramount Pictures,30000000.0,74494381.0,92494381.0,3.083146033333333,1,0.1946064161454305,52.0,68.0,-16.0,38311.0,17.216707939626428,18.3426584546916,10.55349234019923
11:14,2005-08-12,2005,8,Q3,2005+,Unknown,Unknown,R,Unknown,Unknown,Unknown,6000000.0,0.0,0.0,0.0,0,,,73.0,,18261.0,15.60727002719233,,9.812522917162035
The Skeleton Key,2005-08-12,2005,8,Q3,2005+,Horror,Contemporary Fiction,PG-13,Original Screenplay,Universal,Universal,40000000.0,47907715.0,92907715.0,2.322692875,1,0.4843515955590986,38.0,65.0,-27.0,29810.0,17.50439001207821,18.347117246622243,10.302599186672117
Supercross,2005-08-17,2005,8,Q3,2005+,Action,Contemporary Fiction,PG-13,Original Screenplay,20th Century Fox,20th Century Fox,30000000.0,3102550.0,3252550.0,0.10841833333333334,0,0.0461176615271095,6.0,29.0,-23.0,2514.0,17.216707939626428,14.994949862040798,7.829630389150193
Valiant,2005-08-19,2005,8,Q3,2005+,Adventure,Kids Fiction,G,Original Screenplay,Walt Disney Pictures,Walt Disney Pictures,35000000.0,19478106.0,61746888.0,1.7641968,1,0.6845491873209869,30.0,56.0,-26.0,7158.0,17.37085861945369,17.93855413544127,8.875985891325971
The 40 Year-old Virgin,2005-08-19,2005,8,Q3,2005+,Comedy,Contemporary Fiction,R,Original Screenplay,Universal,Universal,26000000.0,109449237.0,177339049.0,6.820732653846154,1,0.3828249468057089,,75.0,,94557.0,17.073607095985757,18.9935739893214,11.456958106248324
Red-Eye,2005-08-19,2005,8,Q3,2005+,Thriller/Suspense,Contemporary Fiction,PG-13,Original Screenplay,Dreamworks SKG,Dreamworks SKG,26000000.0,57891803.0,95891803.0,3.6881462692307694,1,0.39627996148951333,,65.0,,42489.0,17.073607095985757,18.378731061747963,10.657000497882507
Undiscovered,2005-08-26,2005,8,Q3,2005+,Romantic Comedy,Contemporary Fiction,PG-13,Original Screenplay,Lionsgate,Lionsgate,9000000.0,1069318.0,1069318.0,0.1188131111111111,0,0.0,8.0,37.0,-29.0,1981.0,16.012735135300492,13.882531620045507,7.591357046698551
The Brothers Grimm,2005-08-26,2005,8,Q3,2005+,Adventure,Fantasy,PG-13,Original Screenplay,Miramax/Dimension,Other,80000000.0,37899638.0,105299638.0,1.316245475,1,0.6400781738679862,37.0,59.0,-22.0,43532.0,18.197537192638155,18.472320539301524,10.681251578815953
The Cave,2005-08-26,2005,8,Q3,2005+,Horror,Science Fiction,PG-13,Original Screenplay,Sony/Screen Gems,Other,30000000.0,15007991.0,27147991.0,0.9049330333333333,0,0.4471785775971415,12.0,48.0,-36.0,13025.0,17.216707939626428,17.116813605289597,9.474625866621567
The Constant Gardener,2005-08-31,2005,8,Q3,2005+,Drama,Historical Fiction,R,Based on Book/Short Story,Focus Features,Focus Features,25500000.0,33579798.0,81079798.0,3.1795999215686273,1,0.5858426040972623,83.0,76.0,7.0,50763.0,17.054189010128656,18.21094438817842,10.834923021736737
The Transporter 2,2005-09-02,2005,9,Q3,2005+,Action,Contemporary Fiction,PG-13,Original Screenplay,20th Century Fox,20th Century Fox,32000000.0,43095856.0,85095856.0,2.6592455,1,0.49356104955334135,,66.0,,51005.0,17.281246460764002,18.25928889670576,10.839678946116619
A Sound of Thunder,2005-09-02,2005,9,Q3,2005+,Action,Science Fiction,PG-13,Based on Book/Short Story,Warner Bros.,Warner Bros.,80000000.0,1900451.0,6300451.0,0.0787556375,0,0.6983627045111532,6.0,41.0,-35.0,9915.0,18.197537192638155,15.6561317761011,9.201804040953895
Underclassman,2005-09-02,2005,9,Q3,2005+,Thriller/Suspense,Contemporary Fiction,PG-13,Original Screenplay,Miramax,Miramax,25000000.0,5654777.0,5654777.0,0.22619108,0,0.0,,33.0,,3249.0,17.034386382832476,15.548011232625722,8.0861025356691
An Unfinished Life,2005-09-09,2005,9,Q3,2005+,Drama,Contemporary Fiction,PG-13,Original Screenplay,Miramax,Miramax,30000000.0,8535575.0,18535575.0,0.6178525,0,0.5395030906783307,53.0,71.0,-18.0,11770.0,17.216707939626428,16.735202416475857,9.373309200254322
The Man,2005-09-09,2005,9,Q3,2005+,Comedy,Contemporary Fiction,PG-13,Original Screenplay,New Line,New Line,20000000.0,8330720.0,10393696.0,0.5196848,0,0.19848338839234858,11.0,54.0,-43.0,9356.0,16.811242831518264,16.15671002647993,9.143773127704069
Side Effects,2005-09-09,2005,9,Q3,2005+,Romantic Comedy,Unknown,R,Original Screenplay,Sky Island,Other,200000.0,44701.0,44701.0,0.223505,0,0.0,11.0,,,,12.206072645530174,10.707751151716078,
The Exorcism of Emily Rose,2005-09-09,2005,9,Q3,2005+,Thriller/Suspense,Dramatization,PG-13,Based on Real Life Events,Sony/Screen Gems,Other,18000000.0,75072454.0,144216468.0,8.012026,1,0.47944603663431834,45.0,68.0,-23.0,32425.0,16.70588231586044,18.786825978791047,10.386685009184644
Venom,2005-09-16,2005,9,Q3,2005+,Horror,Contemporary Fiction,R,Original Screenplay,Miramax/Dimension,Other,25000000.0,881745.0,881745.0,0.0352698,0,0.0,10.0,46.0,-36.0,4220.0,17.034386382832476,13.689658177540684,8.347590407030058
Just Like Heaven,2005-09-16,2005,9,Q3,2005+,Romantic Comedy,Contemporary Fiction,PG-13,Based on Book/Short Story,Dreamworks SKG,Dreamworks SKG,58000000.0,48318130.0,100687083.0,1.7359841896551724,1,0.5201159020566719,57.0,68.0,-11.0,29457.0,17.875953568510692,18.42752807736589,10.2906868518374
Proof,2005-09-16,2005,9,Q3,2005+,Drama,Contemporary Fiction,PG-13,Based on Play,Miramax,Miramax,20000000.0,7535331.0,8284331.0,0.41421655,0,0.09041164579252084,64.0,69.0,-5.0,18622.0,16.811242831518264,15.929876457242104,9.832098956448474
Lord of War,2005-09-16,2005,9,Q3,2005+,Action,Contemporary Fiction,R,Original Screenplay,Lionsgate,Lionsgate,42000000.0,24149632.0,62142629.0,1.4795864047619047,1,0.6113838054711204,61.0,77.0,-16.0,80124.0,17.553180176247643,17.944942768726538,11.29133071364587
The Corpse Bride,2005-09-16,2005,9,Q3,2005+,Adventure,Fantasy,PG,Traditional/Legend/Fairytale,Warner Bros.,Warner Bros.,30000000.0,53359111.0,117359111.0,3.9119703666666665,1,0.5453347375816437,,,,,17.216707939626428,18.580749116787352,
Thumbsucker,2005-09-16,2005,9,Q3,2005+,Comedy,Contemporary Fiction,R,Based on Book/Short Story,Sony Pictures Classics,Sony Pictures Classics,4000000.0,1328679.0,1919197.0,0.47979925,0,0.30769014332556793,70.0,67.0,3.0,12109.0,15.201804919084164,14.467417427355088,9.401704256754366
Cry Wolf,2005-09-16,2005,9,Q3,2005+,Thriller/Suspense,Contemporary Fiction,PG-13,Original Screenplay,Focus/Rogue Pictures,Other,1000000.0,10047674.0,15585495.0,15.585495,1,0.3553189038910859,24.0,64.0,-40.0,372.0,13.815510557964274,16.561851231988147,5.918893854273146
Chocolate: Deep Dark Secrets,2005-09-16,2005,9,Q3,2005+,Thriller/Suspense,Contemporary Fiction,Not Rated,Original Screenplay,Eros Entertainment,Other,1000000.0,49000.0,1549000.0,1.549,1,0.9683666881859264,,46.0,,527.0,13.815510557964274,14.253120119399005,6.267200548541362
Oliver Twist,2005-09-23,2005,9,Q3,2005+,Drama,Historical Fiction,PG-13,Based on Book/Short Story,Sony/TriStar,Other,65000000.0,2070920.0,26670920.0,0.41032184615384615,0,0.922352884714888,59.0,70.0,-11.0,10748.0,17.98989782785991,17.099084391251274,9.282474969735382
Dil Jo Bhi Kahey...,2005-09-23,2005,9,Q3,2005+,Drama,Unknown,Not Rated,Original Screenplay,Eros Entertainment,Other,1600000.0,129319.0,129319.0,0.080824375,0,0.0,,50.0,,159.0,14.28551418721001,11.770037499053517,5.0689042022202315
Proud,2005-09-23,2005,9,Q3,2005+,Drama,Dramatization,PG,Based on Real Life Events,Castle Hill Productions,Other,1000000.0,0.0,0.0,0.0,0,,,57.0,,161.0,13.815510557964274,,5.081404364984463
A History of Violence,2005-09-23,2005,9,Q3,2005+,Drama,Contemporary Fiction,R,Based on Comic/Graphic Novel,New Line,New Line,32000000.0,31493782.0,59993782.0,1.8748056875,1,0.47504923093529927,87.0,76.0,11.0,79738.0,17.281246460764002,17.909751481482736,11.286501539105876
Dear Wendy,2005-09-23,2005,9,Q3,2005+,Drama,Unknown,Not Rated,Original Screenplay,WellSpring,Other,8000000.0,23106.0,446438.0,0.05580475,0,0.9482436530940467,37.0,66.0,-29.0,5574.0,15.89495209964411,13.009055811874301,8.625868208041894
Roll Bounce,2005-09-23,2005,9,Q3,2005+,Comedy,Contemporary Fiction,PG-13,Original Screenplay,Fox Searchlight,Fox Searchlight,10000000.0,17380866.0,17500866.0,1.7500866,1,0.006856803543321799,64.0,50.0,14.0,3167.0,16.11809565095832,16.67776092338365,8.06054004653864
Flightplan,2005-09-23,2005,9,Q3,2005+,Thriller/Suspense,Contemporary Fiction,PG-13,Original Screenplay,Walt Disney Pictures,Walt Disney Pictures,55000000.0,89706988.0,225706988.0,4.103763418181818,1,0.6025511270390973,38.0,62.0,-24.0,45305.0,17.822843743196746,19.234748202761725,10.721172680656162
Forty Shades of Blue,2005-09-28,2005,9,Q3,2005+,Drama,Unknown,R,Original Screenplay,Vitagraph Films,Other,1500000.0,75828.0,172569.0,0.115046,0,0.5605931540427307,,60.0,,873.0,14.22097566607244,12.058552435474878,6.771935555839602
MirrorMask,2005-09-30,2005,9,Q3,2005+,Drama,Fantasy,PG,Original Screenplay,Samuel Goldwyn Films,Other,4000000.0,864959.0,864959.0,0.21623975,0,0.0,53.0,70.0,-17.0,10398.0,15.201804919084164,13.670437385946725,9.24936875894366
Into the Blue,2005-09-30,2005,9,Q3,2005+,Adventure,Contemporary Fiction,PG-13,Original Screenplay,Sony Pictures,Sony Pictures,50000000.0,18782227.0,41982227.0,0.83964454,0,0.5526148005440493,21.0,57.0,-36.0,22859.0,17.72753356339242,17.552756920020695,10.037100191860048
Serenity,2005-09-30,2005,9,Q3,2005+,Action,Science Fiction,PG-13,Based on TV,Universal,Universal,39000000.0,25514517.0,38514517.0,0.987551717948718,0,0.3375350650249619,81.0,80.0,1.0,106648.0,17.47907220409392,17.46654579312196,11.577288970793512
My Big Fat Independent Movie,2005-09-30,2005,9,Q3,2005+,Comedy,Contemporary Fiction,R,Unknown,Big Fat Movies,Other,3000000.0,4655.0,4655.0,0.0015516666666666667,0,0.0,23.0,32.0,-9.0,1119.0,14.914122846632385,8.445697189711167,7.020190708311925
The Greatest Game Ever Played,2005-09-30,2005,9,Q3,2005+,Drama,Dramatization,PG,Based on Book/Short Story,Walt Disney Pictures,Walt Disney Pictures,25000000.0,15331289.0,15425073.0,0.61700292,0,0.0060799712260681035,62.0,73.0,-11.0,7876.0,17.034386382832476,16.55150486032151,8.971575439759016
Duma,2005-09-30,2005,9,Q3,2005+,Adventure,Unknown,PG,Based on Book/Short Story,Warner Bros.,Warner Bros.,12000000.0,870067.0,994790.0,0.08289916666666666,0,0.12537621005438335,93.0,72.0,21.0,2966.0,16.300417207752275,13.81028693858905,7.994969522697877
Capote,2005-09-30,2005,9,Q3,2005+,Drama,Dramatization,R,Based on Real Life Events,Sony Pictures Classics,Sony Pictures Classics,7000000.0,28750530.0,46309352.0,6.615621714285714,1,0.3791636298430606,90.0,76.0,14.0,41472.0,15.761420707019587,17.650854485700865,10.632773779711947
The Squid and the Whale,2005-10-05,2005,10,Q4,2005+,Drama,Dramatization,R,Based on Real Life Events,IDP/Goldwyn/Roadside,Other,1500000.0,7372734.0,11098131.0,7.398754,1,0.33567787224713785,93.0,76.0,17.0,23521.0,14.22097566607244,16.222287273726952,10.065648918115544
Wallace & Gromit: The Curse of the Were-Rabbit,2005-10-05,2005,10,Q4,2005+,Adventure,Kids Fiction,G,Original Screenplay,Dreamworks SKG,Dreamworks SKG,30000000.0,56068547.0,185724838.0,6.190827933333333,1,0.6981095926437152,95.0,79.0,16.0,38158.0,17.216707939626428,19.039776770744393,10.549490713287256
Good Night and Good Luck,2005-10-07,2005,10,Q4,2005+,Drama,Dramatization,PG,Based on Real Life Events,Warner Independent,Other,7000000.0,31501218.0,54601218.0,7.800174,1,0.423067485417633,,77.0,,42797.0,15.761420707019587,17.815566748158627,10.664223285655282
Waiting...,2005-10-07,2005,10,Q4,2005+,Comedy,Contemporary Fiction,R,Original Screenplay,Lionsgate,Lionsgate,1125000.0,16124543.0,16285543.0,14.476038222222222,1,0.009886068889443846,30.0,,,,13.933293593620657,16.605788339704286,
2 For the Money,2005-10-07,2005,10,Q4,2005+,Drama,Contemporary Fiction,R,Original Screenplay,Universal,Universal,20000000.0,22991379.0,27848418.0,1.3924209,1,0.1744098713255453,,,,,16.811242831518264,17.142286718415345,
Dungeons & Dragons 2: The Elemental Might,2005-10-08,2005,10,Q4,2005+,Unknown,Fantasy,Unknown,Based on Game,Warner Bros.,Warner Bros.,15000000.0,0.0,909822.0,0.0606548,0,1.0,,,,,16.523560759066484,13.721004254964393,
The Dark Hours,2005-10-13,2005,10,Q4,2005+,Horror,Unknown,R,Unknown,Freestyle Releasing,Other,400000.0,423.0,423.0,0.0010575,0,0.0,,63.0,,2804.0,12.89921982609012,6.0473721790462776,7.938802248154481
The Fog,2005-10-14,2005,10,Q4,2005+,Horror,Contemporary Fiction,PG-13,Remake,Sony Pictures,Sony Pictures,18000000.0,29511112.0,37048526.0,2.0582514444444446,1,0.20344706831251533,5.0,33.0,-28.0,15760.0,16.70588231586044,17.427739124839388,9.66523036341187
Domino,2005-10-14,2005,10,Q4,2005+,Action,Dramatization,R,Based on Real Life Events,New Line,New Line,50000000.0,10169202.0,17759202.0,0.35518404,0,0.42738406827063513,19.0,59.0,-40.0,32560.0,17.72753356339242,16.692414362086375,10.390839820116476
Where the Truth Lies,2005-10-14,2005,10,Q4,2005+,Drama,Unknown,Not Rated,Based on Book/Short Story,ThinkFilm,Other,25000000.0,872142.0,1415656.0,0.05662624,0,0.3839308419559554,41.0,66.0,-25.0,8951.0,17.034386382832476,14.163103585868514,9.099520536870939
Elizabethtown,2005-10-14,2005,10,Q4,2005+,Drama,Contemporary Fiction,PG-13,Original Screenplay,Paramount Pictures,Paramount Pictures,54000000.0,26850426.0,50719373.0,0.9392476481481481,0,0.47060808500136625,28.0,64.0,-36.0,31775.0,17.80449460452855,17.741818506029453,10.366435096057655
"Kiss Kiss, Bang Bang",2005-10-21,2005,10,Q4,2005+,Comedy,Contemporary Fiction,R,Based on Book/Short Story,Warner Bros.,Warner Bros.,15000000.0,4235837.0,13105837.0,0.8737224666666666,0,0.6767976741966194,83.0,,,,16.523560759066484,16.388568261452505,
The Work and the Glory: American Zion,2005-10-21,2005,10,Q4,2005+,Drama,Historical Fiction,PG-13,Based on Book/Short Story,Vineyard Distribution,Other,6500000.0,2025032.0,2025032.0,0.3115433846153846,0,0.0,,56.0,,365.0,15.687312734865866,14.521096060867055,5.8998973535824915
Doom,2005-10-21,2005,10,Q4,2005+,Horror,Science Fiction,R,Based on Game,Universal,Universal,70000000.0,28212337.0,54612337.0,0.7801762428571428,0,0.4834072564959086,19.0,52.0,-33.0,39473.0,18.064005800013632,17.815770367572693,10.583372172862495
The Californians,2005-10-21,2005,10,Q4,2005+,Drama,Contemporary Fiction,PG,Original Screenplay,Fabrication Films,Other,500000.0,4134.0,4134.0,0.008268,0,0.0,,51.0,,226.0,13.122363377404328,8.327000740241713,5.420534999272286
North Country,2005-10-21,2005,10,Q4,2005+,Drama,Dramatization,R,Based on Real Life Events,Warner Bros.,Warner Bros.,30000000.0,18324242.0,23624242.0,0.7874747333333333,0,0.22434582239717998,69.0,72.0,-3.0,16497.0,17.216707939626428,16.977783946173272,9.710933825175925
Saw II,2005-10-28,2005,10,Q4,2005+,Horror,Contemporary Fiction,R,Original Screenplay,Lionsgate,Lionsgate,5000000.0,87025093.0,152925093.0,30.5850186,1,0.43092993247354117,36.0,68.0,-32.0,76530.0,15.424948470398375,18.845458771233965,11.245438099803966
The Weather Man,2005-10-28,2005,10,Q4,2005+,Drama,Contemporary Fiction,R,Original Screenplay,Paramount Pictures,Paramount Pictures,20000000.0,12482775.0,15466961.0,0.77334805,0,0.1929393886749957,58.0,69.0,-11.0,35394.0,16.811242831518264,16.554216758519715,10.47429759323113
The Legend of Zorro,2005-10-28,2005,10,Q4,2005+,Adventure,Historical Fiction,PG,Remake,Sony Pictures,Sony Pictures,80000000.0,45575336.0,141475336.0,1.7684417,1,0.6778566689532372,26.0,57.0,-31.0,21161.0,18.197537192638155,18.767635955967954,9.959915143834772
Jarhead,2005-11-04,2005,11,Q4,2005+,Drama,Dramatization,R,Based on Book/Short Story,Universal,Universal,72000000.0,62647540.0,96947540.0,1.3464936111111112,1,0.35379959099529495,61.0,72.0,-11.0,60650.0,18.09217667698033,18.38968056542694,11.012874914372196
Chicken Little,2005-11-04,2005,11,Q4,2005+,Adventure,Kids Fiction,G,Original Screenplay,Walt Disney Pictures,Walt Disney Pictures,60000000.0,135386665.0,314432738.0,5.240545633333333,1,0.5694256715724048,36.0,58.0,-22.0,17415.0,17.909855120186375,19.56628074159706,9.765087182800102
Show Me,2005-11-04,2005,11,Q4,2005+,Thriller/Suspense,Contemporary Fiction,R,Original Screenplay,Wolfe Releasing,Other,400000.0,0.0,0.0,0.0,0,,,59.0,,288.0,12.89921982609012,,5.662960480135946
Get Rich or Die Tryin',2005-11-09,2005,11,Q4,2005+,Drama,Contemporary Fiction,R,Original Screenplay,Paramount Pictures,Paramount Pictures,40000000.0,30981850.0,46437122.0,1.16092805,1,0.3328214870852677,16.0,40.0,-24.0,18126.0,17.50439001207821,17.65360974043604,9.805102650614726
Zathura,2005-11-11,2005,11,Q4,2005+,Adventure,Fantasy,PG,Based on Book/Short Story,Sony Pictures,Sony Pictures,65000000.0,28045540.0,58545540.0,0.9007006153846154,0,0.5209619725089221,75.0,,,,17.98989782785991,17.885315470896522,
Pride and Prejudice,2005-11-11,2005,11,Q4,2005+,Drama,Historical Fiction,PG,Based on Book/Short Story,Focus Features,Focus Features,28000000.0,38372662.0,120918508.0,4.318518142857143,1,0.6826568352960491,85.0,55.0,30.0,1230.0,17.14771506813948,18.610627389063055,7.114769448366463
Derailed,2005-11-11,2005,11,Q4,2005+,Action,Contemporary Fiction,R,Based on Book/Short Story,Weinstein Co.,Weinstein Co.,22000000.0,36020063.0,54962616.0,2.4983007272727273,1,0.34464431241773497,20.0,34.0,-14.0,3317.0,16.90655301132259,17.822163802998883,8.106816038947052
Harry Potter and the Goblet of Fire,2005-11-18,2005,11,Q4,2005+,Adventure,Fantasy,PG-13,Based on Book/Short Story,Warner Bros.,Warner Bros.,150000000.0,290013036.0,896013036.0,5.97342024,1,0.676329445724716,88.0,76.0,12.0,111946.0,18.82614585206053,20.61346551994051,11.625771891151848
Walk the Line,2005-11-18,2005,11,Q4,2005+,Drama,Dramatization,PG-13,Based on Real Life Events,20th Century Fox,20th Century Fox,29000000.0,119519402.0,184319402.0,6.3558414482758625,1,0.3515636405981829,82.0,79.0,3.0,85235.0,17.182806387950748,19.0321806911089,11.353167426585026
Rent,2005-11-23,2005,11,Q4,2005+,Musical,Historical Fiction,PG-13,Based on Musical/Opera,Sony Pictures,Sony Pictures,40000000.0,29077547.0,31670620.0,0.7917655,0,0.08187629418053705,47.0,69.0,-22.0,22605.0,17.50439001207821,17.27089999520984,10.025926399728705
The Libertine,2005-11-23,2005,11,Q4,2005+,Drama,Historical Fiction,R,Based on Play,Weinstein Co.,Weinstein Co.,22000000.0,4835065.0,9448623.0,0.4294828636363636,0,0.48827834489745225,,64.0,,16266.0,16.90655301132259,16.061379574566853,9.69683231872672
"Yours, Mine and Ours",2005-11-23,2005,11,Q4,2005+,Comedy,Contemporary Fiction,PG,Remake,Paramount Pictures,Paramount Pictures,45000000.0,53359917.0,72359917.0,1.6079981555555556,1,0.26257631003086973,,76.0,,259.0,17.622173047734595,18.097163071448147,5.556828061699537
Syriana,2005-11-23,2005,11,Q4,2005+,Thriller/Suspense,Contemporary Fiction,R,Based on Book/Short Story,Warner Bros.,Warner Bros.,50000000.0,50824620.0,95024620.0,1.9004924,1,0.46514261251452516,72.0,71.0,1.0,53265.0,17.72753356339242,18.369646573883944,10.883034734045298
Aeon Flux,2005-12-02,2005,12,Q4,2005+,Action,Science Fiction,PG-13,Based on TV,Paramount Pictures,Paramount Pictures,55000000.0,25857987.0,47953341.0,0.8718789272727273,0,0.46076777007049413,10.0,81.0,-71.0,1193.0,17.822843743196746,17.68573903361302,7.084226422097916
Transamerica,2005-12-02,2005,12,Q4,2005+,Drama,Contemporary Fiction,R,Original Screenplay,Weinstein Co.,Weinstein Co.,1000000.0,9015303.0,15151744.0,15.151744,1,0.40499898889527175,76.0,76.0,0.0,19343.0,13.815510557964274,16.533626198805923,9.870085875902097
The World's Fastest Indian,2005-12-07,2005,12,Q4,2005+,Drama,Dramatization,PG-13,Based on Real Life Events,Magnolia Pictures,Other,25000000.0,5128124.0,16509706.0,0.66038824,0,0.6893873216155394,82.0,79.0,3.0,19687.0,17.034386382832476,16.619459008348297,9.887713798420087
"The Chronicles of Narnia: The Lion, the Witch and the Wardrobe",2005-12-09,2005,12,Q4,2005+,Adventure,Fantasy,PG,Based on Book/Short Story,Walt Disney Pictures,Walt Disney Pictures,180000000.0,291710957.0,748806957.0,4.16003865,1,0.6104323627431255,76.0,,,,19.008467408854486,20.43399177394988,
Memoirs of a Geisha,2005-12-09,2005,12,Q4,2005+,Drama,Historical Fiction,PG-13,Based on Book/Short Story,Sony Pictures,Sony Pictures,85000000.0,57010853.0,161510853.0,1.9001276823529412,1,0.6470153432970848,36.0,71.0,-35.0,38695.0,18.258161814454592,18.900082899607472,10.56346567170456
Neal n' Nikki,2005-12-09,2005,12,Q4,2005+,Drama,Unknown,Not Rated,Unknown,Yash Raj Films,Other,1300000.0,100358.0,329621.0,0.2535546153846154,0,0.6955351752467227,,35.0,,494.0,14.077874822431765,12.705698788580062,6.202535517187923
Brokeback Mountain,2005-12-09,2005,12,Q4,2005+,Drama,Historical Fiction,R,Based on Book/Short Story,Focus Features,Focus Features,13900000.0,83043761.0,180343761.0,12.974371294964028,1,0.5395251793600999,87.0,78.0,9.0,115951.0,16.44739939810092,19.01037537087014,11.66092296705356
Mrs. Henderson Presents,2005-12-09,2005,12,Q4,2005+,Comedy,Historical Fiction,R,Original Screenplay,Weinstein Co.,Weinstein Co.,20000000.0,11036366.0,14466366.0,0.7233183,0,0.237101701975465,66.0,71.0,-5.0,8831.0,16.811242831518264,16.487336926776408,9.086023537468803
King Kong,2005-12-14,2005,12,Q4,2005+,Adventure,Fantasy,PG-13,Remake,Universal,Universal,207000000.0,218080025.0,550517357.0,2.6595041400966184,1,0.6038634890852315,83.0,76.0,7.0,132720.0,19.14822935122964,20.126369043148582,11.795996924864326
Hoodwinked,2005-12-16,2005,12,Q4,2005+,Comedy,Fantasy,PG,Traditional/Legend/Fairytale,Weinstein Co.,Weinstein Co.,17500000.0,51386611.0,110011106.0,6.286348914285714,1,0.5328961514122038,,67.0,,20461.0,16.67771143889374,18.516091882296568,9.92627591416656
The Producers: The Movie Musical,2005-12-16,2005,12,Q4,2005+,Musical,Historical Fiction,PG-13,Remake,Universal,Universal,45000000.0,19398532.0,32952995.0,0.7322887777777778,0,0.4113271949939603,,,,,17.622173047734595,17.310592710077966,
The Family Stone,2005-12-16,2005,12,Q4,2005+,Comedy,Contemporary Fiction,PG-13,Original Screenplay,20th Century Fox,20th Century Fox,18000000.0,60062868.0,91762868.0,5.097937111111111,1,0.3454556368050746,52.0,63.0,-11.0,24434.0,16.70588231586044,18.334718285745947,10.103730883964005
Fun With Dick And Jane,2005-12-21,2005,12,Q4,2005+,Comedy,Contemporary Fiction,PG-13,Remake,Sony Pictures,Sony Pictures,140000000.0,110550000.0,202250000.0,1.4446428571428571,1,0.4533992583436341,29.0,63.0,-34.0,1788.0,18.75715298057358,19.125015113902876,7.488852955733459
Cheaper by the Dozen 2,2005-12-21,2005,12,Q4,2005+,Comedy,Contemporary Fiction,PG,Remake,20th Century Fox,20th Century Fox,60000000.0,82571173.0,135015330.0,2.2502555,1,0.3884311285244424,7.0,52.0,-45.0,11858.0,17.909855120186375,18.720898885511314,9.380758024267314
The White Countess,2005-12-21,2005,12,Q4,2005+,Drama,Historical Fiction,PG-13,Original Screenplay,Sony Pictures Classics,Sony Pictures Classics,16000000.0,1669971.0,2814566.0,0.175910375,0,0.4066683815550959,51.0,65.0,-14.0,2855.0,16.588099280204055,14.85031863360239,7.956827122090111
Munich,2005-12-23,2005,12,Q4,2005+,Drama,Dramatization,R,Based on Real Life Events,Universal,Universal,75000000.0,47379090.0,130279090.0,1.7370545333333334,1,0.6363262132088887,78.0,78.0,0.0,79529.0,18.132998671500584,18.68518955339243,11.283877014000634
CachÈ,2005-12-23,2005,12,Q4,2005+,Drama,Contemporary Fiction,R,Original Screenplay,Sony Pictures Classics,Sony Pictures Classics,8000000.0,3647381.0,17147381.0,2.143422625,1,0.7872922401385961,,55.0,,26.0,15.89495209964411,16.657356008544394,3.258096538021482
Wolf Creek,2005-12-25,2005,12,Q4,2005+,Horror,Dramatization,R,Based on Real Life Events,Weinstein Co.,Weinstein Co.,1100000.0,16186348.0,27649774.0,25.136158181818182,1,0.4145938408031834,,63.0,,22594.0,13.9108207377686,17.13512811230066,10.025439663286875
The New World,2005-12-25,2005,12,Q4,2005+,Adventure,Historical Fiction,PG-13,Original Screenplay,New Line,New Line,30000000.0,12712093.0,26184400.0,0.8728133333333333,0,0.5145165442018912,60.0,69.0,-9.0,33248.0,17.216707939626428,17.080674371551204,10.411749893898953
Match Point,2005-12-28,2005,12,Q4,2005+,Thriller/Suspense,Contemporary Fiction,R,Original Screenplay,Dreamworks SKG,Dreamworks SKG,15000000.0,23089926.0,87989926.0,5.865995066666667,1,0.7375844366547143,77.0,78.0,-1.0,65704.0,16.523560759066484,18.29273288861673,11.092915085420028
The Matador,2005-12-30,2005,12,Q4,2005+,Thriller/Suspense,Contemporary Fiction,R,Original Screenplay,Weinstein Co.,Weinstein Co.,10000000.0,12578537.0,17290120.0,1.729012,1,0.27250146326341285,76.0,69.0,7.0,25035.0,16.11809565095832,16.66564579806338,10.128030124764045
Doogal,2005-12-31,2005,12,Q4,2005+,Adventure,Kids Fiction,G,Based on TV,Weinstein Co.,Weinstein Co.,20000000.0,7578946.0,26942802.0,1.3471401,1,0.7187023829221623,,25.0,,2709.0,16.811242831518264,17.109226732446626,7.904334842085095
Hostel,2006-01-06,2006,1,Q1,2005+,Horror,Contemporary Fiction,R,Original Screenplay,Lionsgate,Lionsgate,4800000.0,47326473.0,80578934.0,16.787277916666667,1,0.4126694081110579,,57.0,,64642.0,15.38412647587812,18.204747808550866,11.076619633310386
Fateless,2006-01-06,2006,1,Q1,2005+,Drama,Unknown,R,Based on Real Life Events,ThinkFilm,Other,12000000.0,196857.0,196857.0,0.01640475,0,0.0,,60.0,,462.0,16.300417207752275,12.190232855810759,6.135564891081739
BloodRayne,2006-01-06,2006,1,Q1,2005+,Action,Fantasy,R,Based on Game,Romar,Other,25000000.0,2405420.0,2405420.0,0.0962168,0,0.0,4.0,27.0,-23.0,20137.0,17.034386382832476,14.693235082449513,9.910314197878405
Last Holiday,2006-01-13,2006,1,Q1,2005+,Comedy,Contemporary Fiction,PG-13,Remake,Paramount Pictures,Paramount Pictures,45000000.0,38399961.0,43343247.0,0.9631832666666666,0,0.11404973882090559,54.0,63.0,-9.0,8060.0,17.622173047734595,17.584661470509374,8.994668835500674
End of the Spear,2006-01-20,2006,1,Q1,2005+,Drama,Historical Fiction,PG-13,Original Screenplay,M Power Releasing,Other,10000000.0,11748661.0,11748661.0,1.1748661,1,0.0,,67.0,,2884.0,16.11809565095832,16.27924983461399,7.96693349840484
Underworld: Evolution,2006-01-20,2006,1,Q1,2005+,Action,Fantasy,R,Original Screenplay,Sony/Screen Gems,Other,45000000.0,62318875.0,111318875.0,2.473752777777778,1,0.4401769241739103,15.0,66.0,-51.0,48551.0,17.622173047734595,18.52790938857018,10.790370070829697
Imagine Me & You,2006-01-27,2006,1,Q1,2005+,Romantic Comedy,Contemporary Fiction,R,Original Screenplay,Fox Searchlight,Fox Searchlight,7900000.0,672243.0,972243.0,0.12306873417721519,0,0.3085648341001169,,67.0,,9534.0,15.88237331743725,13.787361052197783,9.162619635764772
Big Momma's House 2,2006-01-27,2006,1,Q1,2005+,Comedy,Contemporary Fiction,PG-13,Original Screenplay,20th Century Fox,20th Century Fox,40000000.0,70165972.0,137047376.0,3.4261844,1,0.48801666950558764,6.0,40.0,-34.0,11368.0,17.50439001207821,18.735837234232804,9.338557669776936
Nanny McPhee,2006-01-27,2006,1,Q1,2005+,Comedy,Fantasy,PG,Based on Book/Short Story,Universal,Universal,25000000.0,47279279.0,122540909.0,4.90163636,1,0.6141755485100898,73.0,67.0,6.0,13391.0,17.034386382832476,18.623955483220232,9.502338118495565
Bubble,2006-01-27,2006,1,Q1,2005+,Drama,Contemporary Fiction,R,Original Screenplay,Magnolia Pictures,Other,1600000.0,145382.0,145382.0,0.09086375,0,0.0,,46.0,,101.0,14.28551418721001,11.887120039994487,4.61512051684126
Tristram Shandy: A Cock and Bull Story,2006-01-27,2006,1,Q1,2005+,Comedy,Contemporary Fiction,R,Based on Book/Short Story,Picturehouse,Other,4750000.0,1253413.0,3061763.0,0.6445816842105263,0,0.5906237680708795,,,,,15.373655176010823,14.9345014518123,
Manderlay,2006-01-27,2006,1,Q1,2005+,Drama,Historical Fiction,Not Rated,Original Screenplay,IFC Films,Other,14200000.0,74205.0,543306.0,0.03826098591549296,0,0.8634195094477145,,74.0,,8986.0,16.46875252257149,13.205427976100943,9.103423089630105
Rang De Basanti,2006-01-27,2006,1,Q1,2005+,Drama,Contemporary Fiction,Not Rated,Original Screenplay,UTV Communications,Other,5300000.0,2197694.0,29197694.0,5.508998867924528,1,0.9247305626259389,,81.0,,12116.0,15.483217378522351,17.18960029151727,9.402282172147128
Les BronzÈs 3: amis pour la vie,2006-02-01,2006,2,Q1,2005+,Comedy,Contemporary Fiction,Unknown,Unknown,Unknown,Unknown,42000000.0,0.0,83833602.0,1.9960381428571428,1,1.0,,44.0,,1254.0,17.553180176247643,18.244344463602197,7.134093721192866
When a Stranger Calls,2006-02-03,2006,2,Q1,2005+,Horror,Contemporary Fiction,PG-13,Remake,Sony/Screen Gems,Other,15000000.0,47860214.0,66966987.0,4.4644658,1,0.2853163007020161,9.0,47.0,-38.0,16505.0,16.523560759066484,18.01971032457998,9.711418644287294
The Pink Panther,2006-02-10,2006,2,Q1,2005+,Comedy,Historical Fiction,PG,Unknown,Sony Pictures,Sony Pictures,80000000.0,82226474.0,158926474.0,1.986580925,1,0.4826131107646672,22.0,51.0,-29.0,28456.0,18.197537192638155,18.8839522255589,10.256114313628292
Curious George,2006-02-10,2006,2,Q1,2005+,Comedy,Contemporary Fiction,G,Based on Book/Short Story,Universal,Universal,50000000.0,58640119.0,70114174.0,1.40228348,1,0.16364815194143198,69.0,67.0,2.0,5393.0,17.72753356339242,18.065635528427414,8.592857095337227
Final Destination 3,2006-02-10,2006,2,Q1,2005+,Horror,Fantasy,R,Original Screenplay,New Line,New Line,25000000.0,54098051.0,112798051.0,4.51192204,1,0.5203990625689091,45.0,59.0,-14.0,32263.0,17.034386382832476,18.541109618510166,10.381676341775822
London,2006-02-10,2006,2,Q1,2005+,Drama,Contemporary Fiction,R,Original Screenplay,IDP/Goldwyn/Roadside,Other,2000000.0,12667.0,12667.0,0.0063335,0,0.0,,77.0,,181.0,14.508657738524219,9.446755465483632,5.198497031265826
Winter Passing,2006-02-17,2006,2,Q1,2005+,Drama,Contemporary Fiction,R,Original Screenplay,Focus Features,Focus Features,3500000.0,107492.0,113783.0,0.03250942857142857,0,0.055289454487928776,40.0,64.0,-24.0,4360.0,15.068273526459642,11.64204840462957,8.38022733634308
Nochnoy dozor,2006-02-17,2006,2,Q1,2005+,Action,Fantasy,Not Rated,Based on Book/Short Story,Fox Searchlight,Fox Searchlight,4200000.0,1502188.0,33923550.0,8.077035714285714,1,0.9557184315910333,,65.0,,25136.0,15.250595083253597,17.339620021430576,10.132056360495403
Date Movie,2006-02-17,2006,2,Q1,2005+,Comedy,Contemporary Fiction,PG-13,Original Screenplay,20th Century Fox,20th Century Fox,20000000.0,48548426.0,84548426.0,4.2274213,1,0.42579148664458877,6.0,26.0,-20.0,31821.0,16.811242831518264,18.25283501693215,10.36788172817358
Eight Below,2006-02-17,2006,2,Q1,2005+,Adventure,Contemporary Fiction,PG,Remake,Walt Disney Pictures,Walt Disney Pictures,40000000.0,81612565.0,120612565.0,3.015314125,1,0.32334939564547027,71.0,73.0,-2.0,17717.0,17.50439001207821,18.60809402422658,9.782279909600437
Tsotsi,2006-02-24,2006,2,Q1,2005+,Drama,Contemporary Fiction,R,Based on Book/Short Story,Miramax,Miramax,3000000.0,2912606.0,9879971.0,3.2933236666666668,1,0.7052009565615122,,74.0,,13167.0,14.914122846632385,16.106020134497072,9.485468978356344
Running Scared,2006-02-24,2006,2,Q1,2005+,Action,Contemporary Fiction,R,Original Screenplay,New Line,New Line,17000000.0,6855137.0,8345277.0,0.4908986470588235,0,0.1785608794052013,40.0,75.0,-35.0,39447.0,16.64872390202049,15.937206308056238,10.582713277755028
Madea's Family Reunion,2006-02-24,2006,2,Q1,2005+,Comedy,Contemporary Fiction,PG-13,Based on Play,Lionsgate,Lionsgate,10000000.0,63257940.0,63308879.0,6.3308879,1,0.0008046106771216088,26.0,39.0,-13.0,5369.0,16.11809565095832,17.96353614584009,8.58839695042257
Aquamarine,2006-03-03,2006,3,Q1,2005+,Comedy,Fantasy,PG,Based on Book/Short Story,20th Century Fox,20th Century Fox,17000000.0,18597342.0,22978953.0,1.3517031176470589,1,0.19067931424029633,52.0,46.0,6.0,9116.0,16.64872390202049,16.95008926798923,9.117786390365575
16 Blocks,2006-03-03,2006,3,Q1,2005+,Action,Contemporary Fiction,PG-13,Original Screenplay,Warner Bros.,Warner Bros.,45000000.0,36895141.0,65595141.0,1.4576698,1,0.437532408078824,55.0,67.0,-12.0,41207.0,17.622173047734595,17.99901218104904,10.626363423818374
Dave Chappelle's Block Party,2006-03-03,2006,3,Q1,2005+,Documentary,Factual,R,Based on Real Life Events,Focus Features,Focus Features,3000000.0,11718595.0,12051924.0,4.017308,1,0.027657741618682626,,,,,14.914122846632385,16.304734873205145,
Joyeux NoÎl,2006-03-03,2006,3,Q1,2005+,Drama,Dramatization,PG-13,Based on Real Life Events,Sony Pictures Classics,Sony Pictures Classics,22000000.0,1054361.0,1054361.0,0.0479255,0,0.0,,78.0,,9363.0,16.90655301132259,13.868445454185917,9.14452103093889
Ultraviolet,2006-03-03,2006,3,Q1,2005+,Action,Science Fiction,PG-13,Original Screenplay,Sony/Screen Gems,Other,30000000.0,18522064.0,20722064.0,0.6907354666666666,0,0.10616703046569106,9.0,40.0,-31.0,28547.0,17.216707939626428,16.846709584294036,10.259307130753884
The Shaggy Dog,2006-03-10,2006,3,Q1,2005+,Comedy,Fantasy,PG,Remake,Walt Disney Pictures,Walt Disney Pictures,60000000.0,61123569.0,87123569.0,1.4520594833333333,1,0.29842670930985393,27.0,41.0,-14.0,6116.0,17.909855120186375,18.28283800223289,8.718663567048953
Failure to Launch,2006-03-10,2006,3,Q1,2005+,Romantic Comedy,Contemporary Fiction,PG-13,Original Screenplay,Paramount Pictures,Paramount Pictures,50000000.0,88715192.0,128402901.0,2.56805802,1,0.309087323502138,25.0,56.0,-31.0,20324.0,17.72753356339242,18.67068354242285,9.919557732713622
The Hills Have Eyes,2006-03-10,2006,3,Q1,2005+,Horror,Contemporary Fiction,R,Remake,Fox Searchlight,Fox Searchlight,17000000.0,41778863.0,69623713.0,4.0955125294117645,1,0.3999334249812273,49.0,65.0,-16.0,43747.0,16.64872390202049,18.058615771301202,10.68617831800606
She's the Man,2006-03-17,2006,3,Q1,2005+,Romantic Comedy,Contemporary Fiction,PG-13,Based on Play,Paramount Pictures,Paramount Pictures,25000000.0,33889159.0,56889159.0,2.27556636,1,0.4042949553886005,44.0,64.0,-20.0,26513.0,17.034386382832476,17.856615353703166,10.18539045772387
V for Vendetta,2006-03-17,2006,3,Q1,2005+,Action,Science Fiction,R,Based on Comic/Graphic Novel,Warner Bros.,Warner Bros.,50000000.0,70511035.0,132511035.0,2.6502207,1,0.4678855613798504,73.0,82.0,-9.0,224636.0,17.72753356339242,18.70217648294158,12.322236593393244
Thank You For Smoking,2006-03-17,2006,3,Q1,2005+,Black Comedy,Contemporary Fiction,R,Based on Book/Short Story,Fox Searchlight,Fox Searchlight,7500000.0,24793509.0,39232211.0,5.230961466666667,1,0.3680318195678546,,78.0,,65340.0,15.830413578506539,17.4850086765262,11.08735968515506
Find Me Guilty,2006-03-17,2006,3,Q1,2005+,Drama,Dramatization,R,Based on Real Life Events,Freestyle Releasing,Other,13000000.0,1173673.0,1788077.0,0.13754438461538462,0,0.343611600618989,60.0,71.0,-11.0,12800.0,16.38045991542581,14.396651298665288,9.457200449907708
Sommersturm,2006-03-17,2006,3,Q1,2005+,Drama,Contemporary Fiction,R,Original Screenplay,Regent Releasing,Other,3000000.0,95204.0,95204.0,0.03173466666666667,0,0.0,,76.0,,5251.0,14.914122846632385,11.463777236703498,8.566173813637858
Fetching Cody,2006-03-17,2006,3,Q1,2005+,Comedy,Science Fiction,Unknown,Original Screenplay,Unknown,Unknown,1500000.0,0.0,0.0,0.0,0,,,67.0,,535.0,14.22097566607244,,6.282266746896006
Larry the Cable Guy: Health Inspector,2006-03-24,2006,3,Q1,2005+,Comedy,Contemporary Fiction,PG-13,Original Screenplay,Lionsgate,Lionsgate,17000000.0,15680099.0,15680099.0,0.9223587647058824,0,0.0,6.0,28.0,-22.0,7547.0,16.64872390202049,16.567902886642113,8.928905412284868
Lonesome Jim,2006-03-24,2006,3,Q1,2005+,Comedy,Contemporary Fiction,R,Original Screenplay,IFC Films,Other,500000.0,154187.0,154187.0,0.308374,0,0.0,,67.0,,4585.0,13.122363377404328,11.945921430461429,8.430545384690566
Stay Alive,2006-03-24,2006,3,Q1,2005+,Horror,Contemporary Fiction,PG-13,Original Screenplay,Walt Disney Pictures,Walt Disney Pictures,20000000.0,23086480.0,23187506.0,1.1593753,1,0.004356915314652641,9.0,45.0,-36.0,13658.0,16.811242831518264,16.959124157092003,9.522080709521035
Boynton Beach Club,2006-03-24,2006,3,Q1,2005+,Romantic Comedy,Contemporary Fiction,R,Original Screenplay,Wingate Distribution,Other,2900000.0,3127472.0,3127472.0,1.0784386206896552,1,0.0,,,,,14.880221294956703,14.955735568445396,
Inside Man,2006-03-24,2006,3,Q1,2005+,Thriller/Suspense,Contemporary Fiction,R,Original Screenplay,Universal,Universal,50000000.0,88634237.0,184634237.0,3.69268474,1,0.5199469045386204,86.0,77.0,9.0,86229.0,17.72753356339242,19.033887328708513,11.364761826987094
Brick,2006-03-31,2006,3,Q1,2005+,Drama,Contemporary Fiction,R,Original Screenplay,Focus/Rogue Pictures,Other,450000.0,2075743.0,3918941.0,8.708757777777778,1,0.47033063268877995,,75.0,,37204.0,13.017002861746503,15.18133202220751,10.524171561362358
Basic Instinct 2,2006-03-31,2006,3,Q1,2005+,Thriller/Suspense,Contemporary Fiction,R,Original Screenplay,Sony Pictures,Sony Pictures,70000000.0,5946136.0,35417162.0,0.5059594571428572,0,0.8321114492459898,7.0,39.0,-32.0,16784.0,18.064005800013632,17.382707062885242,9.728181330636078
Marilyn Hotchkiss' Ballroom Dancing and Charm School,2006-03-31,2006,3,Q1,2005+,Musical,Contemporary Fiction,PG-13,Remake,IDP/Goldwyn/Roadside,Other,2500000.0,349132.0,399114.0,0.1596456,0,0.12523238974328138,,66.0,,1351.0,14.73180128983843,12.897002369349162,7.208600337960199
Ice Age: The Meltdown,2006-03-31,2006,3,Q1,2005+,Adventure,Fantasy,PG,Original Screenplay,20th Century Fox,20th Century Fox,75000000.0,195330621.0,651899282.0,8.691990426666667,1,0.7003668720101459,,69.0,,50981.0,18.132998671500584,20.295400632498243,10.839208293273229
ATL,2006-03-31,2006,3,Q1,2005+,Comedy,Contemporary Fiction,PG-13,Original Screenplay,Warner Bros.,Warner Bros.,17000000.0,21170563.0,21170563.0,1.2453272352941176,1,0.0,63.0,47.0,16.0,5480.0,16.64872390202049,16.868122236994555,8.608860379942062
Slither,2006-03-31,2006,3,Q1,2005+,Horror,Science Fiction,R,Original Screenplay,Universal,Universal,15250000.0,7802450.0,12834936.0,0.8416351475409836,0,0.39209280046273703,85.0,66.0,19.0,26101.0,16.540090061017693,16.36768138590954,10.169728906753061
Take the Lead,2006-04-01,2006,4,Q2,2005+,Drama,Dramatization,PG-13,Based on Real Life Events,New Line,New Line,30000000.0,34742066.0,65742066.0,2.1914022,1,0.47153979006379265,44.0,65.0,-21.0,10015.0,17.216707939626428,18.001249552539512,9.211839248099919
Phat Girlz,2006-04-07,2006,4,Q2,2005+,Romantic Comedy,Contemporary Fiction,PG-13,Original Screenplay,Fox Searchlight,Fox Searchlight,3000000.0,7061128.0,7271305.0,2.4237683333333333,1,0.028904990232152275,23.0,22.0,1.0,6343.0,14.914122846632385,15.799446338214945,8.755107121633896
Friends with Money,2006-04-07,2006,4,Q2,2005+,Comedy,Contemporary Fiction,R,Original Screenplay,Sony Pictures Classics,Sony Pictures Classics,6500000.0,13368437.0,15328368.0,2.3582104615384614,1,0.1278629923289942,71.0,61.0,10.0,11087.0,15.687312734865866,16.545215787255312,9.313528529772352
Simon,2006-04-07,2006,4,Q2,2005+,Comedy,Contemporary Fiction,Unknown,Original Screenplay,Strand,Other,1300000.0,4055.0,4055.0,0.003119230769230769,0,0.0,,80.0,,4873.0,14.077874822431765,8.307705966549513,8.491465042843506
Lucky Number Slevin,2006-04-07,2006,4,Q2,2005+,Thriller/Suspense,Contemporary Fiction,R,Original Screenplay,MGM,MGM,27000000.0,22495466.0,55495466.0,2.05538762962963,1,0.5946431731918423,51.0,78.0,-27.0,91145.0,17.111347423968603,17.83181188168586,11.420206923967022
The Benchwarmers,2006-04-07,2006,4,Q2,2005+,Comedy,Contemporary Fiction,PG-13,Original Screenplay,Sony Pictures,Sony Pictures,35000000.0,59843754.0,64843754.0,1.8526786857142856,1,0.07710842897837161,12.0,54.0,-42.0,17824.0,17.37085861945369,17.987491149516092,9.788301142727011
Sisters in Law,2006-04-12,2006,4,Q2,2005+,Documentary,Factual,Not Rated,Based on Real Life Events,Women Make Movies,Other,300000.0,33312.0,33312.0,0.11104,0,0.0,,67.0,,203.0,12.611537753638338,10.413672971414696,5.313205979041787
Scary Movie 4,2006-04-14,2006,4,Q2,2005+,Comedy,Contemporary Fiction,PG-13,Original Screenplay,Weinstein/Dimension,Other,40000000.0,90710620.0,178710620.0,4.4677655,1,0.492416175378945,37.0,50.0,-13.0,39542.0,17.50439001207821,19.00127840757478,10.585118677134826
Hard Candy,2006-04-14,2006,4,Q2,2005+,Horror,Contemporary Fiction,R,Original Screenplay,Lionsgate,Lionsgate,950000.0,1024640.0,1881243.0,1.9802557894736843,1,0.45533883714118806,,72.0,,45791.0,13.764217263576723,14.447443286542168,10.731842844242117
The Wild,2006-04-14,2006,4,Q2,2005+,Adventure,Contemporary Fiction,G,Original Screenplay,Walt Disney Pictures,Walt Disney Pictures,80000000.0,37384046.0,99384046.0,1.242300575,1,0.6238425833458219,19.0,54.0,-35.0,8498.0,18.197537192638155,18.414502155726705,9.047586120674756
American Dreamz,2006-04-21,2006,4,Q2,2005+,Black Comedy,Contemporary Fiction,PG-13,Original Screenplay,Universal,Universal,17000000.0,7314027.0,16510971.0,0.9712335882352942,0,0.5570201776745898,40.0,57.0,-17.0,15097.0,16.64872390202049,16.619535627007608,9.622251327567737
The Sentinel,2006-04-21,2006,4,Q2,2005+,Thriller/Suspense,Contemporary Fiction,PG-13,Based on Book/Short Story,20th Century Fox,20th Century Fox,60000000.0,36280697.0,77280697.0,1.2880116166666666,1,0.5305335173154558,33.0,61.0,-28.0,23567.0,17.909855120186375,18.162954766979002,10.067602707388096
Silent Hill,2006-04-21,2006,4,Q2,2005+,Horror,Contemporary Fiction,R,Based on Game,Sony Pictures,Sony Pictures,50000000.0,46982632.0,99982632.0,1.99965264,1,0.5300920663900907,29.0,65.0,-36.0,65485.0,17.72753356339242,18.42050704886825,11.089576387763504
In Her Line of Fire,2006-04-21,2006,4,Q2,2005+,Action,Contemporary Fiction,R,Original Screenplay,Regent Releasing,Other,1000000.0,884.0,884.0,0.000884,0,0.0,,35.0,,337.0,13.815510557964274,6.784457062637643,5.820082930352362
United 93,2006-04-28,2006,4,Q2,2005+,Drama,Dramatization,R,Based on Real Life Events,Universal,Universal,18000000.0,31567134.0,76366864.0,4.242603555555555,1,0.5866383357053918,91.0,78.0,13.0,46691.0,16.70588231586044,18.15105944277672,10.751306705598122
Water,2006-04-28,2006,4,Q2,2005+,Drama,Historical Fiction,PG-13,Original Screenplay,Fox Searchlight,Fox Searchlight,3000000.0,5529144.0,8119205.0,2.706401666666667,1,0.31900426211679594,,,,,14.914122846632385,15.909742800940775,
Stick It,2006-04-28,2006,4,Q2,2005+,Comedy,Contemporary Fiction,PG-13,Original Screenplay,Walt Disney Pictures,Walt Disney Pictures,20000000.0,26910736.0,30399714.0,1.5199857,1,0.1147700929028477,31.0,59.0,-28.0,9556.0,16.811242831518264,17.229943758437457,9.1649245084457
The Lost City,2006-04-28,2006,4,Q2,2005+,Drama,Historical Fiction,R,Original Screenplay,Magnolia Pictures,Other,9600000.0,2484186.0,3650302.0,0.38023979166666666,0,0.3194574037983707,,66.0,,5790.0,16.077273656438063,15.11032046186196,8.663887570567042
Clean,2006-04-28,2006,4,Q2,2005+,Drama,Contemporary Fiction,R,Original Screenplay,Palm Pictures,Other,10000.0,138711.0,138711.0,13.8711,1,0.0,,,,,9.210340371976184,11.840147911016908,
Akeelah and the Bee,2006-04-28,2006,4,Q2,2005+,Drama,Contemporary Fiction,PG,Original Screenplay,Lionsgate,Lionsgate,8000000.0,18848430.0,18948425.0,2.368553125,1,0.005277219610600881,83.0,76.0,7.0,8245.0,15.89495209964411,16.75723137258213,9.0173622349937
R.V.,2006-04-28,2006,4,Q2,2005+,Comedy,Contemporary Fiction,PG,Original Screenplay,Sony Pictures,Sony Pictures,55000000.0,71724497.0,87524497.0,1.5913544909090909,1,0.1805208889118209,,,,,17.822843743196746,18.28742927785904,
Grip: A Criminal's Story,2006-04-28,2006,4,Q2,2005+,Action,Contemporary Fiction,Not Rated,Original Screenplay,JeTi Films,Other,12000.0,1336.0,1336.0,0.11133333333333334,0,0.0,,,,,9.392661928770137,7.197435354096591,
Mission: Impossible III,2006-05-05,2006,5,Q2,2005+,Action,Contemporary Fiction,PG-13,Based on TV,Paramount Pictures,Paramount Pictures,150000000.0,133501348.0,397501348.0,2.6500089866666667,1,0.6641486911385267,70.0,69.0,1.0,74174.0,18.82614585206053,19.80070888324788,11.214168963436867
Hoot,2006-05-05,2006,5,Q2,2005+,Comedy,Contemporary Fiction,PG,Based on Book/Short Story,New Line,New Line,15000000.0,8117637.0,8224998.0,0.5483332,0,0.013053012292525786,26.0,53.0,-27.0,2830.0,16.523560759066484,15.922688611454586,7.948031990637284
An American Haunting,2006-05-05,2006,5,Q2,2005+,Horror,Historical Fiction,PG-13,Based on Book/Short Story,Freestyle Releasing,Other,14000000.0,16298046.0,27844063.0,1.9888616428571428,1,0.41466710515631283,12.0,49.0,-37.0,13510.0,16.454567887579532,17.14213032387408,9.511185430954244
Wu ji,2006-05-05,2006,5,Q2,2005+,Action,Fantasy,PG-13,Original Screenplay,Warner Independent,Other,30000000.0,669625.0,35869934.0,1.1956644666666667,1,0.9813318585977884,,56.0,,5733.0,17.216707939626428,17.395410009529076,8.653994232908383
Chinjeolhan geumjassi,2006-05-05,2006,5,Q2,2005+,Thriller/Suspense,Unknown,Not Rated,Original Screenplay,Tartan Films,Other,4500000.0,211667.0,23471871.0,5.215971333333333,1,0.9909820993818516,,77.0,,19341.0,15.319587954740548,16.971313283439777,9.86998247397873
Poseidon,2006-05-12,2006,5,Q2,2005+,Adventure,Contemporary Fiction,PG-13,Remake,Warner Bros.,Warner Bros.,160000000.0,60674817.0,181674817.0,1.13546760625,1,0.6660251651719016,33.0,56.0,-23.0,35930.0,18.890684373198102,19.017728927173223,10.489327880107565
Wah-Wah,2006-05-12,2006,5,Q2,2005+,Unknown,Unknown,Not Rated,Unknown,IDP/Goldwyn/Roadside,Other,7000000.0,234750.0,463039.0,0.06614842857142857,0,0.49302326585881534,,68.0,,1889.0,15.761420707019587,13.045566562782287,7.543802867501509
Just My Luck,2006-05-12,2006,5,Q2,2005+,Romantic Comedy,Contemporary Fiction,PG-13,Original Screenplay,20th Century Fox,20th Century Fox,28000000.0,17326650.0,38326650.0,1.3688089285714287,1,0.5479216158991198,13.0,50.0,-37.0,13368.0,17.14771506813948,17.461656034632977,9.50061907027523
Goal!,2006-05-12,2006,5,Q2,2005+,Drama,Contemporary Fiction,PG,Original Screenplay,Walt Disney Pictures,Walt Disney Pictures,33000000.0,4283255.0,27610873.0,0.8366931212121212,0,0.8448707145188781,,69.0,,16809.0,17.312018119430753,17.1337202023851,9.729669736233394
See No Evil,2006-05-19,2006,5,Q2,2005+,Horror,Contemporary Fiction,R,Original Screenplay,Lionsgate,Lionsgate,8000000.0,15032800.0,15387513.0,1.923439125,1,0.02305200327044403,9.0,50.0,-41.0,10035.0,15.89495209964411,16.54906689431608,9.213834261230438
The Da Vinci Code,2006-05-19,2006,5,Q2,2005+,Thriller/Suspense,Contemporary Fiction,PG-13,Based on Book/Short Story,Sony Pictures,Sony Pictures,125000000.0,217536138.0,757236138.0,6.057889104,1,0.7127235124111311,25.0,64.0,-39.0,116903.0,18.643824295266576,20.445185701992614,11.669099810090666
Cavite,2006-05-26,2006,5,Q2,2005+,Thriller/Suspense,Contemporary Fiction,Not Rated,Original Screenplay,Truly Indie,Other,7000.0,70071.0,71644.0,10.234857142857143,1,0.02195578136340796,,60.0,,487.0,8.85366542803745,11.17946468934515,6.18826412308259
X-Men: The Last Stand,2006-05-26,2006,5,Q2,2005+,Action,Super Hero,PG-13,Based on Comic/Graphic Novel,20th Century Fox,20th Century Fox,150000000.0,234362462.0,459359555.0,3.0623970333333332,1,0.489806058350087,57.0,69.0,-12.0,109125.0,18.82614585206053,19.945343805597442,11.600249293141903
Banlieue 13,2006-06-02,2006,6,Q2,2005+,Action,Science Fiction,R,Original Screenplay,Magnolia Pictures,Other,15000000.0,1200216.0,11208291.0,0.7472194,0,0.8929171271516773,,71.0,,21427.0,16.523560759066484,16.232164330259362,9.972407088000725
The Break Up,2006-06-02,2006,6,Q2,2005+,Romantic Comedy,Contemporary Fiction,PG-13,Original Screenplay,Universal,Universal,52000000.0,118806699.0,202944203.0,3.9027731346153844,1,0.41458441658469053,,59.0,,38285.0,17.7667542765457,19.128441637155593,10.552813453547223
The Puffy Chair,2006-06-02,2006,6,Q2,2005+,Unknown,Unknown,R,Unknown,IDP/Goldwyn/Roadside,Other,15000.0,194523.0,194523.0,12.9682,1,0.0,,64.0,,1701.0,9.615805480084347,12.17830568697745,7.438971592395862
The Omen,2006-06-06,2006,6,Q2,2005+,Horror,Contemporary Fiction,R,Remake,20th Century Fox,20th Century Fox,25000000.0,54607383.0,119607383.0,4.78429532,1,0.5434447136093598,26.0,54.0,-28.0,24523.0,17.034386382832476,18.599725128344772,10.107366731668879
Cars,2006-06-09,2006,6,Q2,2005+,Comedy,Kids Fiction,G,Original Screenplay,Walt Disney Pictures,Walt Disney Pictures,70000000.0,244082982.0,461923762.0,6.598910885714286,1,0.47159466111206466,74.0,75.0,-1.0,66809.0,18.064005800013632,19.95091041811314,11.109593080988315
The Lake House,2006-06-16,2006,6,Q2,2005+,Drama,Fantasy,PG,Remake,Warner Bros.,Warner Bros.,40000000.0,52330111.0,114830111.0,2.870752775,1,0.5442823267844791,36.0,68.0,-32.0,36613.0,17.50439001207821,18.55896429839825,10.508158647580807
Nacho Libre,2006-06-16,2006,6,Q2,2005+,Comedy,Contemporary Fiction,PG,Original Screenplay,Paramount Pictures,Paramount Pictures,32000000.0,80197993.0,99197993.0,3.09993728125,1,0.19153613319575932,40.0,57.0,-17.0,31455.0,17.281246460764002,18.412628340195596,10.35631323200413
Wordplay,2006-06-16,2006,6,Q2,2005+,Documentary,Factual,PG,Based on Real Life Events,IFC Films,Other,500000.0,3121270.0,3177636.0,6.355272,1,0.017738343850585783,,74.0,,2222.0,13.122363377404328,14.97164808207395,7.706162970199576
Say Uncle,2006-06-23,2006,6,Q2,2005+,Comedy,Contemporary Fiction,R,Original Screenplay,TLA Releasing,Other,2000000.0,5361.0,5361.0,0.0026805,0,0.0,,57.0,,431.0,14.508657738524219,8.586905803827538,6.066108090103747
Click,2006-06-23,2006,6,Q2,2005+,Comedy,Fantasy,PG-13,Original Screenplay,Sony Pictures,Sony Pictures,82500000.0,137355633.0,237555633.0,2.879462218181818,1,0.421795933586639,32.0,50.0,-18.0,133.0,18.22830885130491,19.285912398218606,4.890349128221754
Krrish,2006-06-23,2006,6,Q2,2005+,Action,Science Fiction,Not Rated,Original Screenplay,AdLab Films,Other,10000000.0,1430721.0,32430721.0,3.2430721,1,0.9558837745235451,100.0,61.0,39.0,2735.0,16.11809565095832,17.294616710537134,7.913886714856082
Superman Returns,2006-06-28,2006,6,Q2,2005+,Adventure,Super Hero,PG-13,Based on Comic/Graphic Novel,Warner Bros.,Warner Bros.,232000000.0,200120000.0,391120000.0,1.6858620689655173,1,0.48834117406422584,76.0,66.0,10.0,102751.0,19.262247929630583,19.784524976234664,11.54006386467122
Strangers with Candy,2006-06-28,2006,6,Q2,2005+,Comedy,Contemporary Fiction,R,Based on TV,ThinkFilm,Other,2000000.0,2072645.0,2077844.0,1.038922,1,0.002502112766887216,,59.0,,4941.0,14.508657738524219,14.54684137563846,8.50532301884575
The Blood of My Brother: A Story of Death in Iraq,2006-06-30,2006,6,Q2,2005+,Documentary,Factual,Unknown,Based on Real Life Events,Lifesize Entertainment,Other,120000.0,0.0,0.0,0.0,0,,71.0,76.0,-5.0,90.0,11.695247021764184,,4.499809670330265
Fengkuang de Shitou,2006-06-30,2006,6,Q2,2005+,Black Comedy,Contemporary Fiction,Unknown,Original Screenplay,Unknown,Unknown,500000.0,0.0,3000000.0,6.0,1,1.0,,76.0,,1209.0,13.122363377404328,14.914122846632385,7.097548850614793
The Devil Wears Prada,2006-06-30,2006,6,Q2,2005+,Comedy,Contemporary Fiction,PG-13,Based on Book/Short Story,20th Century Fox,20th Century Fox,35000000.0,124740460.0,326551094.0,9.330031257142856,1,0.6180063019479579,75.0,68.0,7.0,66627.0,17.37085861945369,19.604096984483412,11.106865179779318
Pirates of the Caribbean: Dead Man's Chest,2006-07-07,2006,7,Q3,2005+,Adventure,Fantasy,PG-13,Disney Ride,Walt Disney Pictures,Walt Disney Pictures,225000000.0,423315812.0,1065659812.0,4.736265831111111,1,0.6027664670909069,54.0,73.0,-19.0,150446.0,19.231610960168695,20.786859986055056,11.921359494798804
A Scanner Darkly,2006-07-07,2006,7,Q3,2005+,Thriller/Suspense,Science Fiction,R,Based on Book/Short Story,Warner Independent,Other,20000000.0,5501616.0,7405084.0,0.3702542,0,0.2570488059284675,68.0,72.0,-4.0,41928.0,16.811242831518264,15.817677349306395,10.643709140482002
Once in a Lifetime: the Extraordinary Story of the New York Cosmos,2006-07-07,2006,7,Q3,2005+,Documentary,Factual,PG-13,Based on Real Life Events,Miramax,Miramax,1000000.0,144601.0,206351.0,0.206351,0,0.29924739884953305,82.0,71.0,11.0,643.0,13.815510557964274,12.237333881304192,6.466144724237619
Little Man,2006-07-14,2006,7,Q3,2005+,Comedy,Contemporary Fiction,PG-13,Original Screenplay,Sony Pictures,Sony Pictures,64000000.0,58636047.0,101636047.0,1.588063234375,1,0.4230782411283666,12.0,57.0,-45.0,97.0,17.974393641323946,18.43690882349148,4.574710978503383
"You, Me and Dupree",2006-07-14,2006,7,Q3,2005+,Comedy,Contemporary Fiction,PG-13,Original Screenplay,Universal,Universal,54000000.0,75802010.0,130402010.0,2.414852037037037,1,0.41870520247348947,21.0,61.0,-40.0,164.0,17.80449460452855,18.68613262144846,5.099866427824199
Lady in the Water,2006-07-21,2006,7,Q3,2005+,Drama,Fantasy,PG-13,Original Screenplay,Warner Bros.,Warner Bros.,75000000.0,42285169.0,72785169.0,0.97046892,0,0.4190414121316391,24.0,58.0,-34.0,47535.0,18.132998671500584,18.10302276988519,10.769221560793131
Clerks II,2006-07-21,2006,7,Q3,2005+,Comedy,Contemporary Fiction,R,Original Screenplay,MGM,MGM,5000000.0,24148068.0,25894473.0,5.1788946,1,0.06744315669216361,63.0,77.0,-14.0,56668.0,15.424948470398375,17.069540106213843,10.944964956499241
Monster House,2006-07-21,2006,7,Q3,2005+,Adventure,Kids Fiction,PG,Original Screenplay,Sony Pictures,Sony Pictures,75000000.0,73661010.0,140161010.0,1.8688134666666667,1,0.4744543436152465,74.0,68.0,6.0,20689.0,18.132998671500584,18.75830239117662,9.937357437043744
The Case of the Grinning Cat,2006-07-21,2006,7,Q3,2005+,Documentary,Factual,Not Rated,Based on Real Life Events,First Run/Icarus,Other,200000.0,7033.0,7033.0,0.035165,0,0.0,,,,,12.206072645530174,8.858368636308018,
Little Miss Sunshine,2006-07-26,2006,7,Q3,2005+,Comedy,Contemporary Fiction,R,Original Screenplay,Fox Searchlight,Fox Searchlight,8000000.0,59891098.0,100523181.0,12.565397625,1,0.4042061004814402,91.0,80.0,11.0,151013.0,15.89495209964411,18.425898915582653,11.925121204806528
The Ant Bully,2006-07-28,2006,7,Q3,2005+,Adventure,Kids Fiction,PG,Based on Book/Short Story,Warner Bros.,Warner Bros.,45000000.0,28142535.0,55181129.0,1.2262473111111112,1,0.48999711477450925,63.0,62.0,1.0,7766.0,17.622173047734595,17.826131586855812,8.957510510291613
Miami Vice,2006-07-28,2006,7,Q3,2005+,Action,Contemporary Fiction,R,Based on TV,Universal,Universal,135000000.0,63478838.0,163818556.0,1.2134707851851851,1,0.6125052036229645,47.0,60.0,-13.0,51921.0,18.720785336402702,18.914270007460324,10.857478611593109
Scoop,2006-07-28,2006,7,Q3,2005+,Romantic Comedy,Contemporary Fiction,PG-13,Original Screenplay,Focus/Rogue Pictures,Other,4000000.0,10525717.0,39125717.0,9.78142925,1,0.730977019539348,39.0,68.0,-29.0,30336.0,15.201804919084164,17.48229053253527,10.320090405054748
Quinceanera,2006-08-02,2006,8,Q3,2005+,Drama,Contemporary Fiction,R,Original Screenplay,Sony Pictures Classics,Sony Pictures Classics,400000.0,1692693.0,2522787.0,6.3069675,1,0.3290384800619315,,71.0,,2577.0,12.89921982609012,14.740874800753758,7.854381210652365
"Bon Cop, Bad Cop",2006-08-04,2006,8,Q3,2005+,Comedy,Contemporary Fiction,Not Rated,Original Screenplay,Alliance,Other,8000000.0,12671300.0,12671300.0,1.5839125,1,0.0,67.0,69.0,-2.0,151.0,15.89495209964411,16.354850151611576,5.017279836814924
The Night Listener,2006-08-04,2006,8,Q3,2005+,Drama,Dramatization,R,Based on Real Life Events,Miramax,Miramax,4000000.0,7836393.0,10547755.0,2.63693875,1,0.25705583794845444,40.0,59.0,-19.0,8437.0,15.201804919084164,16.171423599033492,9.040382074165628
Talladega Nights: The Ballad of Ricky Bobby,2006-08-04,2006,8,Q3,2005+,Comedy,Contemporary Fiction,PG-13,Original Screenplay,Sony Pictures,Sony Pictures,73000000.0,148213377.0,163013377.0,2.23305995890411,1,0.09079009509753301,72.0,64.0,8.0,50407.0,18.105969999112666,18.909342822888348,10.827885333304181
Barnyard: The Original Party Animals,2006-08-04,2006,8,Q3,2005+,Comedy,Kids Fiction,PG,Original Screenplay,Paramount Pictures,Paramount Pictures,51000000.0,72779000.0,116618084.0,2.286629098039216,1,0.3759201188728156,23.0,,,,17.7473361906886,18.574414914194406,
The Descent,2006-08-04,2006,8,Q3,2005+,Thriller/Suspense,Contemporary Fiction,R,Original Screenplay,Lionsgate,Lionsgate,7000000.0,26024456.0,57029609.0,8.147087,1,0.5436676411370802,,74.0,,58176.0,15.761420707019587,17.85908114706854,10.971228177537151
World Trade Center,2006-08-09,2006,8,Q3,2005+,Drama,Dramatization,PG-13,Based on Real Life Events,Paramount Pictures,Paramount Pictures,65000000.0,70278893.0,163278893.0,2.511982969230769,1,0.5695775999657224,69.0,62.0,7.0,34341.0,17.98989782785991,18.91097029667806,10.444095254586585
Pulse,2006-08-11,2006,8,Q3,2005+,Horror,Contemporary Fiction,R,Remake,Weinstein/Dimension,Other,7500000.0,20264436.0,29771485.0,3.9695313333333333,1,0.31933405404533904,11.0,50.0,-39.0,846.0,15.830413578506539,17.209061614179852,6.740519359606223
Casa de Areia,2006-08-11,2006,8,Q3,2005+,Drama,Historical Fiction,R,Original Screenplay,Sony Pictures Classics,Sony Pictures Classics,3750000.0,539285.0,1178175.0,0.31418,0,0.5422708850552762,,75.0,,1519.0,15.137266397946593,13.97947718903625,7.325807502595773
Zoom,2006-08-11,2006,8,Q3,2005+,Adventure,Super Hero,PG,Based on Comic/Graphic Novel,Sony Pictures,Sony Pictures,35000000.0,11989328.0,12506188.0,0.35731965714285713,0,0.04132834081816138,3.0,34.0,-31.0,7424.0,17.37085861945369,16.341734119780654,8.912473274466036
Kabhi Alvida Naa Kehna,2006-08-11,2006,8,Q3,2005+,Drama,Contemporary Fiction,Not Rated,Original Screenplay,Yash Raj Films,Other,10750000.0,3275443.0,32575443.0,3.0302737674418605,1,0.8994505462289493,67.0,56.0,11.0,4128.0,16.190416312537945,17.299069280268743,8.325548307161398
Step Up,2006-08-11,2006,8,Q3,2005+,Drama,Contemporary Fiction,PG-13,Original Screenplay,Walt Disney Pictures,Walt Disney Pictures,12000000.0,65328121.0,115328121.0,9.61067675,1,0.43354560506539425,19.0,61.0,-42.0,21691.0,16.300417207752275,18.563291849691005,9.984652706953636
Trust the Man,2006-08-18,2006,8,Q3,2005+,Comedy,Contemporary Fiction,R,Original Screenplay,Fox Searchlight,Fox Searchlight,9000000.0,1530535.0,2548378.0,0.28315311111111113,0,0.39940817257094513,27.0,58.0,-31.0,5262.0,16.012735135300492,14.750967636319524,8.568266461600238
The Illusionist,2006-08-18,2006,8,Q3,2005+,Drama,Historical Fiction,PG-13,Based on Book/Short Story,Yari Film Group Releasing,Other,16500000.0,39868642.0,84276175.0,5.10764696969697,1,0.5269286723086329,74.0,77.0,-3.0,92040.0,16.61887093887081,18.249609761437515,11.429978544149302
Snakes on a Plane,2006-08-18,2006,8,Q3,2005+,Thriller/Suspense,Contemporary Fiction,R,Original Screenplay,New Line,New Line,33000000.0,34020814.0,62020814.0,1.879418606060606,1,0.4514613432838853,68.0,60.0,8.0,65841.0,17.312018119430753,17.9429805963489,11.094998023570968
10th & Wolf,2006-08-18,2006,8,Q3,2005+,Drama,Dramatization,Not Rated,Based on Real Life Events,ThinkFilm,Other,8000000.0,54702.0,54702.0,0.00683775,0,0.0,19.0,63.0,-44.0,3655.0,15.89495209964411,10.909655550812957,8.203851372183879
Idlewild,2006-08-25,2006,8,Q3,2005+,Musical,Historical Fiction,R,Original Screenplay,Universal,Universal,15000000.0,12669914.0,12669914.0,0.8446609333333334,0,0.0,47.0,58.0,-11.0,3056.0,16.523560759066484,16.354740764586836,8.024862150286411
The Quiet,2006-08-25,2006,8,Q3,2005+,Drama,Contemporary Fiction,R,Original Screenplay,Sony Pictures Classics,Sony Pictures Classics,900000.0,381420.0,381420.0,0.4238,0,0.0,,65.0,,7689.0,13.710150042306449,12.85165640915851,8.94754601503218
Mutual Appreciation,2006-09-01,2006,9,Q3,2005+,Comedy,Contemporary Fiction,R,Original Screenplay,Goodbye Cruel Releasing,Other,30000.0,103509.0,103509.0,3.4503,1,0.0,,70.0,,1102.0,10.308952660644293,11.547413844428801,7.004881989712859
Crank,2006-09-01,2006,9,Q3,2005+,Action,Contemporary Fiction,R,Original Screenplay,Lionsgate,Lionsgate,12000000.0,27838408.0,33824696.0,2.8187246666666668,1,0.1769798019766386,61.0,71.0,-10.0,71094.0,16.300417207752275,17.336701744545408,11.171758224044796
Lage Raho Munnabhai,2006-09-01,2006,9,Q3,2005+,Comedy,Contemporary Fiction,Not Rated,Original Screenplay,Eros Entertainment,Other,2700000.0,2217561.0,31517561.0,11.67317074074074,1,0.9296404629787184,,78.0,,5236.0,14.808762330974558,17.266055440518386,8.56331312702979
Crossover,2006-09-01,2006,9,Q3,2005+,Drama,Contemporary Fiction,PG-13,Original Screenplay,Sony Pictures,Sony Pictures,5600000.0,7009668.0,7009668.0,1.2517264285714285,1,0.0,3.0,17.0,-14.0,7466.0,15.538277155705378,15.762800896976229,8.91811465947453
The Covenant,2006-09-08,2006,9,Q3,2005+,Thriller/Suspense,Contemporary Fiction,PG-13,Based on Comic/Graphic Novel,Sony/Screen Gems,Other,20000000.0,23364784.0,38164784.0,1.9082392,1,0.387792054580998,3.0,48.0,-45.0,17736.0,16.811242831518264,17.4574237635629,9.783351751296147
Iraq for Sale: The War Profiteers,2006-09-08,2006,9,Q3,2005+,Documentary,Factual,Unknown,Based on Real Life Events,Unknown,Unknown,775000.0,0.0,0.0,0.0,0,,100.0,78.0,22.0,854.0,13.560618308335483,,6.74993119378857
Tom yum goong,2006-09-08,2006,9,Q3,2005+,Action,Contemporary Fiction,R,Original Screenplay,Weinstein Co.,Weinstein Co.,5700000.0,12044087.0,43044087.0,7.551594210526316,1,0.7201918349435545,,69.0,,13929.0,15.555976732804778,17.577735427487998,9.541728276688032
Sherrybaby,2006-09-08,2006,9,Q3,2005+,Drama,Contemporary Fiction,R,Original Screenplay,IFC Films,Other,2000000.0,199176.0,622806.0,0.311403,0,0.6801957591930714,74.0,67.0,7.0,6372.0,14.508657738524219,13.341990352806942,8.759668671029939
Artie Lange's Beer League,2006-09-15,2006,9,Q3,2005+,Comedy,Contemporary Fiction,R,Original Screenplay,Freestyle Releasing,Other,2800000.0,475000.0,475000.0,0.16964285714285715,0,0.0,,,,,14.845129975145433,13.071070083016778,
The Black Dahlia,2006-09-15,2006,9,Q3,2005+,Thriller/Suspense,Historical Fiction,R,Based on Book/Short Story,Universal,Universal,60000000.0,22672813.0,46672813.0,0.7778802166666666,0,0.5142179881036953,33.0,56.0,-23.0,35210.0,17.909855120186375,17.658672390375703,10.469085412149099
Gridiron Gang,2006-09-15,2006,9,Q3,2005+,Drama,Dramatization,PG-13,Based on Real Life Events,Sony Pictures,Sony Pictures,30000000.0,38432823.0,41480851.0,1.3826950333333334,1,0.07348036326448558,41.0,68.0,-27.0,12400.0,17.216707939626428,17.540742457026436,9.425451751593128
Jackass: Number Two,2006-09-22,2006,9,Q3,2005+,Comedy,Factual,R,Based on TV,Paramount Pictures,Paramount Pictures,11000000.0,72778712.0,83578712.0,7.598064727272727,1,0.12921950747458277,63.0,72.0,-9.0,24434.0,16.213405830762646,18.241299404480042,10.103730883964005
Flyboys,2006-09-22,2006,9,Q3,2005+,Drama,Dramatization,PG-13,Based on Real Life Events,MGM,MGM,60000000.0,13090630.0,14816379.0,0.24693965,0,0.11647575969810167,33.0,65.0,-32.0,13934.0,17.909855120186375,16.511243815994487,9.542087175590064
Feast,2006-09-22,2006,9,Q3,2005+,Horror,Fantasy,R,Original Screenplay,Weinstein/Dimension,Other,3200000.0,56131.0,341808.0,0.106815,0,0.8357820764873848,55.0,64.0,-9.0,12023.0,14.978661367769956,12.742004454890015,9.394576760974909
All the King's Men,2006-09-22,2006,9,Q3,2005+,Drama,Historical Fiction,PG-13,Based on Book/Short Story,Sony Pictures,Sony Pictures,55000000.0,7221458.0,9521458.0,0.1731174181818182,0,0.2415596434915745,11.0,60.0,-49.0,11994.0,17.822843743196746,16.069058546301594,9.392161803728454
Bandidas,2006-09-22,2006,9,Q3,2005+,Western,Historical Fiction,PG-13,Original Screenplay,20th Century Fox,20th Century Fox,35000000.0,0.0,10496317.0,0.2998947714285714,0,1.0,62.0,56.0,6.0,12103.0,17.37085861945369,16.166534991691645,9.401208634738603
The Last King of Scotland,2006-09-27,2006,9,Q3,2005+,Drama,Dramatization,R,Based on Book/Short Story,Fox Searchlight,Fox Searchlight,6000000.0,17606684.0,48363516.0,8.060586,1,0.6359511165399968,87.0,78.0,9.0,54022.0,15.60727002719233,17.694256285782647,10.897146649985954
School for Scoundrels,2006-09-29,2006,9,Q3,2005+,Comedy,Contemporary Fiction,PG-13,Remake,MGM,MGM,20000000.0,17807569.0,17807569.0,0.89037845,0,0.0,26.0,60.0,-34.0,15536.0,16.811242831518264,16.695134149599006,9.650915190531107
Facing the Giants,2006-09-29,2006,9,Q3,2005+,Drama,Contemporary Fiction,PG,Original Screenplay,IDP/Goldwyn/Roadside,Other,100000.0,10178331.0,10178331.0,101.78331,1,0.0,9.0,60.0,-51.0,4901.0,11.512925464970229,16.13577160672611,8.497194544909547
Open Season,2006-09-29,2006,9,Q3,2005+,Adventure,Kids Fiction,PG,Original Screenplay,Sony Pictures,Sony Pictures,85000000.0,85105259.0,189901703.0,2.2341376823529413,1,0.5518457304198057,47.0,60.0,-13.0,52.0,18.258161814454592,19.062017143620135,3.9512437185814275
The Queen,2006-09-30,2006,9,Q3,2005+,Drama,Dramatization,PG-13,Based on Real Life Events,Miramax,Miramax,15000000.0,56441711.0,122840603.0,8.189373533333333,1,0.540528867315964,97.0,76.0,21.0,34785.0,16.523560759066484,18.626398162349336,10.456941538357741
Shortbus,2006-10-04,2006,10,Q4,2005+,Comedy,Contemporary Fiction,Not Rated,Original Screenplay,ThinkFilm,Other,2000000.0,1985292.0,1985292.0,0.992646,0,0.0,66.0,67.0,-1.0,14276.0,14.508657738524219,14.501276564559362,9.566335084610051
Employee of the Month,2006-10-06,2006,10,Q4,2005+,Comedy,Contemporary Fiction,PG-13,Original Screenplay,Lionsgate,Lionsgate,10000000.0,28444855.0,38117718.0,3.8117718,1,0.2537629088918702,20.0,54.0,-34.0,17845.0,16.11809565095832,17.45618977136971,9.789478635924262
The Texas Chainsaw Massacre: The Beginning,2006-10-06,2006,10,Q4,2005+,Horror,Historical Fiction,R,Remake,New Line,New Line,16000000.0,39517763.0,50517763.0,3.1573601875,1,0.21774519192387834,,58.0,,20196.0,16.588099280204055,17.73783557497293,9.913239843978806
The Departed,2006-10-06,2006,10,Q4,2005+,Drama,Contemporary Fiction,R,Remake,Warner Bros.,Warner Bros.,90000000.0,133311000.0,290539042.0,3.2282115777777776,1,0.5411597729436995,93.0,85.0,8.0,264148.0,18.31532022829454,19.487248521095115,12.484264831108186
Little Children,2006-10-06,2006,10,Q4,2005+,Drama,Contemporary Fiction,R,Based on Book/Short Story,New Line,New Line,14000000.0,5463019.0,14763019.0,1.0545013571428572,1,0.629952450782594,79.0,78.0,1.0,37162.0,16.454567887579532,16.507635895516685,10.5230420127927
The Grudge 2,2006-10-13,2006,10,Q4,2005+,Horror,Contemporary Fiction,PG-13,Remake,Sony Pictures,Sony Pictures,20000000.0,39143839.0,68643839.0,3.43219195,1,0.42975451882870364,10.0,46.0,-36.0,16024.0,16.811242831518264,18.044441941067166,9.681842877345654
One Night with the King,2006-10-13,2006,10,Q4,2005+,Drama,Historical Fiction,PG,Based on Book/Short Story,Rocky Mountain Pictures,Other,20000000.0,13395961.0,13395961.0,0.66979805,0,0.0,16.0,60.0,-44.0,2993.0,16.811242831518264,16.410463801575183,8.0040315078527
Driving Lessons,2006-10-13,2006,10,Q4,2005+,Unknown,Unknown,PG-13,Unknown,Sony Pictures Classics,Sony Pictures Classics,4700000.0,239962.0,239962.0,0.05105574468085106,0,0.0,48.0,67.0,-19.0,5380.0,15.363073066680286,12.388235856454749,8.59044365315583
The Marine,2006-10-13,2006,10,Q4,2005+,Action,Contemporary Fiction,PG-13,Original Screenplay,20th Century Fox,20th Century Fox,15000000.0,18844784.0,22165608.0,1.4777072,1,0.1498187642766217,20.0,45.0,-25.0,13157.0,16.523560759066484,16.91405245641896,9.484709215365838
Alex Rider: Operation Stormbreaker,2006-10-13,2006,10,Q4,2005+,Action,Contemporary Fiction,PG,Based on Book/Short Story,Weinstein Co.,Weinstein Co.,40000000.0,659210.0,9351567.0,0.233789175,0,0.9295080706794915,,,,,17.50439001207821,16.051054480805522,
Infamous,2006-10-13,2006,10,Q4,2005+,Drama,Dramatization,R,Based on Book/Short Story,Warner Independent,Other,13000000.0,1151330.0,2613717.0,0.20105515384615386,0,0.5595047206717483,72.0,71.0,1.0,6917.0,16.38045991542581,14.776283904107258,8.841737428600585
51 Birch Street,2006-10-18,2006,10,Q4,2005+,Unknown,Unknown,Not Rated,Unknown,Truly Indie,Other,350000.0,84689.0,84689.0,0.24196857142857142,0,0.0,97.0,74.0,23.0,439.0,12.765688433465597,11.34674100207642,6.0844994130751715
The Prestige,2006-10-20,2006,10,Q4,2005+,Thriller/Suspense,Historical Fiction,PG-13,Based on Book/Short Story,Walt Disney Pictures,Walt Disney Pictures,40000000.0,53089891.0,107896006.0,2.69740015,1,0.5079531396185323,75.0,84.0,-9.0,207322.0,17.50439001207821,18.496678413787933,12.242028419179743
Running With Scissors,2006-10-20,2006,10,Q4,2005+,Comedy,Dramatization,R,Based on Book/Short Story,Sony Pictures,Sony Pictures,12000000.0,6775659.0,7213629.0,0.60113575,0,0.0607142396704904,30.0,60.0,-30.0,12926.0,16.300417207752275,15.79148271134385,9.46699606582284
Marie Antoinette,2006-10-20,2006,10,Q4,2005+,Drama,Dramatization,PG-13,Based on Book/Short Story,Sony Pictures,Sony Pictures,40000000.0,15962471.0,60862471.0,1.521561775,1,0.737728837858062,55.0,64.0,-9.0,31877.0,17.50439001207821,17.924127302989103,10.369640025590375
Flags of Our Fathers,2006-10-20,2006,10,Q4,2005+,Drama,Historical Fiction,R,Based on Book/Short Story,Paramount Pictures,Paramount Pictures,53000000.0,33602376.0,61902376.0,1.167969358490566,1,0.457171466245496,73.0,72.0,1.0,42788.0,17.785802471516394,17.941069121409274,10.664012968426022
Flicka,2006-10-20,2006,10,Q4,2005+,Drama,Contemporary Fiction,PG,Based on Book/Short Story,20th Century Fox,20th Century Fox,15000000.0,21000147.0,21893591.0,1.4595727333333333,1,0.04080847221453986,54.0,57.0,-3.0,2832.0,16.523560759066484,16.901704503555003,7.94873845481361
Saw III,2006-10-27,2006,10,Q4,2005+,Horror,Contemporary Fiction,R,Original Screenplay,Lionsgate,Lionsgate,10000000.0,80238724.0,163876815.0,16.3876815,1,0.5103717142659869,25.0,63.0,-38.0,60784.0,16.11809565095832,18.914625575501677,11.015081875427407
Catch a Fire,2006-10-27,2006,10,Q4,2005+,Thriller/Suspense,Dramatization,PG-13,Based on Real Life Events,Focus Features,Focus Features,14000000.0,4299773.0,5699773.0,0.40712664285714284,0,0.24562381694849952,76.0,68.0,8.0,5959.0,16.454567887579532,15.555936907450356,8.69265796074698
Babel,2006-10-27,2006,10,Q4,2005+,Drama,Contemporary Fiction,R,Original Screenplay,Paramount Vantage,Other,20000000.0,34302837.0,135302837.0,6.76514185,1,0.7464736308522488,69.0,76.0,-7.0,95122.0,16.811242831518264,18.723026061139958,11.462915557215949
Volver,2006-11-03,2006,11,Q4,2005+,Comedy,Contemporary Fiction,R,Original Screenplay,Sony Pictures Classics,Sony Pictures Classics,9400000.0,12899867.0,85599867.0,9.106368829787234,1,0.8493003850111123,92.0,44.0,48.0,288.0,16.056220247240233,18.265194287372445,5.662960480135946
Flushed Away,2006-11-03,2006,11,Q4,2005+,Comedy,Kids Fiction,PG,Original Screenplay,Paramount Pictures,Paramount Pictures,149000000.0,64665672.0,177665672.0,1.1923870604026845,1,0.636026074862678,72.0,70.0,2.0,21334.0,18.819456863909732,18.995414094947275,9.968057323185429
Borat,2006-11-03,2006,11,Q4,2005+,Comedy,Contemporary Fiction,R,Based on TV,20th Century Fox,20th Century Fox,18000000.0,128505958.0,261572744.0,14.531819111111112,1,0.5087180872331255,,77.0,,3612.0,16.70588231586044,19.38222298251676,8.192016914536875
"Secret, The",2006-11-07,2006,11,Q4,2005+,Documentary,Unknown,Not Rated,Unknown,Unknown,Unknown,3500000.0,0.0,0.0,0.0,0,,,,,,15.068273526459642,,
Fur,2006-11-10,2006,11,Q4,2005+,Drama,Dramatization,R,Based on Book/Short Story,Picturehouse,Other,16800000.0,223202.0,2281089.0,0.13577910714285715,0,0.9021511216791629,,,,,16.636889444373487,14.640163518479916,
Stranger Than Fiction,2006-11-10,2006,11,Q4,2005+,Comedy,Contemporary Fiction,PG-13,Original Screenplay,Sony Pictures,Sony Pictures,30000000.0,40435190.0,45235190.0,1.5078396666666667,1,0.10611207778722716,72.0,78.0,-6.0,74218.0,17.216707939626428,17.627385881720546,11.214761987336935
Harsh Times,2006-11-10,2006,11,Q4,2005+,Drama,Contemporary Fiction,R,Original Screenplay,MGM,MGM,2000000.0,3337931.0,5963961.0,2.9819805,1,0.440316427287167,48.0,70.0,-22.0,26347.0,14.508657738524219,15.601245415609974,10.179109695495468
Copying Beethoven,2006-11-10,2006,11,Q4,2005+,Drama,Dramatization,PG-13,Based on Real Life Events,MGM,MGM,11000000.0,355968.0,355968.0,0.03236072727272727,0,0.0,,68.0,,5017.0,16.213405830762646,12.782596118153583,8.520587424484253
Come Early Morning,2006-11-10,2006,11,Q4,2005+,Drama,Contemporary Fiction,R,Original Screenplay,IDP/Goldwyn/Roadside,Other,6000000.0,119452.0,119452.0,0.019908666666666668,0,0.0,83.0,62.0,21.0,1511.0,15.60727002719233,11.69066989602107,7.32052696227274
A Good Year,2006-11-10,2006,11,Q4,2005+,Drama,Contemporary Fiction,PG-13,Based on Book/Short Story,20th Century Fox,20th Century Fox,35000000.0,7459300.0,42064105.0,1.2018315714285714,1,0.8226682821374661,24.0,68.0,-44.0,23149.0,17.37085861945369,17.554705322144958,10.049706862037105
Bobby,2006-11-17,2006,11,Q4,2005+,Drama,Dramatization,R,Based on Real Life Events,MGM,MGM,14000000.0,11242801.0,20597806.0,1.4712718571428571,1,0.45417482813460813,46.0,71.0,-25.0,23262.0,16.454567887579532,16.840695123233395,10.054576406898985
Casino Royale,2006-11-17,2006,11,Q4,2005+,Action,Contemporary Fiction,PG-13,Based on Book/Short Story,Sony Pictures,Sony Pictures,102000000.0,167365000.0,596365000.0,5.84671568627451,1,0.7193581112238311,94.0,80.0,14.0,172936.0,18.440483371248543,20.20636345368679,12.060676862837889
For Your Consideration,2006-11-17,2006,11,Q4,2005+,Comedy,Contemporary Fiction,PG-13,Original Screenplay,Warner Independent,Other,12000000.0,5549923.0,5549923.0,0.46249358333333335,0,0.0,50.0,62.0,-12.0,7780.0,16.300417207752275,15.5292946117525,8.959311617172437
Happy Feet,2006-11-17,2006,11,Q4,2005+,Adventure,Kids Fiction,PG,Original Screenplay,Warner Bros.,Warner Bros.,85000000.0,198000317.0,385000317.0,4.529415494117647,1,0.4857138857888265,74.0,67.0,7.0,42369.0,18.258161814454592,19.768754715628344,10.654172241737173
The History Boys,2006-11-21,2006,11,Q4,2005+,Comedy,Contemporary Fiction,R,Based on Play,Fox Searchlight,Fox Searchlight,3700000.0,2730296.0,13425589.0,3.6285375675675677,1,0.7966349185871845,63.0,67.0,-4.0,10293.0,15.123843377614453,16.412673070767372,9.23921933152656
Opal Dreams,2006-11-22,2006,11,Q4,2005+,Drama,Contemporary Fiction,PG,Based on Book/Short Story,Strand,Other,9000000.0,14443.0,14443.0,0.0016047777777777777,0,0.0,,65.0,,468.0,16.012735135300492,9.577965147101168,6.148468295917647
The Fountain,2006-11-22,2006,11,Q4,2005+,Drama,Science Fiction,PG-13,Original Screenplay,Warner Bros.,Warner Bros.,35000000.0,10144010.0,15461638.0,0.44176108571428574,0,0.3439239749371962,51.0,74.0,-23.0,72562.0,17.37085861945369,16.553872546352036,11.192196647804964
DÈj‡ Vu,2006-11-22,2006,11,Q4,2005+,Thriller/Suspense,Science Fiction,PG-13,Original Screenplay,Walt Disney Pictures,Walt Disney Pictures,80000000.0,64038616.0,181038616.0,2.2629827,1,0.6462709591195726,,70.0,,66106.0,18.197537192638155,19.014220914540935,11.099014793278535
Kurtlar vadisi - Irak,2006-11-24,2006,11,Q4,2005+,Action,Contemporary Fiction,Unknown,Original Screenplay,Unknown,Unknown,8300000.0,0.0,24906717.0,3.000809277108434,1,1.0,,57.0,,7936.0,15.931766072766827,17.030648084092654,8.979164648964709
The Nativity Story,2006-12-01,2006,12,Q4,2005+,Drama,Dramatization,PG,Based on Book/Short Story,New Line,New Line,35000000.0,37629831.0,46432264.0,1.3266361142857144,1,0.18957578721554477,37.0,66.0,-29.0,4701.0,17.37085861945369,17.653505120383866,8.45553053102413
Turistas,2006-12-01,2006,12,Q4,2005+,Thriller/Suspense,Contemporary Fiction,R,Original Screenplay,20th Century Fox,20th Century Fox,10000000.0,7027762.0,14321070.0,1.432107,1,0.5092711647942507,,69.0,,83.0,16.11809565095832,16.477242437375715,4.418840607796598
Unaccompanied Minors,2006-12-08,2006,12,Q4,2005+,Comedy,Contemporary Fiction,PG,Original Screenplay,Warner Bros.,Warner Bros.,25000000.0,16655224.0,21949214.0,0.87796856,0,0.24119269145583072,,37.0,,4133.0,17.034386382832476,16.904241888188274,8.326758814511733
Apocalypto,2006-12-08,2006,12,Q4,2005+,Adventure,Historical Fiction,R,Original Screenplay,Walt Disney Pictures,Walt Disney Pictures,40000000.0,50866635.0,117785051.0,2.944626275,1,0.5681401453907763,64.0,79.0,-15.0,82162.0,17.50439001207821,18.584371919601068,11.316448187052021
The Holiday,2006-12-08,2006,12,Q4,2005+,Romantic Comedy,Contemporary Fiction,PG-13,Original Screenplay,Sony Pictures,Sony Pictures,85000000.0,63280000.0,205190324.0,2.414003811764706,1,0.6916033915907263,47.0,69.0,-22.0,48215.0,18.258161814454592,19.139448516153003,10.783425454944485
Blood Diamond,2006-12-08,2006,12,Q4,2005+,Action,Historical Fiction,R,Original Screenplay,Warner Bros.,Warner Bros.,100000000.0,57377916.0,171377916.0,1.71377916,1,0.6651965589311986,62.0,80.0,-18.0,118925.0,18.420680743952367,18.95938171101928,11.686248321300482
Arthur et les Minimoys,2006-12-15,2006,12,Q4,2005+,Adventure,Fantasy,PG,Based on Book/Short Story,Weinstein Co.,Weinstein Co.,80000000.0,15132763.0,110102340.0,1.37627925,1,0.8625572989638549,,59.0,,7626.0,18.197537192638155,18.516920854873053,8.939318740417509
The Pursuit of Happyness,2006-12-15,2006,12,Q4,2005+,Drama,Dramatization,PG-13,Based on Real Life Events,Sony Pictures,Sony Pictures,55000000.0,162586036.0,306086036.0,5.565200654545454,1,0.46882243265746365,66.0,78.0,-12.0,77939.0,17.822843743196746,19.539376783796328,11.263681748428045
IndigËnes,2006-12-15,2006,12,Q4,2005+,Drama,Historical Fiction,Not Rated,Original Screenplay,Weinstein Co.,Weinstein Co.,18900000.0,320700.0,6877936.0,0.36391195767195766,0,0.9533726396988864,,72.0,,5775.0,16.75467248002987,15.743829164900525,8.661293535389994
Dreamgirls,2006-12-15,2006,12,Q4,2005+,Musical,Historical Fiction,PG-13,Based on Musical/Opera,Paramount Pictures,Paramount Pictures,75000000.0,103365956.0,154965956.0,2.066212746666667,1,0.332976360304582,78.0,66.0,12.0,28016.0,18.132998671500584,18.85871601204973,10.240531054525633
Charlotte's Web,2006-12-15,2006,12,Q4,2005+,Drama,Fantasy,G,Based on Book/Short Story,Paramount Pictures,Paramount Pictures,82500000.0,82985708.0,143985708.0,1.7452813090909092,1,0.4236531586871108,78.0,67.0,11.0,8028.0,18.22830885130491,18.78522460261467,8.990690709916228
The Good German,2006-12-15,2006,12,Q4,2005+,Drama,Historical Fiction,R,Based on Book/Short Story,Warner Bros.,Warner Bros.,32000000.0,1308696.0,1308696.0,0.04089675,0,0.0,32.0,61.0,-29.0,13007.0,17.281246460764002,14.08454177957065,9.47324295306374
Eragon,2006-12-15,2006,12,Q4,2005+,Adventure,Fantasy,PG,Based on Book/Short Story,20th Century Fox,20th Century Fox,100000000.0,75030163.0,249488115.0,2.49488115,1,0.6992635781467987,16.0,50.0,-34.0,43555.0,18.420680743952367,19.33492183675071,10.681779786252992
Rocky Balboa,2006-12-20,2006,12,Q4,2005+,Drama,Contemporary Fiction,PG,Unknown,MGM,MGM,24000000.0,70269899.0,155720088.0,6.488337,1,0.5487422342068031,76.0,74.0,2.0,63717.0,16.99356438831222,18.863570645823245,11.062206681936356
Letters from Iwo Jima,2006-12-20,2006,12,Q4,2005+,Drama,Historical Fiction,R,Based on Real Life Events,Warner Bros.,Warner Bros.,13000000.0,13756082.0,68756082.0,5.288929384615384,1,0.7999292338967191,91.0,81.0,10.0,56872.0,16.38045991542581,18.046075756052662,10.948558407609319
The Painted Veil,2006-12-20,2006,12,Q4,2005+,Drama,Historical Fiction,PG-13,Based on Book/Short Story,Warner Independent,Other,19400000.0,8060487.0,15118795.0,0.7793193298969072,0,0.4668565186577369,74.0,76.0,-2.0,26331.0,16.780783624033557,16.53144922977259,10.178502231260227
Venus,2006-12-21,2006,12,Q4,2005+,Drama,Contemporary Fiction,R,Original Screenplay,Miramax,Miramax,6000000.0,3347411.0,4022411.0,0.6704018333333334,0,0.16780980362275263,89.0,,,,15.60727002719233,15.207392032060087,
Man cheng jin dai huang jin jia,2006-12-21,2006,12,Q4,2005+,Action,Historical Fiction,R,Based on Play,Sony Pictures Classics,Sony Pictures Classics,45000000.0,6566773.0,75566773.0,1.6792616222222223,1,0.9130997296920433,,70.0,,17975.0,17.622173047734595,18.140527233954664,9.796737182589247
Night at the Museum,2006-12-22,2006,12,Q4,2005+,Comedy,Fantasy,PG,Based on Book/Short Story,20th Century Fox,20th Century Fox,110000000.0,250863268.0,574480841.0,5.2225531,1,0.5633217853474073,43.0,64.0,-21.0,67133.0,18.51599092375669,20.168977305697865,11.114431005342865
Black Christmas,2006-12-25,2006,12,Q4,2005+,Horror,Contemporary Fiction,R,Remake,MGM,MGM,9000000.0,16235738.0,16235738.0,1.8039708888888888,1,0.0,15.0,43.0,-28.0,10424.0,16.012735135300492,16.60272541983117,9.251866118804681
Children of Men,2006-12-25,2006,12,Q4,2005+,Thriller/Suspense,Science Fiction,R,Based on Book/Short Story,Universal,Universal,76000000.0,35552383.0,69450202.0,0.9138184473684211,0,0.48808812679911284,93.0,81.0,12.0,158125.0,18.146243898250606,18.05612053572771,11.971141138463922
Perfume: The Story of a Murderer,2006-12-27,2006,12,Q4,2005+,Drama,Historical Fiction,R,Based on Book/Short Story,Paramount Pictures,Paramount Pictures,63700000.0,2223293.0,132180323.0,2.07504431711146,1,0.9831798489401482,58.0,75.0,-17.0,51704.0,17.96969512054239,18.69967763164106,10.853290426942731
The Dead Girl,2006-12-29,2006,12,Q4,2005+,Thriller/Suspense,Contemporary Fiction,R,Original Screenplay,First Look,Other,3300000.0,19875.0,19875.0,0.0060227272727272725,0,0.0,73.0,68.0,5.0,7122.0,15.009433026436708,9.897217939522532,8.870943863837724
El Laberinto del Fauno,2006-12-29,2006,12,Q4,2005+,Horror,Historical Fiction,R,Original Screenplay,Picturehouse,Other,16000000.0,37634615.0,83234615.0,5.2021634375,1,0.5478489928739383,,84.0,,153762.0,16.588099280204055,18.23717386494151,11.943161231403604
Factory Girl,2006-12-29,2006,12,Q4,2005+,Drama,Dramatization,R,Based on Real Life Events,MGM,MGM,7000000.0,1661464.0,1661464.0,0.237352,0,0.0,19.0,61.0,-42.0,8680.0,15.761420707019587,14.323209699373828,9.068776807654396
Miss Potter,2006-12-29,2006,12,Q4,2005+,Drama,Dramatization,PG,Based on Real Life Events,MGM,MGM,30000000.0,3005605.0,35025861.0,1.1675287,1,0.9141889759683567,66.0,71.0,-5.0,10236.0,17.216707939626428,17.371597232326316,9.23366619727968
Happily N'Ever After,2007-01-05,2007,1,Q1,2005+,Comedy,Kids Fiction,PG,Original Screenplay,Lionsgate,Lionsgate,47000000.0,15849032.0,38344430.0,0.8158389361702127,0,0.5866666423258867,,39.0,,4678.0,17.665658159674333,17.462119834029536,8.450625947144124
Code Name: The Cleaner,2007-01-05,2007,1,Q1,2005+,Comedy,Contemporary Fiction,PG-13,Original Screenplay,New Line,New Line,20000000.0,8135024.0,8135024.0,0.4067512,0,0.0,4.0,40.0,-36.0,5277.0,16.811242831518264,15.911689248846043,8.571113033405668
Freedom Writers,2007-01-05,2007,1,Q1,2005+,Drama,Dramatization,PG-13,Based on Book/Short Story,Paramount Pictures,Paramount Pictures,21000000.0,36605602.0,43090741.0,2.0519400476190475,1,0.1504995934045321,69.0,75.0,-6.0,18065.0,16.860032995687696,17.57881870600949,9.801731643581741
Thr3e,2007-01-05,2007,1,Q1,2005+,Thriller/Suspense,Contemporary Fiction,PG-13,Based on Book/Short Story,The Bigger Picture,Other,2400000.0,1008849.0,1060418.0,0.44184083333333335,0,0.048630822939633236,5.0,50.0,-45.0,2825.0,14.690979295318174,13.874173727979457,7.946263643580541
Stomp the Yard,2007-01-12,2007,1,Q1,2005+,Drama,Contemporary Fiction,PG-13,Original Screenplay,Sony/Screen Gems,Other,14000000.0,61356221.0,76356221.0,5.454015785714286,1,0.19644764766449088,26.0,43.0,-17.0,13737.0,16.454567887579532,18.150920066335793,9.527848201325206
Smokin' Aces,2007-01-26,2007,1,Q1,2005+,Comedy,Contemporary Fiction,R,Original Screenplay,Universal,Universal,17000000.0,35662731.0,56047261.0,3.296897705882353,1,0.36370251884387356,28.0,66.0,-38.0,57313.0,16.64872390202049,17.841705839205446,10.956282753061092
Epic Movie,2007-01-26,2007,1,Q1,2005+,Comedy,Contemporary Fiction,PG-13,Original Screenplay,20th Century Fox,20th Century Fox,20000000.0,39739367.0,86858578.0,4.3429289,1,0.5424819526748411,2.0,22.0,-20.0,48975.0,16.811242831518264,18.27979181376494,10.799065242812741
Farce of the Penguins,2007-01-30,2007,1,Q1,2005+,Comedy,Contemporary Fiction,R,Original Screenplay,ThinkFilm,Other,5000000.0,0.0,0.0,0.0,0,,,41.0,,3186.0,15.424948470398375,,8.066521490469993
Partition,2007-02-02,2007,2,Q1,2005+,Drama,Historical Fiction,Unknown,Original Screenplay,Unknown,Unknown,10000000.0,0.0,0.0,0.0,0,,40.0,66.0,-26.0,1275.0,16.11809565095832,,7.150701457592526
The Last Sin Eater,2007-02-09,2007,2,Q1,2005+,Drama,Historical Fiction,PG-13,Based on Book/Short Story,20th Century Fox,20th Century Fox,2200000.0,388390.0,388390.0,0.17654090909090908,0,0.0,19.0,57.0,-38.0,1012.0,14.603967918328545,12.869765268414922,6.919683849847411
Hannibal Rising,2007-02-09,2007,2,Q1,2005+,Thriller/Suspense,Historical Fiction,R,Based on Book/Short Story,Weinstein Co.,Weinstein Co.,50000000.0,27669725.0,80583311.0,1.61166622,1,0.6566320661606967,15.0,60.0,-45.0,28690.0,17.72753356339242,18.204802126483717,10.26430390897541
Das Leben der Anderen,2007-02-09,2007,2,Q1,2005+,Drama,Historical Fiction,R,Original Screenplay,Sony Pictures Classics,Sony Pictures Classics,2000000.0,11284657.0,75284657.0,37.6423285,1,0.8501068152571911,,85.0,,75070.0,14.508657738524219,18.136786913708445,11.226176290567048
Music and Lyrics,2007-02-14,2007,2,Q1,2005+,Romantic Comedy,Contemporary Fiction,PG-13,Original Screenplay,Warner Bros.,Warner Bros.,40000000.0,50572589.0,145556146.0,3.63890365,1,0.6525561414631025,63.0,66.0,-3.0,32307.0,17.50439001207821,18.796072453303573,10.38303920399699
Bridge to Terabithia,2007-02-16,2007,2,Q1,2005+,Drama,Fantasy,PG,Based on Book/Short Story,Walt Disney Pictures,Walt Disney Pictures,25000000.0,82234139.0,136934139.0,5.47736556,1,0.3994621092991281,85.0,74.0,11.0,34482.0,17.034386382832476,18.735010630974934,10.448192727735796
Ghost Rider,2007-02-16,2007,2,Q1,2005+,Action,Super Hero,PG-13,Based on Comic/Graphic Novel,Sony Pictures,Sony Pictures,120000000.0,115802596.0,237702596.0,1.9808549666666666,1,0.5128256992195407,26.0,52.0,-26.0,63235.0,18.60300230074632,19.28653085360019,11.054613224314076
The Astronaut Farmer,2007-02-23,2007,2,Q1,2005+,Drama,Contemporary Fiction,PG,Original Screenplay,Warner Bros.,Warner Bros.,13000000.0,11003643.0,11003643.0,0.8464340769230769,0,0.0,,64.0,,10506.0,16.38045991542581,16.213736957752232,9.259701801513907
The Number 23,2007-02-23,2007,2,Q1,2005+,Thriller/Suspense,Contemporary Fiction,R,Original Screenplay,New Line,New Line,32000000.0,35193167.0,76593167.0,2.39353646875,1,0.5405181900886799,8.0,62.0,-54.0,59174.0,17.281246460764002,18.154018427076586,10.98823753521109
Reno 911!: Miami,2007-02-23,2007,2,Q1,2005+,Comedy,Contemporary Fiction,R,Based on TV,20th Century Fox,20th Century Fox,10000000.0,20342161.0,20342161.0,2.0342161,1,0.0,35.0,58.0,-23.0,15684.0,16.11809565095832,16.828206186795683,9.660396363412222
Zodiac,2007-03-02,2007,3,Q1,2005+,Thriller/Suspense,Dramatization,R,Based on Book/Short Story,Paramount Pictures,Paramount Pictures,85000000.0,33080084.0,83080084.0,0.9774127529411765,0,0.601828953374674,89.0,,,,18.258161814454592,18.235315568045337,
Black Snake Moan,2007-03-02,2007,3,Q1,2005+,Drama,Contemporary Fiction,R,Original Screenplay,Paramount Vantage,Other,15000000.0,9396870.0,9396870.0,0.626458,0,0.0,66.0,71.0,-5.0,28145.0,16.523560759066484,16.055887213067102,10.245124997898127
Gwoemul,2007-03-09,2007,3,Q1,2005+,Action,Science Fiction,R,Original Screenplay,Magnolia Pictures,Other,12000000.0,2201923.0,89006691.0,7.41722425,1,0.9752611519958652,,71.0,,26783.0,16.300417207752275,18.304222104645838,10.195522636869386
The Namesake,2007-03-09,2007,3,Q1,2005+,Drama,Contemporary Fiction,PG-13,Based on Book/Short Story,Fox Searchlight,Fox Searchlight,8500000.0,13610521.0,20180109.0,2.374130470588235,1,0.3255476964965848,,75.0,,9700.0,15.955576721460545,16.82020797426266,9.179881164491475
300,2007-03-09,2007,3,Q1,2005+,Action,Historical Fiction,R,Based on Comic/Graphic Novel,Warner Bros.,Warner Bros.,60000000.0,210614939.0,456068181.0,7.60113635,1,0.5381941828561814,60.0,78.0,-18.0,235508.0,17.909855120186375,19.93815287603854,12.36950016213764
I Think I Love My Wife,2007-03-16,2007,3,Q1,2005+,Romantic Comedy,Contemporary Fiction,R,Remake,Fox Searchlight,Fox Searchlight,14000000.0,12559771.0,13205411.0,0.9432436428571429,0,0.04889207916360953,19.0,55.0,-36.0,8643.0,16.454567887579532,16.396137227803035,9.064505023752638
Nomad,2007-03-16,2007,3,Q1,2005+,Drama,Historical Fiction,R,Original Screenplay,Weinstein Co.,Weinstein Co.,40000000.0,79123.0,79123.0,0.001978075,0,0.0,,55.0,,1224.0,17.50439001207821,11.278758882665727,7.1098794630722715
Premonition,2007-03-16,2007,3,Q1,2005+,Thriller/Suspense,Contemporary Fiction,PG-13,Original Screenplay,Sony Pictures,Sony Pictures,20000000.0,47852604.0,81461343.0,4.07306715,1,0.4125728567966281,8.0,,,,16.811242831518264,18.215639146667836,
Reign Over Me,2007-03-23,2007,3,Q1,2005+,Drama,Historical Fiction,R,Original Screenplay,Sony Pictures,Sony Pictures,20000000.0,19661987.0,20081987.0,1.00409935,1,0.02091426510733226,63.0,77.0,-14.0,39234.0,16.811242831518264,16.815333802075425,10.577298996789331
TMNT,2007-03-23,2007,3,Q1,2005+,Action,Science Fiction,PG,Based on Comic/Graphic Novel,Warner Bros.,Warner Bros.,35000000.0,54149098.0,95009888.0,2.7145682285714288,1,0.4300688155742274,,66.0,,26178.0,17.37085861945369,18.369491528358957,10.172674642351664
Namastey London,2007-03-23,2007,3,Q1,2005+,Romantic Comedy,Contemporary Fiction,Not Rated,Original Screenplay,Eros Entertainment,Other,8400000.0,1207007.0,6831069.0,0.8132225,0,0.8233062790025982,,67.0,,1511.0,15.943742263813542,15.736991734673072,7.32052696227274
Journey from the Fall,2007-03-23,2007,3,Q1,2005+,Drama,Historical Fiction,R,Original Screenplay,Imaginasian,Other,1300000.0,635305.0,635305.0,0.48869615384615384,0,0.0,92.0,72.0,20.0,586.0,14.077874822431765,13.361860477521152,6.373319789577012
Shooter,2007-03-23,2007,3,Q1,2005+,Thriller/Suspense,Contemporary Fiction,R,Based on Book/Short Story,Paramount Pictures,Paramount Pictures,60000000.0,47003582.0,95203582.0,1.5867263666666667,1,0.5062834715609755,48.0,72.0,-24.0,149.0,17.909855120186375,18.37152812510417,5.003946305945459
The Hills Have Eyes II,2007-03-23,2007,3,Q1,2005+,Horror,Fantasy,R,Remake,20th Century Fox,20th Century Fox,15000000.0,20804166.0,37466538.0,2.4977692,1,0.4447267585812172,,50.0,,17948.0,16.523560759066484,17.438958772586158,9.795233967095873
Blades of Glory,2007-03-30,2007,3,Q1,2005+,Comedy,Contemporary Fiction,PG-13,Original Screenplay,Paramount Pictures,Paramount Pictures,61000000.0,118594548.0,145594548.0,2.386795868852459,1,0.1854465044941106,69.0,65.0,4.0,51929.0,17.926384422137584,18.79633624797083,10.857632679961252
The Reaping,2007-04-05,2007,4,Q2,2005+,Horror,Fantasy,R,Original Screenplay,Warner Bros.,Warner Bros.,40000000.0,25126214.0,62226214.0,1.55565535,1,0.596211750886853,8.0,56.0,-48.0,19881.0,17.50439001207821,17.946286915870925,9.897519780756337
Grindhouse,2007-04-06,2007,4,Q2,2005+,Horror,Fantasy,R,Original Screenplay,Weinstein/Dimension,Other,53000000.0,25031037.0,50187789.0,0.9469394150943397,0,0.5012524460880315,,79.0,,82770.0,17.785802471516394,17.731282308060653,11.323820955879441
The Hoax,2007-04-06,2007,4,Q2,2005+,Drama,Dramatization,R,Based on Real Life Events,Walt Disney Pictures,Walt Disney Pictures,25000000.0,7164995.0,7164995.0,0.2865998,0,0.0,85.0,69.0,16.0,9171.0,17.034386382832476,15.78471792140746,9.123801610558944
Zwartboek,2007-04-06,2007,4,Q2,2005+,Thriller/Suspense,Historical Fiction,R,Based on Real Life Events,Sony Pictures Classics,Sony Pictures Classics,22000000.0,4398392.0,4398392.0,0.1999269090909091,0,0.0,,80.0,,27288.0,16.90655301132259,15.29674957754825,10.214202324098482
Disturbia,2007-04-13,2007,4,Q2,2005+,Thriller/Suspense,Contemporary Fiction,PG-13,Original Screenplay,Paramount Pictures,Paramount Pictures,20000000.0,80209692.0,117573043.0,5.87865215,1,0.31778841515567474,68.0,70.0,-2.0,72231.0,16.811242831518264,18.582570340961986,11.187624595611938
Slow Burn,2007-04-13,2007,4,Q2,2005+,Thriller/Suspense,Contemporary Fiction,R,Original Screenplay,Lionsgate,Lionsgate,15500000.0,1237615.0,1237615.0,0.07984612903225806,0,0.0,12.0,59.0,-47.0,2318.0,16.556350581889475,14.028696698400253,7.748460023899697
Aqua Teen Hunger Force: The Movie,2007-04-13,2007,4,Q2,2005+,Comedy,Science Fiction,R,Based on TV,First Look,Other,750000.0,5520368.0,5520368.0,7.360490666666666,1,0.0,,,,,13.527828485512494,15.523955082697821,
Hot Fuzz,2007-04-20,2007,4,Q2,2005+,Comedy,Contemporary Fiction,R,Original Screenplay,Focus Features,Focus Features,16000000.0,23618786.0,79197493.0,4.9498433125,1,0.7017735649788813,91.0,80.0,11.0,129779.0,16.588099280204055,18.18745520224325,11.773588282797961
In the Land of Women,2007-04-20,2007,4,Q2,2005+,Comedy,Contemporary Fiction,PG-13,Original Screenplay,Warner Bros.,Warner Bros.,10500000.0,11052958.0,14140402.0,1.3467049523809524,1,0.21834202450538534,44.0,67.0,-23.0,13550.0,16.166885815127753,16.464546648014434,9.514141826307847
Ta Ra Rum Pum,2007-04-27,2007,4,Q2,2005+,Comedy,Contemporary Fiction,Not Rated,Original Screenplay,Yash Raj Films,Other,7400000.0,872643.0,9443864.0,1.2761978378378378,1,0.9075968268920434,67.0,51.0,16.0,1051.0,15.816990558174398,16.06087577640617,6.957497370876951
Jindabyne,2007-04-27,2007,4,Q2,2005+,Drama,Contemporary Fiction,R,Based on Book/Short Story,Sony Pictures Classics,Sony Pictures Classics,10800000.0,399879.0,2862544.0,0.2650503703703704,0,0.8603064267309078,,64.0,,3920.0,16.195056692094447,14.867221297905536,8.273846932784508
Waitress,2007-05-02,2007,5,Q2,2005+,Romantic Comedy,Contemporary Fiction,PG-13,Original Screenplay,Fox Searchlight,Fox Searchlight,1500000.0,19097550.0,22202180.0,14.801453333333333,1,0.13983446670552171,89.0,72.0,17.0,20384.0,14.22097566607244,16.915701040219577,9.92250555837189
"Paris, je t'aime",2007-05-04,2007,5,Q2,2005+,Drama,Contemporary Fiction,R,Original Screenplay,First Look,Other,13000000.0,4857374.0,4857374.0,0.37364415384615385,0,0.0,,66.0,,175.0,16.38045991542581,15.396008520628133,5.1647859739235145
Spider-Man 3,2007-05-04,2007,5,Q2,2005+,Adventure,Super Hero,PG-13,Based on Comic/Graphic Novel,Sony Pictures,Sony Pictures,258000000.0,336530303.0,890871626.0,3.4529907984496124,1,0.6222460193159188,63.0,64.0,-1.0,141513.0,19.36847014288589,20.60771089649136,11.860146864636903
Lucky You,2007-05-04,2007,5,Q2,2005+,Drama,Historical Fiction,PG-13,Original Screenplay,Warner Bros.,Warner Bros.,55000000.0,5755286.0,6521829.0,0.11857870909090909,0,0.11753497370139573,28.0,59.0,-31.0,9870.0,17.822843743196746,15.690665416036436,9.197255132427527
The Salon,2007-05-11,2007,5,Q2,2005+,Comedy,Contemporary Fiction,PG-13,Based on Play,Freestyle Releasing,Other,1500000.0,139084.0,139084.0,0.09272266666666666,0,0.0,12.0,35.0,-23.0,308.0,14.22097566607244,11.84283334613388,5.730099782973574
Georgia Rule,2007-05-11,2007,5,Q2,2005+,Drama,Contemporary Fiction,R,Original Screenplay,Universal,Universal,20000000.0,18882880.0,20819601.0,1.04098005,1,0.09302392490614973,17.0,58.0,-41.0,10902.0,16.811242831518264,16.85140545670233,9.296701537624227
28 Weeks Later,2007-05-11,2007,5,Q2,2005+,Horror,Science Fiction,R,Original Screenplay,20th Century Fox,20th Century Fox,15000000.0,28638916.0,64238440.0,4.282562666666666,1,0.5541779034484648,,71.0,,69558.0,16.523560759066484,17.97811234337268,11.149916215898456
The Wendell Baker Story,2007-05-18,2007,5,Q2,2005+,Comedy,Contemporary Fiction,PG-13,Original Screenplay,ThinkFilm,Other,8000000.0,127188.0,127188.0,0.0158985,0,0.0,,55.0,,3535.0,15.89495209964411,11.753421585815255,8.170468578330674
Brooklyn Rules,2007-05-18,2007,5,Q2,2005+,Drama,Historical Fiction,R,Original Screenplay,Lionsgate,Lionsgate,8000000.0,458232.0,458232.0,0.057279,0,0.0,,64.0,,2797.0,15.89495209964411,13.03513088506141,7.936302693201959
Shrek the Third,2007-05-18,2007,5,Q2,2005+,Adventure,Kids Fiction,PG,Based on Book/Short Story,Paramount Pictures,Paramount Pictures,160000000.0,322719944.0,798958162.0,4.9934885125,1,0.5960740382298015,41.0,61.0,-20.0,59778.0,18.890684373198102,20.49881913940587,10.99839297927291
Bug,2007-05-25,2007,5,Q2,2005+,Drama,Contemporary Fiction,R,Based on Play,Lionsgate,Lionsgate,4000000.0,7006708.0,7006708.0,1.751677,1,0.0,,60.0,,14164.0,15.201804919084164,15.762378533871242,9.558458813231795
Pirates of the Caribbean: At World's End,2007-05-25,2007,5,Q2,2005+,Adventure,Fantasy,PG-13,Disney Ride,Walt Disney Pictures,Walt Disney Pictures,300000000.0,309420425.0,960996492.0,3.20332164,1,0.6780212752327092,45.0,70.0,-25.0,133241.0,19.519293032620475,20.6834813165637,11.799914797533129
Gracie,2007-06-01,2007,6,Q2,2005+,Drama,Dramatization,PG-13,Based on Real Life Events,Picturehouse,Other,9000000.0,2956339.0,3036736.0,0.3374151111111111,0,0.026474807161373265,59.0,62.0,-3.0,2084.0,16.012735135300492,14.926293812360074,7.642044402873258
And Then Came Love,2007-06-01,2007,6,Q2,2005+,Comedy,Unknown,Not Rated,Unknown,Fox Meadow,Other,989000.0,8158.0,8158.0,0.008248736097067746,0,0.0,17.0,44.0,-27.0,200.0,13.804449610604848,9.006754319877503,5.298317366548036
Knocked Up,2007-06-01,2007,6,Q2,2005+,Romantic Comedy,Contemporary Fiction,R,Original Screenplay,Universal,Universal,27500000.0,148761765.0,218994109.0,7.963422145454546,1,0.3207042615013904,90.0,75.0,15.0,111192.0,17.1296965626368,19.204555387875597,11.619013715764593
Hostel: Part II,2007-06-08,2007,6,Q2,2005+,Horror,Contemporary Fiction,R,Original Screenplay,Lionsgate,Lionsgate,7500000.0,17544812.0,33606409.0,4.480854533333333,1,0.47793255744759877,45.0,54.0,-9.0,31511.0,15.830413578506539,17.33022735079172,10.358091970204585
Surf's Up,2007-06-08,2007,6,Q2,2005+,Adventure,Kids Fiction,PG,Original Screenplay,Sony Pictures,Sony Pictures,100000000.0,58867694.0,145395745.0,1.45395745,1,0.5951209301207542,77.0,70.0,7.0,20974.0,18.420680743952367,18.794969858536454,9.951038854394351
La MÙme,2007-06-08,2007,6,Q2,2005+,Drama,Dramatization,PG-13,Based on Real Life Events,Picturehouse,Other,15500000.0,10299782.0,83499782.0,5.387082709677419,1,0.8766489953231256,,76.0,,21412.0,16.556350581889475,18.240354579039234,9.971706791513272
Ocean's Thirteen,2007-06-08,2007,6,Q2,2005+,Adventure,Contemporary Fiction,PG-13,Remake,Warner Bros.,Warner Bros.,85000000.0,117144465.0,311744465.0,3.6675819411764707,1,0.6242292064431681,70.0,69.0,1.0,76884.0,18.258161814454592,19.55769438775574,11.250053071427022
DOA: Dead or Alive,2007-06-15,2007,6,Q2,2005+,Action,Fantasy,PG-13,Based on Game,Weinstein/Dimension,Other,30000000.0,480314.0,2670860.0,0.08902866666666667,0,0.8201650404738549,34.0,49.0,-15.0,16646.0,17.216707939626428,14.797911075892484,9.71992522630604
Fantastic Four: Rise of the Silver Surfer,2007-06-15,2007,6,Q2,2005+,Action,Super Hero,PG,Based on Comic/Graphic Novel,20th Century Fox,20th Century Fox,120000000.0,131921738.0,288215319.0,2.401794325,1,0.5422806169438897,36.0,,,,18.60300230074632,19.47921839417675,
Fido,2007-06-15,2007,6,Q2,2005+,Horror,Fantasy,R,Original Screenplay,Lionsgate,Lionsgate,8000000.0,298110.0,419801.0,0.052475125,0,0.28987782306378496,,69.0,,11683.0,15.89495209964411,12.947536068452541,9.365890072717148
Once,2007-06-16,2007,6,Q2,2005+,Drama,Contemporary Fiction,R,Original Screenplay,Fox Searchlight,Fox Searchlight,150000.0,9445857.0,18997174.0,126.64782666666666,1,0.5027756760031782,97.0,80.0,17.0,34348.0,11.918390573078392,16.759800789226187,10.444299071792376
You Kill Me,2007-06-22,2007,6,Q2,2005+,Black Comedy,Contemporary Fiction,R,Original Screenplay,IFC Films,Other,4000000.0,2426851.0,2426851.0,0.60671275,0,0.0,78.0,67.0,11.0,9498.0,15.201804919084164,14.70210509015829,9.158836529109067
1408,2007-06-22,2007,6,Q2,2005+,Horror,Contemporary Fiction,PG-13,Based on Book/Short Story,MGM,MGM,22500000.0,71985628.0,128529299.0,5.7124132888888886,1,0.439928261026305,78.0,69.0,9.0,72913.0,16.929025867174648,18.671667444091828,11.197022228573097
Evan Almighty,2007-06-22,2007,6,Q2,2005+,Comedy,Fantasy,PG,Original Screenplay,Universal,Universal,175000000.0,100289690.0,173219280.0,0.9898244571428572,0,0.42102466884748624,23.0,55.0,-32.0,43164.0,18.980296531887788,18.97006886429463,10.672762093483625
A Mighty Heart,2007-06-22,2007,6,Q2,2005+,Drama,Dramatization,R,Based on Book/Short Story,Paramount Vantage,Other,15000000.0,9176787.0,18932117.0,1.2621411333333334,1,0.5152794058900017,78.0,67.0,11.0,13881.0,16.523560759066484,16.756370350001855,9.53827627757511
Sicko,2007-06-22,2007,6,Q2,2005+,Documentary,Factual,PG-13,Based on Real Life Events,Lionsgate,Lionsgate,9000000.0,24538513.0,33538513.0,3.7265014444444446,1,0.2683482120987296,93.0,82.0,11.0,40886.0,16.012735135300492,17.328204978254263,10.618542985144954
Live Free or Die Hard,2007-06-27,2007,6,Q2,2005+,Action,Contemporary Fiction,PG-13,Based on Book/Short Story,20th Century Fox,20th Century Fox,110000000.0,134529403.0,383531464.0,3.486649672727273,1,0.6492350286025034,82.0,75.0,7.0,130559.0,18.51599092375669,19.764932219734686,11.779580510854876
Chacun sa nuit,2007-06-29,2007,6,Q2,2005+,Thriller/Suspense,Unknown,Not Rated,Original Screenplay,Strand,Other,1900000.0,18435.0,18435.0,0.009702631578947369,0,0.0,,63.0,,365.0,14.457364444136669,9.822006310668245,5.8998973535824915
Ratatouille,2007-06-29,2007,6,Q2,2005+,Comedy,Fantasy,G,Original Screenplay,Walt Disney Pictures,Walt Disney Pictures,150000000.0,206445654.0,620495432.0,4.136636213333333,1,0.6672890027013124,96.0,81.0,15.0,131929.0,18.82614585206053,20.24602880077684,11.79001917807194
Transformers,2007-07-03,2007,7,Q3,2005+,Action,Science Fiction,PG-13,Based on TV,Paramount Pictures,Paramount Pictures,151000000.0,319246193.0,708272592.0,4.690546966887418,1,0.5492608402387538,57.0,73.0,-16.0,197131.0,18.8327903947792,20.37833959450714,12.19162376134176
License to Wed,2007-07-03,2007,7,Q3,2005+,Romantic Comedy,Contemporary Fiction,PG,Original Screenplay,Warner Bros.,Warner Bros.,35000000.0,43799818.0,70799818.0,2.0228519428571428,1,0.3813569125276565,7.0,51.0,-44.0,15422.0,17.37085861945369,18.075366988039175,9.643550340392906
Rescue Dawn,2007-07-04,2007,7,Q3,2005+,Action,Historical Fiction,PG-13,Based on Real Life Events,MGM,MGM,10000000.0,5490423.0,7037886.0,0.7037886,0,0.21987611052523443,,75.0,,37764.0,16.11809565095832,15.76681839894902,10.539111546852407
Rockaway,2007-07-07,2007,7,Q3,2005+,Drama,Contemporary Fiction,R,Original Screenplay,Off-Hollywood Distribution,Other,2000000.0,0.0,0.0,0.0,0,,,42.0,,232.0,14.508657738524219,,5.44673737166631
Harry Potter and the Order of the Phoenix,2007-07-11,2007,7,Q3,2005+,Adventure,Fantasy,PG-13,Based on Book/Short Story,Warner Bros.,Warner Bros.,150000000.0,292004738.0,938468864.0,6.2564590933333335,1,0.6888498391354196,78.0,74.0,4.0,104074.0,18.82614585206053,20.65976023709526,11.552857463561574
Cama adentro,2007-07-18,2007,7,Q3,2005+,Drama,Historical Fiction,Not Rated,Original Screenplay,Film Sales Company,Other,800000.0,200433.0,200433.0,0.25054125,0,0.0,,72.0,,466.0,13.592367006650065,12.208235305294805,6.144185634125646
I Now Pronounce You Chuck and Larry,2007-07-20,2007,7,Q3,2005+,Comedy,Contemporary Fiction,PG-13,Original Screenplay,Universal,Universal,85000000.0,119725280.0,185708462.0,2.1848054352941175,1,0.3553051987474863,14.0,61.0,-47.0,46347.0,18.258161814454592,19.039688593405362,10.74391184398016
Sunshine,2007-07-20,2007,7,Q3,2005+,Thriller/Suspense,Science Fiction,R,Original Screenplay,Fox Searchlight,Fox Searchlight,40000000.0,3688560.0,32030610.0,0.80076525,0,0.8848426551976375,74.0,73.0,1.0,74535.0,17.50439001207821,17.282202566049637,11.219024092704531
Hairspray,2007-07-20,2007,7,Q3,2005+,Musical,Historical Fiction,PG,Remake,New Line,New Line,75000000.0,118823091.0,202823091.0,2.70430788,1,0.4141540274622873,91.0,72.0,19.0,41511.0,18.132998671500584,19.127844684146382,10.633713731337494
No Reservations,2007-07-27,2007,7,Q3,2005+,Romantic Comedy,Contemporary Fiction,PG,Remake,Warner Bros.,Warner Bros.,28000000.0,43107979.0,92107979.0,3.2895706785714287,1,0.531984313758529,40.0,63.0,-23.0,16952.0,17.14771506813948,18.338472131566395,9.738141099948136
The Simpsons Movie,2007-07-27,2007,7,Q3,2005+,Comedy,Contemporary Fiction,PG-13,Based on TV,20th Century Fox,20th Century Fox,72500000.0,183135014.0,527071022.0,7.269945131034483,1,0.6525420553285511,89.0,76.0,13.0,117656.0,18.099097119824904,20.082845864028847,11.67552039158015
No End In Sight,2007-07-27,2007,7,Q3,2005+,Documentary,Factual,Not Rated,Based on Real Life Events,Magnolia Pictures,Other,2000000.0,1433319.0,1433319.0,0.7166595,0,0.0,94.0,83.0,11.0,4086.0,14.508657738524219,14.175503291945681,8.315321775377567
MoliËre,2007-07-27,2007,7,Q3,2005+,Comedy,Dramatization,PG-13,Unknown,Sony Pictures Classics,Sony Pictures Classics,21600000.0,635733.0,791154.0,0.0366275,0,0.19644847905717472,,72.0,,265.0,16.888203872654394,13.581247918065587,5.579729825986222
Hot Rod,2007-08-03,2007,8,Q3,2005+,Comedy,Contemporary Fiction,PG-13,Original Screenplay,Paramount Pictures,Paramount Pictures,25000000.0,13938332.0,14334401.0,0.57337604,0,0.027630662767143183,40.0,65.0,-25.0,22250.0,17.034386382832476,16.4781728705877,10.010097287594386
Becoming Jane,2007-08-03,2007,8,Q3,2005+,Romantic Comedy,Dramatization,PG,Based on Real Life Events,Miramax,Miramax,16500000.0,18663911.0,37304637.0,2.260887090909091,1,0.49968924774686857,58.0,70.0,-12.0,15167.0,16.61887093887081,17.434628193241295,9.626877294051397
"Gandhi, My Father",2007-08-03,2007,8,Q3,2005+,Drama,Dramatization,Not Rated,Based on Book/Short Story,Eros Entertainment,Other,5000000.0,240425.0,1375194.0,0.2750388,0,0.8251701214519551,40.0,81.0,-41.0,50881.0,15.424948470398375,14.134105370039514,10.837244851908915
The Bourne Ultimatum,2007-08-03,2007,8,Q3,2005+,Action,Contemporary Fiction,PG-13,Based on Book/Short Story,Universal,Universal,130000000.0,227471070.0,442161562.0,3.4012427846153845,1,0.4855476152854734,93.0,82.0,11.0,146025.0,18.683045008419857,19.907185898140902,11.89153311890851
Daddy Day Camp,2007-08-08,2007,8,Q3,2005+,Comedy,Contemporary Fiction,PG,Original Screenplay,Sony Pictures,Sony Pictures,76000000.0,13235267.0,18197398.0,0.23943944736842104,0,0.2726835451969562,1.0,24.0,-23.0,6809.0,18.146243898250606,16.716789174793295,8.826000545482966
Stardust,2007-08-10,2007,8,Q3,2005+,Adventure,Fantasy,PG-13,Based on Book/Short Story,Paramount Pictures,Paramount Pictures,70000000.0,38634938.0,135556675.0,1.9365239285714286,1,0.7149905159594686,76.0,79.0,-3.0,87883.0,18.064005800013632,18.72490037651798,11.383761663376049
Rush Hour 3,2007-08-10,2007,8,Q3,2005+,Action,Contemporary Fiction,PG-13,Original Screenplay,New Line,New Line,180000000.0,140125968.0,253025968.0,1.4056998222222221,1,0.44619926125527165,19.0,60.0,-41.0,39312.0,19.008467408854486,19.349002681740842,10.57928509476096
The Last Legion,2007-08-17,2007,8,Q3,2005+,Action,Historical Fiction,PG-13,Based on Book/Short Story,Weinstein/Dimension,Other,67000000.0,5932060.0,21439015.0,0.3199852985074627,0,0.7233053850654986,17.0,54.0,-37.0,12250.0,18.02020317735524,16.880722950947323,9.413281215972873
The Invasion,2007-08-17,2007,8,Q3,2005+,Thriller/Suspense,Science Fiction,PG-13,Remake,Warner Bros.,Warner Bros.,80000000.0,15074191.0,40147042.0,0.501838025,0,0.6245254880795452,19.0,60.0,-41.0,28605.0,18.197537192638155,17.508059321919465,10.261336806702628
Death at a Funeral,2007-08-17,2007,8,Q3,2005+,Comedy,Contemporary Fiction,R,Original Screenplay,MGM,MGM,20000000.0,8580428.0,34743644.0,1.7371822,1,0.753036037325273,61.0,51.0,10.0,6628.0,16.811242831518264,17.363507206770826,8.799058378546453
Superbad,2007-08-17,2007,8,Q3,2005+,Comedy,Contemporary Fiction,R,Original Screenplay,Sony Pictures,Sony Pictures,17500000.0,121463226.0,169863226.0,9.706470057142857,1,0.2849351277480153,87.0,78.0,9.0,134212.0,16.67771143889374,18.95050411824694,11.807175918300041
War,2007-08-24,2007,8,Q3,2005+,Action,Contemporary Fiction,R,Original Screenplay,Lionsgate,Lionsgate,25000000.0,22466994.0,40666994.0,1.62667976,1,0.44753738129747184,,62.0,,28771.0,17.034386382832476,17.520927363177353,10.267123214370452
Mr. Bean's Holiday,2007-08-24,2007,8,Q3,2005+,Comedy,Contemporary Fiction,G,Based on TV,Universal,Universal,25000000.0,33302167.0,229736344.0,9.18945376,1,0.8550417995682912,50.0,60.0,-10.0,28950.0,17.034386382832476,19.252442878913403,10.273325483001141
September Dawn,2007-08-24,2007,8,Q3,2005+,Western,Historical Fiction,R,Original Screenplay,Black Diamond Pictures,Other,10100000.0,901857.0,901857.0,0.08929277227722772,0,0.0,13.0,55.0,-42.0,1823.0,16.12804598181149,13.712211249891142,7.508238774678663
Fong juk,2007-08-31,2007,8,Q3,2005+,Action,Historical Fiction,Not Rated,Original Screenplay,Magnolia Pictures,Other,4500000.0,51957.0,51957.0,0.011546,0,0.0,,73.0,,3699.0,15.319587954740548,10.858171732397153,8.215817791832453
3:10 to Yuma,2007-09-02,2007,9,Q3,2005+,Western,Historical Fiction,R,Remake,Lionsgate,Lionsgate,48000000.0,53606916.0,69791889.0,1.4539976875,1,0.2319033519783366,89.0,79.0,10.0,98355.0,17.686711568872166,18.061028357542064,11.49633866136583
In the Shadow of the Moon,2007-09-07,2007,9,Q3,2005+,Documentary,Factual,PG,Based on Real Life Events,ThinkFilm,Other,2000000.0,1134358.0,1134358.0,0.567179,0,0.0,94.0,80.0,14.0,2974.0,14.508657738524219,13.941577410097162,7.9976631270201
Romance and Cigarettes,2007-09-07,2007,9,Q3,2005+,Comedy,Contemporary Fiction,R,Original Screenplay,Borotoro,Other,11000000.0,551002.0,3231251.0,0.29375009090909093,0,0.829477190103771,,62.0,,5362.0,16.213405830762646,14.988379926716584,8.587092318795905
The Brothers Solomon,2007-09-07,2007,9,Q3,2005+,Comedy,Contemporary Fiction,R,Original Screenplay,Sony/Screen Gems,Other,10000000.0,900926.0,900926.0,0.0900926,0,0.0,15.0,52.0,-37.0,6044.0,16.11809565095832,13.71117840225195,8.70682132339263
Ira and Abby,2007-09-14,2007,9,Q3,2005+,Comedy,Contemporary Fiction,R,Original Screenplay,Magnolia Pictures,Other,3500000.0,221096.0,221096.0,0.06317028571428572,0,0.0,,63.0,,855.0,15.068273526459642,12.306352275320512,6.75110146893676
Across the Universe,2007-09-14,2007,9,Q3,2005+,Musical,Historical Fiction,PG-13,Original Screenplay,Sony Pictures,Sony Pictures,45000000.0,24343673.0,29367143.0,0.6526031777777778,0,0.17105749783014304,53.0,75.0,-22.0,45611.0,17.622173047734595,17.195387022311067,10.727904194481841
D-War,2007-09-14,2007,9,Q3,2005+,Action,Fantasy,PG-13,Traditional/Legend/Fairytale,Freestyle Releasing,Other,32000000.0,10977721.0,79915361.0,2.49735503125,1,0.8626331550951762,,38.0,,14081.0,17.281246460764002,18.19647864507432,9.552581649917311
In the Valley of Elah,2007-09-14,2007,9,Q3,2005+,Drama,Dramatization,R,Based on Real Life Events,Warner Bros.,Warner Bros.,23000000.0,6777741.0,24489150.0,1.0647456521739131,1,0.7232349428216169,73.0,74.0,-1.0,27529.0,16.951004773893423,17.013740720281913,10.222995273466749
Sydney White,2007-09-21,2007,9,Q3,2005+,Comedy,Contemporary Fiction,PG-13,Traditional/Legend/Fairytale,Universal,Universal,16500000.0,11892415.0,12778631.0,0.7744624848484849,0,0.06935140391799403,37.0,62.0,-25.0,9309.0,16.61887093887081,16.36328488067507,9.13873695311649
Into the Wild,2007-09-21,2007,9,Q3,2005+,Drama,Contemporary Fiction,R,Based on Book/Short Story,Paramount Vantage,Other,20000000.0,18354356.0,53813837.0,2.69069185,1,0.6589286878019867,82.0,82.0,0.0,99464.0,16.811242831518264,17.801041185372036,11.507551048632774
The Assassination of Jesse James by the Coward Robert Ford,2007-09-21,2007,9,Q3,2005+,Western,Dramatization,R,Based on Book/Short Story,Warner Bros.,Warner Bros.,30000000.0,3909149.0,15001776.0,0.5000592,0,0.7394209192298299,75.0,77.0,-2.0,57465.0,17.216707939626428,16.523679152057756,10.95893134580286
Good Luck Chuck,2007-09-21,2007,9,Q3,2005+,Romantic Comedy,Contemporary Fiction,R,Original Screenplay,Lionsgate,Lionsgate,25000000.0,35017297.0,59183821.0,2.36735284,1,0.4083299048907302,5.0,56.0,-51.0,29013.0,17.034386382832476,17.896158768583728,10.275499284385074
Resident Evil: Extinction,2007-09-21,2007,9,Q3,2005+,Action,Science Fiction,R,Based on Game,Sony/Screen Gems,Other,45000000.0,50648679.0,146162920.0,3.248064888888889,1,0.6534779203918477,22.0,62.0,-40.0,49502.0,17.622173047734595,18.80023244794065,10.809768351780965
The Game Plan,2007-09-22,2007,9,Q3,2005+,Comedy,Contemporary Fiction,PG,Original Screenplay,Walt Disney Pictures,Walt Disney Pictures,22000000.0,90648202.0,147914546.0,6.7233884545454545,1,0.38715829881937375,27.0,63.0,-36.0,14984.0,16.90655301132259,18.812145273081608,9.614738244123924
Se jie,2007-09-28,2007,9,Q3,2005+,Drama,Historical Fiction,Not Rated,Based on Book/Short Story,Focus Features,Focus Features,15000000.0,4604982.0,65696051.0,4.379736733333333,1,0.9299047365875919,,76.0,,15440.0,16.523560759066484,18.000549375103468,9.644716823578767
The Kingdom,2007-09-28,2007,9,Q3,2005+,Action,Contemporary Fiction,R,Original Screenplay,Universal,Universal,72500000.0,47467250.0,86509602.0,1.1932358896551725,1,0.4513065728819328,51.0,71.0,-20.0,47200.0,18.099097119824904,18.275765971521768,10.762149171573647
Lake of Fire,2007-10-03,2007,10,Q4,2005+,Documentary,Factual,Not Rated,Based on Real Life Events,ThinkFilm,Other,6000000.0,25317.0,25317.0,0.0042195,0,0.0,,84.0,,1027.0,15.60727002719233,10.139231385826076,6.934397209928558
The Good Night,2007-10-05,2007,10,Q4,2005+,Romantic Comedy,Contemporary Fiction,R,Original Screenplay,Sony Pictures,Sony Pictures,15000000.0,22441.0,22441.0,0.0014960666666666666,0,0.0,29.0,60.0,-31.0,4332.0,16.523560759066484,10.018644921923576,8.37378460812088
Michael Clayton,2007-10-05,2007,10,Q4,2005+,Drama,Contemporary Fiction,R,Original Screenplay,Warner Bros.,Warner Bros.,21500000.0,49033882.0,92987651.0,4.3250070232558135,1,0.4726839373542192,90.0,75.0,15.0,59493.0,16.883563493097892,18.347977257354593,10.99361393755394
Finishing the Game,2007-10-05,2007,10,Q4,2005+,Comedy,Contemporary Fiction,Not Rated,Original Screenplay,IFC First Take,Other,500000.0,52850.0,52850.0,0.1057,0,0.0,35.0,,,,13.122363377404328,10.875212991298383,
Control,2007-10-10,2007,10,Q4,2005+,Drama,Dramatization,R,Based on Book/Short Story,Weinstein Co.,Weinstein Co.,6400000.0,871577.0,5645350.0,0.8820859375,0,0.8456115209862984,87.0,78.0,9.0,19466.0,15.671808548329901,15.546342755415349,9.876424632986438
Lars and the Real Girl,2007-10-12,2007,10,Q4,2005+,Comedy,Contemporary Fiction,PG-13,Original Screenplay,MGM,MGM,12500000.0,5956480.0,10553442.0,0.84427536,0,0.43558888180747096,81.0,75.0,6.0,32423.0,16.34123920227253,16.171962620600628,10.386623326480455
We Own the Night,2007-10-12,2007,10,Q4,2005+,Drama,Contemporary Fiction,R,Original Screenplay,Sony Pictures,Sony Pictures,28000000.0,28563179.0,54700285.0,1.9535816071428571,1,0.47782394552423263,56.0,70.0,-14.0,38163.0,17.14771506813948,17.817379477616296,10.549621738824321
Arnolds Park,2007-10-19,2007,10,Q4,2005+,Thriller/Suspense,Contemporary Fiction,PG-13,Original Screenplay,The Movie Partners,Other,600000.0,23616.0,23616.0,0.03936,0,0.0,,51.0,,77.0,13.304684934198283,10.0696797274002,4.343805421853684
Rendition,2007-10-19,2007,10,Q4,2005+,Thriller/Suspense,Contemporary Fiction,R,Original Screenplay,New Line,New Line,27500000.0,9736045.0,20437142.0,0.7431688,0,0.5236102484388473,46.0,69.0,-23.0,23223.0,17.1296965626368,16.832864489648752,10.052898445872824
"Gone, Baby, Gone",2007-10-19,2007,10,Q4,2005+,Drama,Contemporary Fiction,R,Based on Book/Short Story,Miramax,Miramax,19000000.0,20300218.0,34619699.0,1.8220894210526315,1,0.4136223425859364,,,,,16.759949537130716,17.359933413278238,
30 Days of Night,2007-10-19,2007,10,Q4,2005+,Horror,Fantasy,R,Based on Comic/Graphic Novel,Sony Pictures,Sony Pictures,30000000.0,39568996.0,75066323.0,2.502210766666667,1,0.47287952281877454,49.0,66.0,-17.0,52518.0,17.216707939626428,18.133882587398467,10.868911246960494
Saw IV,2007-10-26,2007,10,Q4,2005+,Horror,Contemporary Fiction,R,Original Screenplay,Lionsgate,Lionsgate,10000000.0,63300095.0,134528909.0,13.4528909,1,0.5294684579654176,17.0,60.0,-43.0,44730.0,16.11809565095832,18.717289670713537,10.708399696426893
Bella,2007-10-26,2007,10,Q4,2005+,Drama,Contemporary Fiction,PG-13,Original Screenplay,Roadside Attractions,Other,3300000.0,8093373.0,9220041.0,2.793951818181818,1,0.1221977212465758,,73.0,,6562.0,15.009433026436708,16.036890042377554,8.789050713521046
The Martian Child,2007-11-02,2007,11,Q4,2005+,Drama,Contemporary Fiction,PG,Based on Book/Short Story,New Line,New Line,27000000.0,7500310.0,9076823.0,0.33617862962962963,0,0.17368555055001073,,,,,17.111347423968603,16.021234799483892,
American Gangster,2007-11-02,2007,11,Q4,2005+,Drama,Dramatization,R,Based on Real Life Events,Universal,Universal,100000000.0,130164645.0,265697825.0,2.65697825,1,0.510102707841135,79.0,79.0,0.0,114060.0,18.420680743952367,19.397870224772564,11.64447990471053
Bee Movie,2007-11-02,2007,11,Q4,2005+,Comedy,Kids Fiction,PG,Original Screenplay,Paramount Pictures,Paramount Pictures,150000000.0,126631277.0,287594577.0,1.91729718,1,0.5596882308389285,51.0,63.0,-12.0,30575.0,18.82614585206053,19.47706232758332,10.327937960555372
Lions for Lambs,2007-11-09,2007,11,Q4,2005+,Drama,Contemporary Fiction,R,Original Screenplay,United Artists,Other,35000000.0,14998070.0,63211088.0,1.8060310857142856,1,0.7627303931234343,27.0,62.0,-35.0,22264.0,17.37085861945369,17.96199028676673,10.010726303205727
No Country for Old Men,2007-11-09,2007,11,Q4,2005+,Action,Historical Fiction,R,Based on Book/Short Story,Miramax,Miramax,25000000.0,74273505.0,162103209.0,6.48412836,1,0.5418134813111565,95.0,83.0,12.0,197898.0,17.034386382832476,18.90374378293192,12.19550702542539
Southland Tales,2007-11-14,2007,11,Q4,2005+,Musical,Contemporary Fiction,R,Original Screenplay,Samuel Goldwyn Films,Other,17000000.0,275380.0,364607.0,0.021447470588235294,0,0.24472102839495677,,56.0,,20172.0,16.64872390202049,12.806575340164725,9.912050783196616
Beowulf,2007-11-16,2007,11,Q4,2005+,Adventure,Fantasy,PG-13,Based on Book/Short Story,Paramount Pictures,Paramount Pictures,150000000.0,82195215.0,194995215.0,1.2999681,1,0.5784757333660726,70.0,66.0,4.0,62513.0,18.82614585206053,19.08848557776541,11.043129814095492
Love in the Time of Cholera,2007-11-16,2007,11,Q4,2005+,Drama,Historical Fiction,R,Based on Book/Short Story,New Line,New Line,45000000.0,4617608.0,31077418.0,0.6906092888888888,0,0.8514159702714041,27.0,62.0,-35.0,8580.0,17.622173047734595,17.25199200407965,9.057189192482008
Redacted,2007-11-16,2007,11,Q4,2005+,Drama,Dramatization,R,Based on Real Life Events,Magnolia Pictures,Other,5000000.0,65388.0,65388.0,0.0130776,0,0.0,44.0,61.0,-17.0,5759.0,15.424948470398375,11.088094034371098,8.658519127506672
August Rush,2007-11-17,2007,11,Q4,2005+,Drama,Fantasy,PG,Based on Real Life Events,Warner Bros.,Warner Bros.,25000000.0,31664162.0,65627510.0,2.6251004,1,0.51751693763789,37.0,75.0,-38.0,28650.0,17.034386382832476,17.999505525763688,10.262908722142885
The Mist,2007-11-21,2007,11,Q4,2005+,Horror,Science Fiction,R,Based on Book/Short Story,MGM,MGM,13000000.0,25593755.0,54777490.0,4.213653076923077,1,0.5327687522739724,73.0,74.0,-1.0,76830.0,16.38045991542581,17.818789901107248,11.24935046786168
This Christmas,2007-11-21,2007,11,Q4,2005+,Drama,Contemporary Fiction,PG-13,Original Screenplay,Sony/Screen Gems,Other,13000000.0,49121934.0,49778552.0,3.829119384615385,1,0.01319078144338148,55.0,54.0,1.0,3351.0,16.38045991542581,17.723094766493514,8.11701408773731
Hitman,2007-11-21,2007,11,Q4,2005+,Action,Contemporary Fiction,R,Original Screenplay,20th Century Fox,20th Century Fox,17500000.0,39687694.0,99965792.0,5.712330971428571,1,0.6029872498784384,14.0,68.0,-54.0,520.0,16.67771143889374,18.420338605429656,6.253828811575473
Enchanted,2007-11-21,2007,11,Q4,2005+,Romantic Comedy,Fantasy,PG,Original Screenplay,Walt Disney Pictures,Walt Disney Pictures,85000000.0,127706877.0,340384141.0,4.0045193058823525,1,0.6248154316919248,92.0,75.0,17.0,55697.0,18.258161814454592,19.64558536427148,10.927681564500782
I'm Not There,2007-11-21,2007,11,Q4,2005+,Drama,Dramatization,R,Based on Real Life Events,Weinstein Co.,Weinstein Co.,20000000.0,4017609.0,11498547.0,0.57492735,0,0.6505985495384765,76.0,71.0,5.0,23078.0,16.811242831518264,16.257731237524833,10.046635061754612
Le Scaphandre et le Papillon,2007-11-30,2007,11,Q4,2005+,Drama,Dramatization,PG-13,Based on Book/Short Story,Miramax,Miramax,14000000.0,5990075.0,19689095.0,1.4063639285714287,1,0.6957668699348548,,80.0,,31172.0,16.454567887579532,16.795575487141534,10.347275534963451
Awake,2007-11-30,2007,11,Q4,2005+,Thriller/Suspense,Contemporary Fiction,R,Original Screenplay,Weinstein Co.,Weinstein Co.,8600000.0,14373825.0,30757745.0,3.576481976744186,1,0.5326762413824551,24.0,65.0,-41.0,26076.0,15.967272761223736,17.241652390421596,10.16877063004443
His Dark Materials: The Golden Compass,2007-12-01,2007,12,Q4,2005+,Adventure,Fantasy,PG-13,Based on Book/Short Story,New Line,New Line,205000000.0,70107728.0,372234864.0,1.8157798243902439,1,0.811657276681101,,,,,19.138520537102682,19.735035567855512,
Juno,2007-12-05,2007,12,Q4,2005+,Comedy,Contemporary Fiction,PG-13,Original Screenplay,Fox Searchlight,Fox Searchlight,7000000.0,143495265.0,230327671.0,32.903953,1,0.3769951114558007,93.0,79.0,14.0,149855.0,15.761420707019587,19.255013509548927,11.917423438888187
Timber Falls,2007-12-07,2007,12,Q4,2005+,Horror,Contemporary Fiction,R,Original Screenplay,Slowhand Cinema,Other,2600000.0,0.0,0.0,0.0,0,,38.0,53.0,-15.0,2213.0,14.77102200299171,,7.70210434005105
Atonement,2007-12-07,2007,12,Q4,2005+,Drama,Contemporary Fiction,R,Based on Book/Short Story,Focus Features,Focus Features,30000000.0,50980159.0,129425746.0,4.314191533333333,1,0.6061049630728031,83.0,79.0,4.0,75491.0,17.216707939626428,18.678617884691587,11.231768722833587
Alvin and the Chipmunks,2007-12-14,2007,12,Q4,2005+,Comedy,Kids Fiction,PG,Based on TV,20th Century Fox,20th Century Fox,55000000.0,217326974.0,360578644.0,6.555975345454545,1,0.3972827353580042,27.0,55.0,-28.0,19200.0,17.822843743196746,19.703220643463347,9.862665558015873
I am Legend,2007-12-14,2007,12,Q4,2005+,Horror,Science Fiction,PG-13,Based on Book/Short Story,Warner Bros.,Warner Bros.,150000000.0,256393010.0,585055701.0,3.90037134,1,0.5617630773244956,69.0,71.0,-2.0,153631.0,18.82614585206053,20.18721761604805,11.94230890224887
The Kite Runner,2007-12-14,2007,12,Q4,2005+,Drama,Contemporary Fiction,PG-13,Based on Book/Short Story,Paramount Vantage,Other,20000000.0,15800078.0,73222245.0,3.66111225,1,0.7842175147730037,66.0,78.0,-12.0,26816.0,16.811242831518264,18.109009826207902,10.196754003281809
Goodbye Bafana,2007-12-14,2007,12,Q4,2005+,Drama,Dramatization,Unknown,Based on Book/Short Story,Paramount Vantage,Other,30000000.0,0.0,2717302.0,0.09057673333333334,0,1.0,,70.0,,3631.0,17.216707939626428,14.815150034237448,8.197263371414335
Charlie Wilson's War,2007-12-21,2007,12,Q4,2005+,Drama,Dramatization,R,Based on Book/Short Story,Universal,Universal,75000000.0,66661095.0,118661095.0,1.5821479333333333,1,0.4382228227373091,81.0,73.0,8.0,43168.0,18.132998671500584,18.591782046798713,10.672854759007482
Walk Hard: The Dewey Cox Story,2007-12-21,2007,12,Q4,2005+,Comedy,Historical Fiction,R,Original Screenplay,Sony Pictures,Sony Pictures,35000000.0,18317151.0,20575121.0,0.5878606,0,0.10974273249717462,74.0,67.0,7.0,28032.0,17.37085861945369,16.839593185433564,10.241101993736118
The Great Debaters,2007-12-25,2007,12,Q4,2005+,Drama,Dramatization,PG-13,Based on Real Life Events,Weinstein Co.,Weinstein Co.,15000000.0,30226144.0,30226144.0,2.0150762666666666,1,0.0,79.0,76.0,3.0,14530.0,16.523560759066484,17.224217803211225,9.583970756564328
Arn - Tempelriddaren,2007-12-25,2007,12,Q4,2005+,Action,Historical Fiction,R,Based on Book/Short Story,Unknown,Unknown,16500000.0,0.0,14900000.0,0.9030303030303031,0,1.0,,64.0,,6251.0,16.61887093887081,16.51687177091569,8.740496729931813
Alatriste,2007-12-31,2007,12,Q4,2005+,Adventure,Historical Fiction,Unknown,Based on Book/Short Story,Unknown,Unknown,28000000.0,0.0,22860477.0,0.8164456071428572,0,1.0,,59.0,,4944.0,17.14771506813948,16.944920082254978,8.505929999137527
Steppin: The Movie,2007-12-31,2007,12,Q4,2005+,Comedy,Contemporary Fiction,Unknown,Original Screenplay,Weinstein Co.,Weinstein Co.,1000000.0,0.0,0.0,0.0,0,,,33.0,,108.0,13.815510557964274,,4.68213122712422
Ramanujan,2007-12-31,2007,12,Q4,2005+,Unknown,Unknown,Unknown,Unknown,Unknown,Unknown,20000000.0,0.0,0.0,0.0,0,,,,,,16.811242831518264,,
White Noise 2: The Light,2008-01-08,2008,1,Q1,2005+,Horror,Fantasy,PG-13,Original Screenplay,Focus Features,Focus Features,10000000.0,0.0,8243567.0,0.8243567,0,1.0,86.0,59.0,27.0,5647.0,16.11809565095832,15.92494369656604,8.638879709672837
Cloverfield,2008-01-18,2008,1,Q1,2005+,Action,Science Fiction,PG-13,Original Screenplay,Paramount Pictures,Paramount Pictures,25000000.0,80048433.0,170764033.0,6.83056132,1,0.5312336468417796,76.0,74.0,2.0,136068.0,17.034386382832476,18.95579323751845,11.82091003975984
Teeth,2008-01-18,2008,1,Q1,2005+,Comedy,Fantasy,R,Original Screenplay,Roadside Attractions,Other,2000000.0,347578.0,2300349.0,1.1501745,1,0.8489020579051265,,55.0,,18.0,14.508657738524219,14.648571408518595,2.8903717578961645
U2 3D,2008-01-23,2008,1,Q1,2005+,Concert/Performance,Factual,G,Based on Real Life Events,National Geographic Entertainment,Other,15000000.0,10363341.0,22664070.0,1.510938,1,0.542741396404088,,83.0,,2090.0,16.523560759066484,16.93629140908638,7.644919344958857
Meet the Spartans,2008-01-25,2008,1,Q1,2005+,Comedy,Historical Fiction,PG-13,Original Screenplay,20th Century Fox,20th Century Fox,30000000.0,38233676.0,84646831.0,2.8215610333333334,1,0.5483153291350032,2.0,24.0,-22.0,47281.0,17.216707939626428,18.253998229339405,10.763863802448526
Rambo,2008-01-25,2008,1,Q1,2005+,Action,Contemporary Fiction,R,Based on Book/Short Story,Lionsgate,Lionsgate,47500000.0,42754105.0,116754105.0,2.457981157894737,1,0.6338106912814757,,73.0,,82600.0,17.676240269004868,18.575580614494733,11.32176495950907
Untraceable,2008-01-25,2008,1,Q1,2005+,Thriller/Suspense,Contemporary Fiction,R,Original Screenplay,Sony/Screen Gems,Other,35000000.0,28687835.0,52649951.0,1.5042843142857143,1,0.4551213352506254,15.0,61.0,-46.0,21922.0,17.37085861945369,17.77917586586956,9.995245977775669
"4 luni, 3 saptamani si 2 zile",2008-01-25,2008,1,Q1,2005+,Drama,Historical Fiction,Not Rated,Original Screenplay,IFC Films,Other,900000.0,1196321.0,4723542.0,5.24838,1,0.7467322191694283,,,,,13.710150042306449,15.36806949986345,
Hannah Montana/Miley Cyrus: Best of Both Worlds Concert Tour,2008-02-01,2008,2,Q1,2005+,Concert/Performance,Factual,G,Based on Real Life Events,Walt Disney Pictures,Walt Disney Pictures,6500000.0,65281781.0,71281781.0,10.966427846153847,1,0.08417298103143635,71.0,,,,15.687312734865866,18.082151326785503,
The Eye,2008-02-01,2008,2,Q1,2005+,Thriller/Suspense,Fantasy,PG-13,Remake,Lionsgate,Lionsgate,12000000.0,31418697.0,56706727.0,4.725560583333333,1,0.4459440940754701,22.0,53.0,-31.0,17304.0,16.300417207752275,17.853403403635888,9.758692967632895
Sukkar banat,2008-02-01,2008,2,Q1,2005+,Romantic Comedy,Contemporary Fiction,PG,Original Screenplay,Roadside Attractions,Other,1600000.0,1060591.0,14253760.0,8.9086,1,0.9255921946209281,,70.0,,3799.0,14.28551418721001,16.47253128952322,8.242493153187626
Welcome Home Roscoe Jenkins,2008-02-08,2008,2,Q1,2005+,Comedy,Contemporary Fiction,PG-13,Original Screenplay,Universal,Universal,27500000.0,42436517.0,43607627.0,1.585731890909091,1,0.02685562321471884,23.0,45.0,-22.0,5700.0,17.1296965626368,17.590742624213245,8.648221453822641
Fool's Gold,2008-02-08,2008,2,Q1,2005+,Adventure,Contemporary Fiction,PG-13,Original Screenplay,Warner Bros.,Warner Bros.,72500000.0,70231041.0,109362966.0,1.5084547034482758,1,0.35781696886311587,,76.0,,93.0,18.099097119824904,18.510182871445984,4.532599493153256
In Bruges,2008-02-08,2008,2,Q1,2005+,Comedy,Contemporary Fiction,R,Original Screenplay,Focus Features,Focus Features,15000000.0,7800825.0,30782621.0,2.052174733333333,1,0.7465834699390932,80.0,81.0,-1.0,97876.0,16.523560759066484,17.242460835446277,11.491456650354575
The Spiderwick Chronicles,2008-02-14,2008,2,Q1,2005+,Adventure,Fantasy,PG,Based on Book/Short Story,Paramount Pictures,Paramount Pictures,92500000.0,71195053.0,162839667.0,1.7604288324324324,1,0.5627904778262658,79.0,68.0,11.0,18715.0,18.342719202482655,18.90827663664486,9.83708062033853
Step Up 2 the Streets,2008-02-14,2008,2,Q1,2005+,Drama,Contemporary Fiction,PG-13,Original Screenplay,Walt Disney Pictures,Walt Disney Pictures,17500000.0,58017783.0,150017783.0,8.572444742857142,1,0.6132606292415347,25.0,56.0,-31.0,20345.0,16.67771143889374,18.826264398366973,9.92059046043579
"Definitely, Maybe",2008-02-14,2008,2,Q1,2005+,Romantic Comedy,Contemporary Fiction,PG-13,Original Screenplay,Universal,Universal,7000000.0,32241649.0,55534224.0,7.933460571428571,1,0.4194273966986556,71.0,,,,15.761420707019587,17.832510037315657,
Jumper,2008-02-14,2008,2,Q1,2005+,Adventure,Science Fiction,PG-13,Based on Book/Short Story,20th Century Fox,20th Century Fox,82500000.0,80172128.0,222117068.0,2.692328096969697,1,0.6390546268150812,17.0,59.0,-42.0,69161.0,18.22830885130491,19.218715134178527,11.144192398917678
Diary of the Dead,2008-02-15,2008,2,Q1,2005+,Horror,Fantasy,R,Original Screenplay,Weinstein Co.,Weinstein Co.,2750000.0,952620.0,4726656.0,1.718784,1,0.7984579372816638,,60.0,,20792.0,14.827111469642754,15.368728533698023,9.942323576321327
Dolphins and Whales Tribes of the Ocean 3D,2008-02-15,2008,2,Q1,2005+,Documentary,Factual,Not Rated,Based on Real Life Events,3D Entertainment,Other,6000000.0,7714996.0,17252287.0,2.8753811666666667,1,0.5528131429763485,,,,,15.60727002719233,16.663455272363876,
Die F‰lscher,2008-02-22,2008,2,Q1,2005+,Drama,Dramatization,R,Based on Real Life Events,Sony Pictures Classics,Sony Pictures Classics,6250000.0,5488570.0,19416495.0,3.1066392,1,0.7173243677605047,,76.0,,16525.0,15.648092021712584,16.781633520501174,9.712629664719888
Be Kind Rewind,2008-02-22,2008,2,Q1,2005+,Comedy,Contemporary Fiction,PG-13,Original Screenplay,New Line,New Line,20000000.0,11175164.0,28505302.0,1.4252651,1,0.6079619152956176,65.0,66.0,-1.0,42470.0,16.811242831518264,17.165600663024218,10.656553223307316
The Other Boleyn Girl,2008-02-29,2008,2,Q1,2005+,Drama,Historical Fiction,PG-13,Based on Book/Short Story,Sony Pictures,Sony Pictures,40000000.0,26814957.0,72944278.0,1.82360695,1,0.6323912205971797,41.0,67.0,-26.0,26198.0,17.50439001207821,18.105206392570892,10.173438350957595
Silver Medalist,2008-02-29,2008,2,Q1,2005+,Black Comedy,Contemporary Fiction,Unknown,Original Screenplay,Unknown,Unknown,2600000.0,0.0,0.0,0.0,0,,,,,,14.77102200299171,,
The Bank Job,2008-03-07,2008,3,Q1,2005+,Thriller/Suspense,Dramatization,R,Based on Real Life Events,Lionsgate,Lionsgate,20000000.0,30060660.0,63060660.0,3.153033,1,0.5233056552214963,79.0,75.0,4.0,50848.0,16.811242831518264,17.959607678249064,10.836596069336442
CJ7,2008-03-07,2008,3,Q1,2005+,Comedy,Kids Fiction,PG,Original Screenplay,Sony Pictures Classics,Sony Pictures Classics,20000000.0,206678.0,47300771.0,2.36503855,1,0.9956305574807649,,,,,16.811242831518264,17.67203715354073,
Married Life,2008-03-07,2008,3,Q1,2005+,Drama,Historical Fiction,PG-13,Based on Book/Short Story,Sony Pictures Classics,Sony Pictures Classics,12000000.0,1506998.0,1506998.0,0.12558316666666666,0,0.0,,64.0,,4358.0,16.300417207752275,14.225630150467738,8.379768515504566
"10,000 B.C.",2008-03-07,2008,3,Q1,2005+,Adventure,Historical Fiction,PG-13,Original Screenplay,Warner Bros.,Warner Bros.,105000000.0,94784201.0,269065678.0,2.5625302666666667,1,0.6477283847403235,9.0,58.0,-49.0,134.0,18.469470908121796,19.410466063898685,4.897839799950911
Stargate - The Ark of Truth,2008-03-11,2008,3,Q1,2005+,Action,Science Fiction,Unknown,Based on TV,Unknown,Unknown,7000000.0,0.0,0.0,0.0,0,,,,,,15.761420707019587,,
Horton Hears a Who,2008-03-14,2008,3,Q1,2005+,Adventure,Fantasy,G,Based on Book/Short Story,20th Century Fox,20th Century Fox,85000000.0,154529439.0,297133947.0,3.495693494117647,1,0.4799334086185716,,72.0,,31323.0,18.258161814454592,19.50969359509704,10.352107930958221
Doomsday,2008-03-14,2008,3,Q1,2005+,Action,Science Fiction,R,Original Screenplay,Universal,Universal,33000000.0,11008770.0,21621188.0,0.6551875151515152,0,0.4908341761794033,48.0,60.0,-12.0,34035.0,17.312018119430753,16.889184317786874,10.435144685882051
Never Back Down,2008-03-14,2008,3,Q1,2005+,Action,Contemporary Fiction,PG-13,Original Screenplay,Summit Entertainment,Other,21000000.0,24850922.0,39319801.0,1.8723714761904762,1,0.3679794564575746,23.0,62.0,-39.0,21708.0,16.860032995687696,17.487238792192795,9.985436135183296
The Grand,2008-03-21,2008,3,Q1,2005+,Comedy,Contemporary Fiction,R,Original Screenplay,Anchor Bay Entertainment,Other,3000000.0,115879.0,115879.0,0.03862633333333333,0,0.0,,61.0,,3346.0,14.914122846632385,11.660301822229206,8.11552088154677
Meet the Browns,2008-03-21,2008,3,Q1,2005+,Comedy,Contemporary Fiction,PG-13,Based on Play,Lionsgate,Lionsgate,20000000.0,41975388.0,41975388.0,2.0987694,1,0.0,30.0,31.0,-1.0,3362.0,16.811242831518264,17.552594004482536,8.120291313968561
Drillbit Taylor,2008-03-21,2008,3,Q1,2005+,Comedy,Contemporary Fiction,PG-13,Original Screenplay,Paramount Pictures,Paramount Pictures,40000000.0,32862104.0,49686263.0,1.242156575,1,0.3386078562599888,26.0,59.0,-33.0,19388.0,17.50439001207821,17.72123905447144,9.872409596965266
21,2008-03-21,2008,3,Q1,2005+,Thriller/Suspense,Contemporary Fiction,PG-13,Based on Book/Short Story,Sony Pictures,Sony Pictures,35000000.0,81159365.0,157852532.0,4.510072342857143,1,0.48585325828032966,35.0,67.0,-32.0,60918.0,17.37085861945369,18.877171813384447,11.017283976529278
Stop-Loss,2008-03-28,2008,3,Q1,2005+,Drama,Dramatization,R,Based on Real Life Events,Paramount Pictures,Paramount Pictures,25000000.0,10915744.0,11179472.0,0.44717888,0,0.02359038065482878,,65.0,,9268.0,17.034386382832476,16.229589797384573,9.134322885552267
Three Kingdoms: Resurrection of the Dragon,2008-04-03,2008,4,Q2,2005+,Action,Historical Fiction,R,Based on Book/Short Story,Unknown,Unknown,20000000.0,0.0,22139590.0,1.1069795,1,1.0,,,,,16.811242831518264,16.912877966554777,
Leatherheads,2008-04-04,2008,4,Q2,2005+,Romantic Comedy,Historical Fiction,PG-13,Original Screenplay,Universal,Universal,58000000.0,31373938.0,40830862.0,0.7039803793103449,0,0.23161215651043565,52.0,61.0,-9.0,14504.0,17.875953568510692,17.52494877500041,9.582179752434687
Nim's Island,2008-04-04,2008,4,Q2,2005+,Adventure,Fantasy,PG,Based on Book/Short Story,20th Century Fox,20th Century Fox,37000000.0,48006762.0,94081683.0,2.542748189189189,1,0.48973317154626156,50.0,60.0,-10.0,10391.0,17.4264284706085,18.359673930985196,9.248695325852646
The Ruins,2008-04-04,2008,4,Q2,2005+,Horror,Contemporary Fiction,R,Based on Book/Short Story,Paramount Pictures,Paramount Pictures,25000000.0,17432844.0,22177122.0,0.88708488,0,0.21392667632887621,47.0,60.0,-13.0,23752.0,17.034386382832476,16.914571774929968,10.075422016443596
Day of the Dead,2008-04-08,2008,4,Q2,2005+,Horror,Fantasy,R,Remake,Warner Bros.,Warner Bros.,18000000.0,0.0,0.0,0.0,0,,,45.0,,8395.0,16.70588231586044,,9.035391569511642
The Visitor,2008-04-11,2008,4,Q2,2005+,Comedy,Contemporary Fiction,PG-13,Original Screenplay,Overture Films,Other,4000000.0,9427026.0,16194905.0,4.04872625,1,0.4179017413192606,90.0,68.0,22.0,318.0,15.201804919084164,16.600207244562334,5.762051382780177
Prom Night,2008-04-11,2008,4,Q2,2005+,Horror,Contemporary Fiction,PG-13,Remake,Sony/Screen Gems,Other,18000000.0,43869350.0,57109687.0,3.172760388888889,1,0.23184047567972138,8.0,51.0,-43.0,4263.0,16.70588231586044,17.86048430997465,8.35772841676521
Street Kings,2008-04-11,2008,4,Q2,2005+,Thriller/Suspense,Contemporary Fiction,R,Original Screenplay,Fox Searchlight,Fox Searchlight,20000000.0,26415649.0,65589243.0,3.27946215,1,0.5972563824223432,36.0,70.0,-34.0,40291.0,16.811242831518264,17.99892226180981,10.603883397931984
88 Minutes,2008-04-18,2008,4,Q2,2005+,Thriller/Suspense,Contemporary Fiction,R,Original Screenplay,Sony Pictures,Sony Pictures,30000000.0,16930884.0,32955399.0,1.0985133,1,0.4862485506547804,5.0,59.0,-54.0,31205.0,17.216707939626428,17.31066565981487,10.348333617368143
Life Before Her Eyes,2008-04-18,2008,4,Q2,2005+,Drama,Contemporary Fiction,R,Based on Book/Short Story,Magnolia Pictures,Other,12000000.0,303439.0,303439.0,0.025286583333333335,0,0.0,,,,,16.300417207752275,12.622935880812927,
The Forbidden Kingdom,2008-04-18,2008,4,Q2,2005+,Action,Fantasy,PG-13,Based on Book/Short Story,Lionsgate,Lionsgate,55000000.0,52075270.0,129075270.0,2.346823090909091,1,0.5965511441502311,64.0,67.0,-3.0,36548.0,17.822843743196746,18.67590628053489,10.506381744118512
Baby Mama,2008-04-25,2008,4,Q2,2005+,Comedy,Contemporary Fiction,PG-13,Original Screenplay,Universal,Universal,,60494212.0,64391484.0,,,0.06052464950178815,63.0,61.0,2.0,16128.0,,17.980491946305783,9.688312170871095
Harold & Kumar Escape from Guantanamo Bay,2008-04-25,2008,4,Q2,2005+,Comedy,Contemporary Fiction,R,Original Screenplay,Warner Bros.,Warner Bros.,12000000.0,38108728.0,43231984.0,3.6026653333333334,1,0.11850615044639173,54.0,67.0,-13.0,42358.0,16.300417207752275,17.58209114964577,10.653912584247546
Standard Operating Procedure,2008-04-25,2008,4,Q2,2005+,Documentary,Factual,R,Based on Real Life Events,Sony Pictures Classics,Sony Pictures Classics,5000000.0,228830.0,228830.0,0.045766,0,0.0,80.0,75.0,5.0,1640.0,15.424948470398375,12.34073464877357,7.402451520818244
Son of Rambow: A Home Movie,2008-05-02,2008,5,Q2,2005+,Comedy,Historical Fiction,PG-13,Original Screenplay,Paramount Vantage,Other,2000000.0,1785505.0,10573083.0,5.2865415,1,0.8311273069548399,,,,,14.508657738524219,16.173821989868284,
Made of Honor,2008-05-02,2008,5,Q2,2005+,Romantic Comedy,Contemporary Fiction,PG-13,Original Screenplay,Sony Pictures,Sony Pictures,40000000.0,46012734.0,105508112.0,2.6377028,1,0.5638938738663052,14.0,55.0,-41.0,15260.0,17.50439001207821,18.474298398919696,9.632990304838447
Iron Man,2008-05-02,2008,5,Q2,2005+,Action,Super Hero,PG-13,Based on Comic/Graphic Novel,Paramount Pictures,Paramount Pictures,186000000.0,318604126.0,582604126.0,3.132280247311828,1,0.45313788251475584,94.0,79.0,15.0,174040.0,19.041257231677477,20.18301848451053,12.067040436834617
Speed Racer,2008-05-09,2008,5,Q2,2005+,Action,Science Fiction,PG,Based on TV,Warner Bros.,Warner Bros.,120000000.0,43945766.0,93394462.0,0.7782871833333334,0,0.5294606868659942,38.0,63.0,-25.0,32672.0,18.60300230074632,18.352342608079265,10.394273720964392
The Chronicles of Narnia: Prince Caspian,2008-05-16,2008,5,Q2,2005+,Adventure,Fantasy,PG,Based on Book/Short Story,Walt Disney Pictures,Walt Disney Pictures,225000000.0,141621490.0,419490286.0,1.864401271111111,1,0.6623962586823763,67.0,69.0,-2.0,46608.0,19.231610960168695,19.85455092746517,10.749527479199216
Indiana Jones and the Kingdom of the Crystal Skull,2008-05-22,2008,5,Q2,2005+,Adventure,Historical Fiction,PG-13,Original Screenplay,Paramount Pictures,Paramount Pictures,185000000.0,317023851.0,786558145.0,4.251665648648649,1,0.5969479776984574,77.0,66.0,11.0,135071.0,19.0358663830426,20.48317720652848,11.813555845095923
The Children of Huang Shi,2008-05-23,2008,5,Q2,2005+,Drama,Dramatization,R,Based on Real Life Events,Sony Pictures Classics,Sony Pictures Classics,20000000.0,1031872.0,5527507.0,0.27637535,0,0.8133205439631284,31.0,69.0,-38.0,4100.0,16.811242831518264,15.525247458108232,8.318742252692399
"War, Inc.",2008-05-23,2008,5,Q2,2005+,Black Comedy,Contemporary Fiction,R,Original Screenplay,First Look,Other,10000000.0,580862.0,1296184.0,0.1296184,0,0.5518676360763596,29.0,,,,16.11809565095832,14.074935121125458,
Savage Grace,2008-05-28,2008,5,Q2,2005+,Drama,Dramatization,Not Rated,Based on Book/Short Story,IFC Films,Other,4600000.0,434417.0,968805.0,0.21060978260869564,0,0.5515950062190017,,57.0,,3838.0,15.341566861459324,13.783818632231648,8.252706676567644
The Strangers,2008-05-30,2008,5,Q2,2005+,Thriller/Suspense,Contemporary Fiction,R,Original Screenplay,Focus Features,Focus Features,9000000.0,52597610.0,80597610.0,8.95529,1,0.34740484240165437,44.0,60.0,-16.0,35078.0,16.012735135300492,18.204979554431752,10.465329432318082
Sex and the City,2008-05-30,2008,5,Q2,2005+,Comedy,Contemporary Fiction,R,Based on TV,Warner Bros.,Warner Bros.,57500000.0,152647258.0,416047258.0,7.235604486956522,1,0.6331011560230015,49.0,54.0,-5.0,46837.0,17.86729550576758,19.846309412734975,10.75442876783813
And When Did You Last See Your Father?,2008-06-06,2008,6,Q2,2005+,Drama,Dramatization,PG-13,Based on Book/Short Story,Sony Pictures Classics,Sony Pictures Classics,8000000.0,1071240.0,2476491.0,0.309561375,0,0.5674363444082777,,68.0,,1798.0,15.89495209964411,14.722353196842711,7.494430215031565
The Incredible Hulk,2008-06-13,2008,6,Q2,2005+,Adventure,Super Hero,PG-13,Based on Comic/Graphic Novel,Universal,Universal,137500000.0,134806913.0,263349257.0,1.9152673236363635,1,0.48810596796177785,66.0,71.0,-5.0,82419.0,18.7391344750709,19.38899168254927,11.31957127184177
The Happening,2008-06-13,2008,6,Q2,2005+,Thriller/Suspense,Science Fiction,R,Original Screenplay,20th Century Fox,20th Century Fox,60000000.0,64506874.0,163403799.0,2.72339665,1,0.6052302676267644,18.0,52.0,-34.0,72259.0,17.909855120186375,18.911734989813908,11.188012165690843
Wanted,2008-06-27,2008,6,Q2,2005+,Action,Science Fiction,R,Based on Comic/Graphic Novel,Universal,Universal,75000000.0,134508551.0,340934768.0,4.545796906666666,1,0.6054712994246454,71.0,64.0,7.0,1089.0,18.132998671500584,19.64720172076066,6.9930151229329605
WALL-E,2008-06-27,2008,6,Q2,2005+,Comedy,Kids Fiction,G,Original Screenplay,Walt Disney Pictures,Walt Disney Pictures,180000000.0,223808164.0,532743103.0,2.9596839055555555,1,0.5798947696559856,96.0,85.0,11.0,182257.0,19.008467408854486,20.093549882824476,12.113173057912455
Hancock,2008-07-02,2008,7,Q3,2005+,Action,Super Hero,PG-13,Original Screenplay,Sony Pictures,Sony Pictures,150000000.0,227946274.0,624346274.0,4.162308493333334,1,0.6349040852928995,40.0,65.0,-25.0,100822.0,18.82614585206053,20.252215698701104,11.521111864773728
The Wackness,2008-07-03,2008,7,Q3,2005+,Comedy,Historical Fiction,R,Original Screenplay,Sony Pictures Classics,Sony Pictures Classics,6000000.0,2077046.0,2635650.0,0.439275,0,0.21194164627321532,69.0,71.0,-2.0,13257.0,15.60727002719233,14.784640388854148,9.49228099379885
AstÈrix aux Jeux Olympiques,2008-07-04,2008,7,Q3,2005+,Adventure,Fantasy,Not Rated,Based on Comic/Graphic Novel,Alliance,Other,113500000.0,999811.0,132999811.0,1.171804502202643,1,0.9924826133775483,,49.0,,5620.0,18.54731339488573,18.705858265132388,8.634086942887738
Bathory,2008-07-10,2008,7,Q3,2005+,Unknown,Unknown,Unknown,Unknown,Unknown,Unknown,15000000.0,0.0,3436763.0,0.22911753333333335,0,1.0,,61.0,,1446.0,16.523560759066484,15.050040597969998,7.27655640271871
Hellboy 2: The Golden Army,2008-07-11,2008,7,Q3,2005+,Action,Super Hero,PG-13,Based on Comic/Graphic Novel,Universal,Universal,82500000.0,75986503.0,160388063.0,1.9440977333333334,1,0.526233426735754,,73.0,,61902.0,18.22830885130491,18.893106830427868,11.03330776832843
Journey to the Center of the Earth,2008-07-11,2008,7,Q3,2005+,Adventure,Science Fiction,PG,Based on Book/Short Story,Warner Bros.,Warner Bros.,45000000.0,101704370.0,240904370.0,5.353430444444444,1,0.5778226438980746,,59.0,,23756.0,17.622173047734595,19.29991060772775,10.075590409135751
Meet Dave,2008-07-11,2008,7,Q3,2005+,Comedy,Science Fiction,PG,Original Screenplay,20th Century Fox,20th Century Fox,60000000.0,11803254.0,50648806.0,0.8441467666666667,0,0.7669588894158729,19.0,48.0,-29.0,13381.0,17.909855120186375,17.74042621483718,9.50159106930499
The Dark Knight,2008-07-18,2008,7,Q3,2005+,Action,Super Hero,PG-13,Based on Comic/Graphic Novel,Warner Bros.,Warner Bros.,185000000.0,533345358.0,1022345358.0,5.526191124324324,1,0.4783119482800058,93.0,89.0,4.0,465000.0,19.0358663830426,20.745365195323636,13.049792684569493
Space Chimps,2008-07-18,2008,7,Q3,2005+,Adventure,Kids Fiction,G,Original Screenplay,20th Century Fox,20th Century Fox,37000000.0,30105968.0,59517784.0,1.6085887567567567,1,0.49416853288758195,36.0,45.0,-9.0,4324.0,17.4264284706085,17.90178571661322,8.371936178759098
The X-Files: I Want to Believe,2008-07-25,2008,7,Q3,2005+,Action,Science Fiction,PG-13,Based on TV,20th Century Fox,20th Century Fox,35000000.0,20982478.0,68369434.0,1.9534124,1,0.6931014815772791,,59.0,,35433.0,17.37085861945369,18.040436411370994,10.475398868279957
Bienvenue chez les Ch'tis,2008-07-25,2008,7,Q3,2005+,Comedy,Contemporary Fiction,Not Rated,Original Screenplay,Link Productions Ltd.,Other,16000000.0,1470856.0,243470856.0,15.2169285,1,0.9939588005555786,,70.0,,7129.0,16.588099280204055,19.310507805438743,8.871926251117628
The Mummy: Tomb of the Dragon Emperor,2008-08-01,2008,8,Q3,2005+,Adventure,Fantasy,PG-13,Remake,Universal,Universal,175000000.0,102491776.0,397912118.0,2.2737835314285713,1,0.7424261002274879,13.0,51.0,-38.0,41570.0,18.980296531887788,19.80174172982158,10.635134032246683
Frozen River,2008-08-01,2008,8,Q3,2005+,Drama,Contemporary Fiction,R,Original Screenplay,Sony Pictures Classics,Sony Pictures Classics,1000000.0,2503902.0,5281776.0,5.281776,1,0.5259355943909776,87.0,72.0,15.0,10447.0,13.815510557964274,15.479772962761242,9.254070134837509
The Pineapple Express,2008-08-06,2008,8,Q3,2005+,Comedy,Contemporary Fiction,R,Original Screenplay,Sony Pictures,Sony Pictures,26000000.0,87341380.0,100941380.0,3.882360769230769,1,0.13473166307018986,,,,,17.073607095985757,18.43005051027095,
The Sisterhood of the Traveling Pants 2,2008-08-06,2008,8,Q3,2005+,Adventure,Contemporary Fiction,PG-13,Based on Book/Short Story,Warner Bros.,Warner Bros.,27000000.0,44089964.0,44154645.0,1.6353572222222221,1,0.0014648741938702032,64.0,62.0,2.0,6557.0,17.111347423968603,17.603208688993135,8.788288460263619
Tropic Thunder,2008-08-13,2008,8,Q3,2005+,Comedy,Contemporary Fiction,R,Original Screenplay,Paramount Pictures,Paramount Pictures,90000000.0,110461307.0,188163455.0,2.0907050555555555,1,0.41295026178170463,83.0,72.0,11.0,104839.0,18.31532022829454,19.05282158453827,11.560181119047709
The Rise and Fall of Miss Thang,2008-08-14,2008,8,Q3,2005+,Drama,Contemporary Fiction,Not Rated,Original Screenplay,Lavender House Films,Other,10000.0,401.0,401.0,0.0401,0,0.0,,,,,9.210340371976184,5.993961427306569,
Vicky Cristina Barcelona,2008-08-15,2008,8,Q3,2005+,Comedy,Contemporary Fiction,PG-13,Original Screenplay,MGM,MGM,16000000.0,23213577.0,77213577.0,4.8258485625,1,0.6993588705260994,82.0,74.0,8.0,51760.0,16.588099280204055,18.16208586740771,10.854372929174783
Fly Me To the Moon,2008-08-15,2008,8,Q3,2005+,Adventure,Kids Fiction,G,Original Screenplay,Summit Entertainment,Other,25000000.0,14543943.0,40098231.0,1.60392924,1,0.6372921538608524,17.0,47.0,-30.0,1653.0,17.034386382832476,17.5068427765905,7.410347097821024
Star Wars: The Clone Wars,2008-08-15,2008,8,Q3,2005+,Adventure,Science Fiction,PG,Original Screenplay,Warner Bros.,Warner Bros.,8500000.0,35161554.0,68161554.0,8.019006352941176,1,0.48414389143768644,19.0,54.0,-35.0,17513.0,15.955576721460545,18.03739123952121,9.770698741272664
The Rocker,2008-08-20,2008,8,Q3,2005+,Comedy,Contemporary Fiction,PG-13,Original Screenplay,20th Century Fox,20th Century Fox,15000000.0,6409528.0,8767338.0,0.5844892,0,0.2689311168338668,40.0,63.0,-23.0,11859.0,16.523560759066484,15.98654378349471,9.380842351964795
Hamlet 2,2008-08-22,2008,8,Q3,2005+,Comedy,Contemporary Fiction,R,Original Screenplay,Focus Features,Focus Features,9000000.0,4886216.0,4898285.0,0.5442538888888889,0,0.002463923597749008,64.0,64.0,0.0,9017.0,16.012735135300492,15.40439570181656,9.106866963499908
The House Bunny,2008-08-22,2008,8,Q3,2005+,Comedy,Contemporary Fiction,PG-13,Original Screenplay,Sony Pictures,Sony Pictures,25000000.0,48237389.0,70237389.0,2.80949556,1,0.3132234884186825,39.0,55.0,-16.0,18964.0,17.034386382832476,18.067391334048967,9.85029772402201
Death Race,2008-08-22,2008,8,Q3,2005+,Action,Science Fiction,R,Remake,Universal,Universal,65000000.0,36316032.0,72516819.0,1.1156433692307692,1,0.4992053912348251,41.0,66.0,-25.0,40611.0,17.98989782785991,18.09932907912716,10.611794244853895
Traitor,2008-08-27,2008,8,Q3,2005+,Thriller/Suspense,Contemporary Fiction,PG-13,Original Screenplay,Overture Films,Other,22000000.0,23530831.0,27664173.0,1.257462409090909,1,0.1494113704393043,61.0,71.0,-10.0,22468.0,16.90655301132259,17.13564874050046,10.019847353652324
College,2008-08-29,2008,8,Q3,2005+,Comedy,Contemporary Fiction,R,Original Screenplay,MGM,MGM,6000000.0,4694491.0,5629618.0,0.9382696666666667,0,0.16610842867135922,5.0,43.0,-38.0,6496.0,15.60727002719233,15.543552147014614,8.778941881841513
Babylon A.D.,2008-08-29,2008,8,Q3,2005+,Action,Science Fiction,PG-13,Based on Book/Short Story,20th Century Fox,20th Century Fox,45000000.0,22532572.0,70216497.0,1.5603666,1,0.6790986027115536,7.0,53.0,-46.0,27189.0,17.622173047734595,18.067093841387866,10.210567758722892
Disaster Movie,2008-08-29,2008,8,Q3,2005+,Comedy,Contemporary Fiction,PG-13,Original Screenplay,Lionsgate,Lionsgate,20000000.0,14190901.0,34690901.0,1.73454505,1,0.5909330518685577,2.0,17.0,-15.0,34928.0,16.811242831518264,17.361987991511498,10.461044078789724
Obsluhoval jsem anglickÈho kr·le,2008-08-29,2008,8,Q3,2005+,Black Comedy,Historical Fiction,R,Based on Book/Short Story,Sony Pictures Classics,Sony Pictures Classics,4900000.0,617228.0,7174984.0,1.4642824489795918,1,0.9139749998048776,,74.0,,3048.0,15.404745763080856,15.786111089642315,8.022240916806537
Bangkok Dangerous,2008-09-05,2008,9,Q3,2005+,Action,Contemporary Fiction,R,Remake,Lionsgate,Lionsgate,45000000.0,15298133.0,46598133.0,1.0355140666666667,1,0.6717007310142662,9.0,54.0,-45.0,20931.0,17.622173047734595,17.657071033915592,9.948986592607346
Burn After Reading,2008-09-12,2008,9,Q3,2005+,Black Comedy,Contemporary Fiction,R,Original Screenplay,Focus Features,Focus Features,37000000.0,60355347.0,163415735.0,4.416641486486487,1,0.6306637974611197,78.0,72.0,6.0,92553.0,17.4264284706085,18.911808033183497,11.43553673238715
Righteous Kill,2008-09-12,2008,9,Q3,2005+,Thriller/Suspense,Contemporary Fiction,R,Original Screenplay,Overture Films,Other,60000000.0,40081410.0,76781410.0,1.2796901666666667,1,0.47798028194585124,20.0,60.0,-40.0,34641.0,17.909855120186375,18.15647311152564,10.452793230619966
The Women,2008-09-12,2008,9,Q3,2005+,Comedy,Contemporary Fiction,PG-13,Original Screenplay,Picturehouse,Other,16000000.0,26902075.0,50042410.0,3.127650625,1,0.46241448003803176,13.0,79.0,-66.0,5519.0,16.588099280204055,17.72838140387408,8.615951963439501
Igor,2008-09-19,2008,9,Q3,2005+,Comedy,Kids Fiction,PG,Original Screenplay,MGM,MGM,30000000.0,19528188.0,26608350.0,0.886945,0,0.26608797614282736,35.0,60.0,-25.0,6614.0,17.216707939626428,17.096735634267,8.796943893541737
Lakeview Terrace,2008-09-19,2008,9,Q3,2005+,Thriller/Suspense,Contemporary Fiction,PG-13,Original Screenplay,Sony/Screen Gems,Other,20000000.0,39263506.0,44263506.0,2.2131753,1,0.1129598726318697,46.0,63.0,-17.0,18547.0,16.811242831518264,17.605671103186943,9.828063329889288
My Best Friend's Girl,2008-09-19,2008,9,Q3,2005+,Comedy,Contemporary Fiction,R,Original Screenplay,Lionsgate,Lionsgate,20000000.0,19219250.0,34787111.0,1.73935555,1,0.4475180764507866,15.0,58.0,-43.0,14617.0,16.811242831518264,17.364757502576257,9.589940513889292
Ghost Town,2008-09-19,2008,9,Q3,2005+,Romantic Comedy,Fantasy,PG-13,Original Screenplay,Paramount Pictures,Paramount Pictures,20000000.0,13252641.0,26612350.0,1.3306175,1,0.5020116224234237,85.0,47.0,38.0,310.0,16.811242831518264,17.09688595171895,5.736572297479192
Appaloosa,2008-09-19,2008,9,Q3,2005+,Western,Historical Fiction,R,Based on Book/Short Story,Warner Bros.,Warner Bros.,20000000.0,20211394.0,26111394.0,1.3055697,1,0.2259549988024385,76.0,68.0,8.0,22836.0,16.811242831518264,17.07788232875608,10.036093517084149
Eagle Eye,2008-09-26,2008,9,Q3,2005+,Thriller/Suspense,Contemporary Fiction,PG-13,Original Screenplay,Paramount Pictures,Paramount Pictures,80000000.0,101440743.0,178066569.0,2.2258321125,1,0.4303212356497979,27.0,66.0,-39.0,52336.0,18.197537192638155,18.99766802148816,10.865439749778165
The Lucky Ones,2008-09-26,2008,9,Q3,2005+,Drama,Contemporary Fiction,R,Original Screenplay,Lionsgate,Lionsgate,14000000.0,266967.0,266967.0,0.01906907142857143,0,0.0,36.0,71.0,-35.0,4719.0,16.454567887579532,12.494880334238214,8.459352191726387
Miracle at St. Anna,2008-09-26,2008,9,Q3,2005+,Drama,Historical Fiction,R,Based on Book/Short Story,Walt Disney Pictures,Walt Disney Pictures,45000000.0,7916887.0,9110458.0,0.2024546222222222,0,0.13101108638007003,34.0,59.0,-25.0,8559.0,17.622173047734595,16.024933542396134,9.05473863988161
Fireproof,2008-09-26,2008,9,Q3,2005+,Drama,Contemporary Fiction,PG,Original Screenplay,Samuel Goldwyn Films,Other,500000.0,33451479.0,33451479.0,66.902958,1,0.0,40.0,56.0,-16.0,5498.0,13.122363377404328,17.32560655880768,8.612139668725192
Rejsen til Saturn,2008-09-26,2008,9,Q3,2005+,Comedy,Science Fiction,Unknown,Original Screenplay,Unknown,Unknown,2700000.0,0.0,2783634.0,1.0309755555555555,1,1.0,,59.0,,849.0,14.808762330974558,14.839267826276858,6.744059186311348
Religulous,2008-10-01,2008,10,Q4,2005+,Documentary,Factual,R,Based on Real Life Events,Lionsgate,Lionsgate,2500000.0,13011160.0,13136074.0,5.2544296,1,0.009509233885253692,69.0,78.0,-9.0,23094.0,14.73180128983843,16.390872744032414,10.047328122511802
An American Carol,2008-10-03,2008,10,Q4,2005+,Comedy,Fantasy,PG-13,Original Screenplay,Vivendi Entertainment,Other,20000000.0,7013191.0,7013191.0,0.35065955,0,0.0,12.0,45.0,-33.0,6000.0,16.811242831518264,15.763303362282928,8.699514748210191
How to Lose Friends & Alienate People,2008-10-03,2008,10,Q4,2005+,Comedy,Contemporary Fiction,R,Based on Book/Short Story,MGM,MGM,28000000.0,2775593.0,12031443.0,0.42969439285714284,0,0.7693050617452952,36.0,67.0,-31.0,25756.0,17.14771506813948,16.30303403088211,10.156422888658074
Nick and Norah's Infinite Playlist,2008-10-03,2008,10,Q4,2005+,Drama,Contemporary Fiction,PG-13,Based on Book/Short Story,Sony Pictures,Sony Pictures,10000000.0,31487293.0,31487293.0,3.1487293,1,0.0,73.0,68.0,5.0,24021.0,16.11809565095832,17.265094625584076,10.086683726740743
Rachel Getting Married,2008-10-03,2008,10,Q4,2005+,Drama,Contemporary Fiction,R,Original Screenplay,Sony Pictures Classics,Sony Pictures Classics,12000000.0,12796277.0,13326280.0,1.1105233333333333,1,0.03977126399865529,86.0,69.0,17.0,20451.0,16.300417207752275,16.405248583440237,9.925787060030896
Blindness,2008-10-03,2008,10,Q4,2005+,Thriller/Suspense,Contemporary Fiction,R,Based on Book/Short Story,Miramax,Miramax,25000000.0,3073392.0,14542658.0,0.58170632,0,0.788663667948459,42.0,66.0,-24.0,25508.0,17.034386382832476,16.492596819414928,10.146747407435162
The Express,2008-10-04,2008,10,Q4,2005+,Drama,Dramatization,PG,Based on Book/Short Story,Universal,Universal,37500000.0,9793406.0,9808102.0,0.26154938666666666,0,0.0014983530962463481,61.0,71.0,-10.0,4749.0,17.43985149094064,16.09871933677779,8.465689348549121
Body of Lies,2008-10-10,2008,10,Q4,2005+,Thriller/Suspense,Contemporary Fiction,R,Based on Book/Short Story,Warner Bros.,Warner Bros.,67500000.0,39394666.0,108394666.0,1.6058469037037038,1,0.6365626884260154,52.0,72.0,-20.0,53921.0,18.02763815584276,18.501289439117066,10.895275291408279
City of Ember,2008-10-10,2008,10,Q4,2005+,Adventure,Fantasy,PG,Based on Book/Short Story,20th Century Fox,20th Century Fox,38000000.0,7871693.0,11817059.0,0.31097523684210526,0,0.3338703817929656,53.0,64.0,-11.0,14905.0,17.45309671769066,16.285054723415662,9.609452006112171
Koltchak,2008-10-10,2008,10,Q4,2005+,Unknown,Unknown,Unknown,Unknown,Unknown,Unknown,20000000.0,0.0,38585047.0,1.92925235,1,1.0,,,,,16.811242831518264,17.46837537596303,
Good Dick,2008-10-10,2008,10,Q4,2005+,Drama,Contemporary Fiction,R,Original Screenplay,Present Pictures/Morning Knight,Other,200000.0,28835.0,28835.0,0.144175,0,0.0,,64.0,,3004.0,12.206072645530174,10.269345206049513,8.007700012884026
Quarantine,2008-10-10,2008,10,Q4,2005+,Horror,Contemporary Fiction,R,Original Screenplay,Sony/Screen Gems,Other,12000000.0,31691811.0,36091811.0,3.0076509166666665,1,0.121911311128167,58.0,61.0,-3.0,21939.0,16.300417207752275,17.401576555465283,9.996021153939061
W.,2008-10-17,2008,10,Q4,2005+,Drama,Dramatization,PG-13,Based on Real Life Events,Lionsgate,Lionsgate,25100000.0,25534493.0,28575778.0,1.1384772111553785,1,0.10642877334783325,60.0,,,,17.038378404102012,17.168069993871185,
Sex Drive,2008-10-17,2008,10,Q4,2005+,Comedy,Contemporary Fiction,R,Based on Book/Short Story,Summit Entertainment,Other,19000000.0,8402485.0,10412485.0,0.5480255263157895,0,0.19303749297117834,46.0,68.0,-22.0,26920.0,16.759949537130716,16.158516124879966,10.200624783758665
The Secret Life of Bees,2008-10-17,2008,10,Q4,2005+,Drama,Historical Fiction,PG-13,Based on Book/Short Story,Fox Searchlight,Fox Searchlight,11000000.0,37766350.0,39612166.0,3.601106,1,0.04659719945634884,57.0,70.0,-13.0,7077.0,16.213405830762646,17.494646851263848,8.864605368075784
What Just Happened,2008-10-17,2008,10,Q4,2005+,Comedy,Contemporary Fiction,R,Based on Book/Short Story,Magnolia Pictures,Other,27000000.0,1090947.0,2412123.0,0.08933788888888888,0,0.5477233126171427,,59.0,,12537.0,17.111347423968603,14.696017830553886,9.436439551116026
Max Payne,2008-10-17,2008,10,Q4,2005+,Action,Contemporary Fiction,PG-13,Based on Game,20th Century Fox,20th Century Fox,35000000.0,40687294.0,85761789.0,2.4503368285714284,1,0.5255778304717967,17.0,54.0,-37.0,47541.0,17.37085861945369,18.26708411561023,10.769347775610917
Heroes,2008-10-24,2008,10,Q4,2005+,Adventure,Contemporary Fiction,R,Original Screenplay,Eros Entertainment,Other,400000.0,655538.0,655538.0,1.638845,1,0.0,,61.0,,505.0,12.89921982609012,13.39321155152013,6.22455842927536
High School Musical 3: Senior Year,2008-10-24,2008,10,Q4,2005+,Musical,Contemporary Fiction,G,Based on TV,Walt Disney Pictures,Walt Disney Pictures,11000000.0,90556401.0,251056401.0,22.823309181818182,1,0.639298577374253,66.0,37.0,29.0,18587.0,16.213405830762646,19.34118817703291,9.830217690608354
Pride and Glory,2008-10-24,2008,10,Q4,2005+,Drama,Contemporary Fiction,R,Original Screenplay,Warner Bros.,Warner Bros.,30000000.0,15740721.0,43440721.0,1.4480240333333334,1,0.6376505583321235,34.0,67.0,-33.0,24596.0,17.216707939626428,17.58690783105811,10.11033910707336
Saw V,2008-10-24,2008,10,Q4,2005+,Horror,Contemporary Fiction,R,Original Screenplay,Lionsgate,Lionsgate,10800000.0,56746769.0,113146769.0,10.476552685185185,1,0.4984676142188382,13.0,57.0,-44.0,31219.0,16.195056692094447,18.54419637462065,10.348782162806907
"Synecdoche, New York",2008-10-24,2008,10,Q4,2005+,Drama,Contemporary Fiction,R,Original Screenplay,Sony Pictures Classics,Sony Pictures Classics,20000000.0,3081925.0,3081925.0,0.15409625,0,0.0,67.0,,,,16.811242831518264,14.941064959718599,
Zack and Miri Make a Porno,2008-10-31,2008,10,Q4,2005+,Comedy,Contemporary Fiction,R,Original Screenplay,Weinstein Co.,Weinstein Co.,24000000.0,31452765.0,36851125.0,1.5354635416666667,1,0.14649105013754668,65.0,70.0,-5.0,55687.0,16.99356438831222,17.422396705305935,10.927502005497212
The Boy in the Striped Pyjamas,2008-11-07,2008,11,Q4,2005+,Drama,Historical Fiction,PG-13,Based on Book/Short Story,Miramax,Miramax,12500000.0,9030581.0,39830581.0,3.18644648,1,0.7732751877257327,,78.0,,21683.0,16.34123920227253,17.500145542046166,9.984283822364217
Madagascar: Escape 2 Africa,2008-11-07,2008,11,Q4,2005+,Comedy,Kids Fiction,PG,Original Screenplay,Paramount Pictures,Paramount Pictures,150000000.0,180010950.0,599516844.0,3.99677896,1,0.6997399626022851,64.0,68.0,-4.0,30285.0,18.82614585206053,20.211634628784427,10.318407819415048
Slumdog Millionaire,2008-11-12,2008,11,Q4,2005+,Drama,Contemporary Fiction,R,Original Screenplay,Fox Searchlight,Fox Searchlight,14000000.0,141319928.0,365257315.0,26.089808214285714,1,0.6130948725831815,94.0,83.0,11.0,176325.0,16.454567887579532,19.716112635773044,12.08008416207638
Quantum of Solace,2008-11-14,2008,11,Q4,2005+,Action,Contemporary Fiction,PG-13,Based on Book/Short Story,Sony Pictures,Sony Pictures,230000000.0,169368427.0,576368427.0,2.5059496826086956,1,0.7061455501968361,64.0,68.0,-4.0,93596.0,19.25358986688747,20.172257644392285,11.44674292650978
Twilight,2008-11-21,2008,11,Q4,2005+,Drama,Fantasy,PG-13,Based on Book/Short Story,Summit Entertainment,Other,37000000.0,192769854.0,396439854.0,10.714590648648649,1,0.5137475406294545,50.0,61.0,-11.0,4840.0,17.4264284706085,19.798034895225044,8.484669999710677
Bolt,2008-11-21,2008,11,Q4,2005+,Comedy,Kids Fiction,PG,Original Screenplay,Walt Disney Pictures,Walt Disney Pictures,150000000.0,114053579.0,313953579.0,2.09302386,1,0.6367183347191593,88.0,74.0,14.0,32473.0,18.82614585206053,19.564755695363857,10.388164253807057
Milk,2008-11-26,2008,11,Q4,2005+,Drama,Dramatization,R,Based on Real Life Events,Focus Features,Focus Features,20000000.0,31841299.0,50164027.0,2.50820135,1,0.36525632202534297,94.0,36.0,58.0,479.0,16.811242831518264,17.730808734160522,6.171700597410915
Four Christmases,2008-11-26,2008,11,Q4,2005+,Comedy,Contemporary Fiction,PG-13,Original Screenplay,Warner Bros.,Warner Bros.,80000000.0,120146040.0,163546040.0,2.0443255,1,0.2653686998474558,25.0,57.0,-32.0,14690.0,18.197537192638155,18.912605098876565,9.594922269167922
Australia,2008-11-26,2008,11,Q4,2005+,Drama,Historical Fiction,PG-13,Original Screenplay,20th Century Fox,20th Century Fox,78000000.0,49551662.0,207482792.0,2.6600357948717948,1,0.7611770040187237,54.0,68.0,-14.0,38089.0,18.172219384653864,19.150558964075653,10.547680805518146
Frost/Nixon,2008-12-05,2008,12,Q4,2005+,Drama,Dramatization,R,Based on Play,Universal,Universal,29000000.0,18622031.0,28144586.0,0.9705029655172414,0,0.33834411350019505,92.0,79.0,13.0,36366.0,17.182806387950748,17.152865567232194,10.50138955117934
Punisher: War Zone,2008-12-05,2008,12,Q4,2005+,Action,Super Hero,R,Based on Comic/Graphic Novel,Lionsgate,Lionsgate,35000000.0,8050977.0,8199130.0,0.23426085714285713,0,0.018069356139004993,26.0,61.0,-35.0,20865.0,17.37085861945369,15.919538609044762,9.945828393025653
Cadillac Records,2008-12-05,2008,12,Q4,2005+,Drama,Dramatization,R,Based on Real Life Events,Sony Pictures,Sony Pictures,12000000.0,8138000.0,8138000.0,0.6781666666666667,0,0.0,67.0,67.0,0.0,5026.0,16.300417207752275,15.912055007543772,8.522379718103538
The Reader,2008-12-10,2008,12,Q4,2005+,Drama,Contemporary Fiction,R,Based on Book/Short Story,Weinstein Co.,Weinstein Co.,33000000.0,34192652.0,106107610.0,3.215382121212121,1,0.6777549508465981,61.0,77.0,-16.0,46984.0,17.312018119430753,18.479964325800047,10.757562397202355
The Kings of Appletown,2008-12-12,2008,12,Q4,2005+,Action,Contemporary Fiction,Unknown,Original Screenplay,Unknown,Unknown,7000000.0,0.0,0.0,0.0,0,,,,,,15.761420707019587,,
Doubt,2008-12-12,2008,12,Q4,2005+,Drama,Historical Fiction,PG-13,Based on Play,Miramax,Miramax,20000000.0,33422556.0,50923043.0,2.54615215,1,0.34366538150518616,78.0,,,,16.811242831518264,17.74582609027638,
Delgo,2008-12-12,2008,12,Q4,2005+,Adventure,Kids Fiction,PG,Original Screenplay,Freestyle Releasing,Other,40000000.0,915840.0,915840.0,0.022896,0,0.0,12.0,44.0,-32.0,1177.0,17.50439001207821,13.727596955910169,7.0707241072602764
The Wrestler,2008-12-17,2008,12,Q4,2005+,Drama,Contemporary Fiction,R,Original Screenplay,Fox Searchlight,Fox Searchlight,6000000.0,26236603.0,43236603.0,7.2061005,1,0.39318537582612584,98.0,82.0,16.0,93301.0,15.60727002719233,17.58219798613205,11.443586104891608
The Tale of Despereaux,2008-12-19,2008,12,Q4,2005+,Adventure,Kids Fiction,G,Based on Book/Short Story,Universal,Universal,60000000.0,50877145.0,88717945.0,1.4786324166666667,1,0.4265292664296947,55.0,61.0,-6.0,7460.0,17.909855120186375,18.30097273797888,8.917310693197807
Seven Pounds,2008-12-19,2008,12,Q4,2005+,Drama,Contemporary Fiction,PG-13,Original Screenplay,Sony Pictures,Sony Pictures,54000000.0,69951824.0,166617328.0,3.085506074074074,1,0.5801647713375886,27.0,76.0,-49.0,62718.0,17.80449460452855,18.931210291892235,11.046403766760761
Yes Man,2008-12-19,2008,12,Q4,2005+,Comedy,Contemporary Fiction,PG-13,Based on Book/Short Story,Warner Bros.,Warner Bros.,50000000.0,97690976.0,225990976.0,4.51981952,1,0.567721783722904,43.0,70.0,-27.0,62150.0,17.72753356339242,19.23600562723583,11.037306096938858
Waltz with Bashir,2008-12-25,2008,12,Q4,2005+,Documentary,Factual,R,Based on Real Life Events,Sony Pictures Classics,Sony Pictures Classics,2000000.0,2283849.0,11125664.0,5.562832,1,0.7947224543182322,,,,,14.508657738524219,16.224765069628734,
Valkyrie,2008-12-25,2008,12,Q4,2005+,Thriller/Suspense,Dramatization,PG-13,Based on Real Life Events,United Artists,Other,75000000.0,83077470.0,198686497.0,2.6491532933333333,1,0.5818665523102962,61.0,73.0,-12.0,54343.0,18.132998671500584,19.10723874849421,10.903071089406382
The Curious Case of Benjamin Button,2008-12-25,2008,12,Q4,2005+,Drama,Fantasy,PG-13,Based on Book/Short Story,Paramount Pictures,Paramount Pictures,160000000.0,127509326.0,329809326.0,2.0613082875,1,0.6133847167196236,72.0,80.0,-8.0,137120.0,18.890684373198102,19.614025245434053,11.828611733831607
Revolutionary Road,2008-12-26,2008,12,Q4,2005+,Drama,Historical Fiction,R,Based on Book/Short Story,Paramount Vantage,Other,35000000.0,22911480.0,76989671.0,2.1997048857142856,1,0.7024083918997394,68.0,76.0,-8.0,45887.0,17.37085861945369,18.159181827962858,10.73393713153216
Black Water Transit,2008-12-31,2008,12,Q4,2005+,Drama,Contemporary Fiction,Unknown,Based on Book/Short Story,Unknown,Unknown,35000000.0,0.0,0.0,0.0,0,,,,,,17.37085861945369,,
Defiance,2008-12-31,2008,12,Q4,2005+,Drama,Historical Fiction,R,Original Screenplay,Paramount Vantage,Other,50000000.0,28644813.0,42268745.0,0.8453749,0,0.3223169270817007,56.0,59.0,-3.0,362.0,17.72753356339242,17.55955848201468,5.8916442118257715
Good,2008-12-31,2008,12,Q4,2005+,Drama,Historical Fiction,R,Based on Play,ThinkFilm,Other,16000000.0,27276.0,27276.0,0.00170475,0,0.0,34.0,62.0,-28.0,1926.0,16.588099280204055,10.213762473640543,7.563200592358071
Obitaemyy ostrov,2009-01-01,2009,1,Q1,2005+,Action,Science Fiction,Unknown,Based on Book/Short Story,Unknown,Unknown,36500000.0,0.0,15000000.0,0.410958904109589,0,1.0,,55.0,,2229.0,17.41282281855272,16.523560759066484,7.709308333385869
The Unborn,2009-01-09,2009,1,Q1,2005+,Horror,Fantasy,PG-13,Original Screenplay,Universal,Universal,16000000.0,42670410.0,77208315.0,4.8255196875,1,0.44733400800159934,11.0,45.0,-34.0,15331.0,16.588099280204055,18.16201771644888,9.637632201310455
Not Easily Broken,2009-01-09,2009,1,Q1,2005+,Drama,Contemporary Fiction,PG-13,Based on Book/Short Story,Sony Pictures,Sony Pictures,5000000.0,10572742.0,10572742.0,2.1145484,1,0.0,35.0,52.0,-17.0,1010.0,15.424948470398375,16.17378973763882,6.917705609835305
Bride Wars,2009-01-09,2009,1,Q1,2005+,Comedy,Contemporary Fiction,PG,Original Screenplay,20th Century Fox,20th Century Fox,30000000.0,58715510.0,115150424.0,3.838347466666667,1,0.49009731826953584,12.0,50.0,-38.0,15762.0,17.216707939626428,18.5617498663779,9.665357258913595
My Bloody Valentine,2009-01-16,2009,1,Q1,2005+,Horror,Contemporary Fiction,R,Remake,Lionsgate,Lionsgate,14000000.0,51545952.0,98817028.0,7.058359142857143,1,0.4783697400816386,,57.0,,18037.0,16.454567887579532,18.408780496045992,9.8001804826702
Paul Blart: Mall Cop,2009-01-16,2009,1,Q1,2005+,Comedy,Contemporary Fiction,PG,Original Screenplay,Sony Pictures,Sony Pictures,26000000.0,146336178.0,180449670.0,6.940371923076923,1,0.1890471287644915,35.0,53.0,-18.0,23753.0,17.073607095985757,19.01096246028997,10.075464117275093
Notorious,2009-01-16,2009,1,Q1,2005+,Drama,Dramatization,R,Based on Real Life Events,Fox Searchlight,Fox Searchlight,19000000.0,36842118.0,44473591.0,2.3407153157894736,1,0.17159561052760502,50.0,63.0,-13.0,9811.0,16.759949537130716,17.61040611029482,9.19125948416339
Inkheart,2009-01-23,2009,1,Q1,2005+,Adventure,Fantasy,PG,Based on Book/Short Story,Warner Bros.,Warner Bros.,60000000.0,17303424.0,58051454.0,0.9675242333333334,0,0.7019295330656146,40.0,61.0,-21.0,14157.0,17.909855120186375,17.87684031316745,9.557964480394498
Outlander,2009-01-23,2009,1,Q1,2005+,Adventure,Science Fiction,R,Original Screenplay,Third Rail,Other,50000000.0,166003.0,1250617.0,0.02501234,0,0.8672631189244989,,64.0,,18299.0,17.72753356339242,14.039147587498077,9.814601692527686
Donkey Punch,2009-01-23,2009,1,Q1,2005+,Thriller/Suspense,Contemporary Fiction,R,Original Screenplay,Magnolia Pictures,Other,750000.0,19367.0,19367.0,0.025822666666666667,0,0.0,,54.0,,4551.0,13.527828485512494,9.871325865727732,8.423102268016642
Taken,2009-01-30,2009,1,Q1,2005+,Thriller/Suspense,Contemporary Fiction,PG-13,Original Screenplay,20th Century Fox,20th Century Fox,25000000.0,145000989.0,225461461.0,9.01845844,1,0.35687017924540104,,48.0,,1125.0,17.034386382832476,19.233659797644822,7.025538314638521
Coraline,2009-02-06,2009,2,Q1,2005+,Adventure,Kids Fiction,PG,Based on Book/Short Story,Focus Features,Focus Features,60000000.0,75286229.0,124062750.0,2.0677125,1,0.3931600822970634,89.0,78.0,11.0,38464.0,17.909855120186375,18.636298043957105,10.55747801789488
Push,2009-02-06,2009,2,Q1,2005+,Thriller/Suspense,Science Fiction,PG-13,Original Screenplay,Summit Entertainment,Other,38000000.0,31811527.0,44411527.0,1.1687243947368422,1,0.28371012777831306,23.0,60.0,-37.0,26623.0,17.45309671769066,17.609009610824877,10.189530782819384
The International,2009-02-13,2009,2,Q1,2005+,Thriller/Suspense,Contemporary Fiction,R,Original Screenplay,Sony Pictures,Sony Pictures,50000000.0,25450527.0,53850527.0,1.07701054,1,0.5273857394190404,59.0,,,,17.72753356339242,17.80172274796261,
Two Lovers,2009-02-13,2009,2,Q1,2005+,Drama,Contemporary Fiction,R,Original Screenplay,Magnolia Pictures,Other,12000000.0,3149034.0,11549034.0,0.9624195,0,0.7273335588067366,,73.0,,10325.0,16.300417207752275,16.262112355070723,9.242323417829233
Friday the 13th,2009-02-13,2009,2,Q1,2005+,Horror,Fantasy,R,Unknown,Warner Bros.,Warner Bros.,17000000.0,65002019.0,91700771.0,5.394163,1,0.2911507908695773,26.0,56.0,-30.0,26798.0,16.64872390202049,18.334041345043037,10.196082536848554
Madea Goes To Jail,2009-02-20,2009,2,Q1,2005+,Comedy,Contemporary Fiction,PG-13,Based on Play,Lionsgate,Lionsgate,17500000.0,90508336.0,90508336.0,5.171904914285714,1,0.0,26.0,31.0,-5.0,5468.0,16.67771143889374,18.32095251492548,8.60666819784384
Watchmen,2009-03-06,2009,3,Q1,2005+,Action,Super Hero,R,Based on Comic/Graphic Novel,Warner Bros.,Warner Bros.,138000000.0,107509799.0,184068357.0,1.3338286739130434,1,0.41592460131536896,64.0,78.0,-14.0,132250.0,18.742764243121478,19.030817752016986,11.792449349720545
Knowing,2009-03-20,2009,3,Q1,2005+,Thriller/Suspense,Contemporary Fiction,PG-13,Based on Book/Short Story,Summit Entertainment,Other,50000000.0,79957634.0,187858642.0,3.75717284,1,0.5743734057227987,32.0,64.0,-32.0,58138.0,17.72753356339242,19.05120033371712,10.97057477379638
Monsters vs. Aliens,2009-03-27,2009,3,Q1,2005+,Adventure,Fantasy,PG,Based on Comic/Graphic Novel,Paramount Pictures,Paramount Pictures,175000000.0,198351526.0,381687380.0,2.181070742857143,1,0.4803298814857332,72.0,68.0,4.0,26582.0,18.980296531887788,19.76011245455426,10.187989573981278
12 Rounds,2009-03-27,2009,3,Q1,2005+,Action,Contemporary Fiction,PG-13,Original Screenplay,20th Century Fox,20th Century Fox,20000000.0,12234694.0,18184083.0,0.90920415,0,0.32717564036635777,28.0,54.0,-26.0,8914.0,16.811242831518264,16.716057208956364,9.0953783535065
State of Play,2009-04-17,2009,4,Q2,2005+,Thriller/Suspense,Contemporary Fiction,PG-13,Based on TV,Universal,Universal,60000000.0,37017955.0,91445389.0,1.5240898166666668,1,0.5951905787179712,84.0,73.0,11.0,34067.0,17.909855120186375,18.33125251053489,10.436084452771574
The Soloist,2009-04-24,2009,4,Q2,2005+,Drama,Dramatization,PG-13,Based on Real Life Events,Paramount Pictures,Paramount Pictures,60000000.0,31720158.0,38286958.0,0.6381159666666667,0,0.17151532383429366,,67.0,,14257.0,17.909855120186375,17.460619873966817,9.56500329315396
The Informers,2009-04-24,2009,4,Q2,2005+,Thriller/Suspense,Historical Fiction,R,Based on Book/Short Story,Senator Entertainment,Other,18000000.0,315000.0,315000.0,0.0175,0,0.0,,52.0,,7595.0,16.70588231586044,12.66032791780777,8.935245415029874
X-Men Origins: Wolverine,2009-05-01,2009,5,Q2,2005+,Action,Super Hero,PG-13,Spin-Off,20th Century Fox,20th Century Fox,150000000.0,179883157.0,374825760.0,2.4988384,1,0.5200885952982527,,67.0,,79499.0,18.82614585206053,19.741971835956072,11.28349972194696
Star Trek,2009-05-08,2009,5,Q2,2005+,Adventure,Science Fiction,PG-13,Based on TV,Paramount Pictures,Paramount Pictures,140000000.0,257730019.0,385680447.0,2.7548603357142856,1,0.3317524364931054,94.0,82.0,12.0,134187.0,18.75715298057358,19.77051972705288,11.806989628484711
Adoration,2009-05-08,2009,5,Q2,2005+,Unknown,Unknown,Unknown,Unknown,Sony Pictures Classics,Sony Pictures Classics,4000000.0,294244.0,294244.0,0.073561,0,0.0,,63.0,,1437.0,15.201804919084164,12.592164634090498,7.270312886079025
Angels & Demons,2009-05-15,2009,5,Q2,2005+,Thriller/Suspense,Contemporary Fiction,PG-13,Based on Book/Short Story,Sony Pictures,Sony Pictures,150000000.0,133375846.0,485975846.0,3.2398389733333333,1,0.7255504628516044,35.0,67.0,-32.0,60114.0,18.82614585206053,20.001669481041226,11.003998038487318
Terminator Salvation: The Future Begins,2009-05-21,2009,5,Q2,2005+,Action,Science Fiction,PG-13,Original Screenplay,Warner Bros.,Warner Bros.,200000000.0,125322469.0,371628539.0,1.858142695,1,0.6627749059928899,,,,,19.11382792451231,19.733405362277892,
Night at the Museum: Battle of the Smithsonian,2009-05-22,2009,5,Q2,2005+,Comedy,Fantasy,PG,Based on Book/Short Story,20th Century Fox,20th Century Fox,150000000.0,177243721.0,413054631.0,2.75369754,1,0.5708952092586513,,59.0,,25631.0,18.82614585206053,19.83909042062765,10.151557835374197
Dance Flick,2009-05-22,2009,5,Q2,2005+,Comedy,Contemporary Fiction,PG-13,Original Screenplay,Paramount Pictures,Paramount Pictures,25000000.0,25662155.0,32092761.0,1.28371044,1,0.2003755924895337,17.0,34.0,-17.0,5002.0,17.034386382832476,17.284141048649442,8.517593111437565
Up,2009-05-29,2009,5,Q2,2005+,Adventure,Kids Fiction,PG,Original Screenplay,Walt Disney Pictures,Walt Disney Pictures,175000000.0,293004164.0,731304609.0,4.17888348,1,0.5993404658003462,98.0,84.0,14.0,110491.0,18.980296531887788,20.410340632696364,11.612689348659078
Drag Me To Hell,2009-05-29,2009,5,Q2,2005+,Horror,Fantasy,PG-13,Original Screenplay,Universal,Universal,30000000.0,42100625.0,85724728.0,2.857490933333333,1,0.5088858724637774,92.0,71.0,21.0,51343.0,17.216707939626428,18.26665188337151,10.846283886687548
The Hangover,2009-06-05,2009,6,Q2,2005+,Comedy,Contemporary Fiction,R,Original Screenplay,Warner Bros.,Warner Bros.,35000000.0,277322503.0,465132119.0,13.289489114285715,1,0.40377692343366206,78.0,79.0,-1.0,127634.0,17.37085861945369,19.957832050076952,11.756922072079535
Land of the Lost,2009-06-05,2009,6,Q2,2005+,Comedy,Fantasy,PG-13,Based on TV,Universal,Universal,100000000.0,49438370.0,69548641.0,0.69548641,0,0.28915404687778157,26.0,53.0,-27.0,16830.0,18.420680743952367,18.057536936243466,9.730918287184851
Away We Go,2009-06-05,2009,6,Q2,2005+,Comedy,Contemporary Fiction,R,Original Screenplay,Focus Features,Focus Features,21000000.0,9451946.0,10108016.0,0.4813340952380952,0,0.0649059122977249,66.0,73.0,-7.0,14929.0,16.860032995687696,16.1288393303936,9.61106090905359
The Taking of Pelham 123,2009-06-12,2009,6,Q2,2005+,Action,Contemporary Fiction,R,Remake,Sony Pictures,Sony Pictures,110000000.0,65452312.0,148989667.0,1.3544515181818182,1,0.5606922727064019,,65.0,,33452.0,18.51599092375669,18.819387512511693,10.417866854501417
Moon,2009-06-12,2009,6,Q2,2005+,Thriller/Suspense,Science Fiction,R,Original Screenplay,Sony Pictures Classics,Sony Pictures Classics,5000000.0,5010163.0,6934829.0,1.3869658,1,0.2775361872657567,,80.0,,55251.0,15.424948470398375,15.75206695389282,10.919641718763716
Imagine That,2009-06-12,2009,6,Q2,2005+,Comedy,Contemporary Fiction,PG,Original Screenplay,Paramount Pictures,Paramount Pictures,55000000.0,16123323.0,16123323.0,0.29315132727272725,0,0.0,38.0,54.0,-16.0,3092.0,17.822843743196746,16.595777415237734,8.036573409707312
The Proposal,2009-06-19,2009,6,Q2,2005+,Romantic Comedy,Contemporary Fiction,PG-13,Original Screenplay,Walt Disney Pictures,Walt Disney Pictures,40000000.0,163958031.0,317358031.0,7.933950775,1,0.4833657415778459,43.0,54.0,-11.0,397.0,17.50439001207821,19.57554112984054,5.983936280687191
Year One,2009-06-19,2009,6,Q2,2005+,Comedy,Historical Fiction,PG-13,Original Screenplay,Sony Pictures,Sony Pictures,60000000.0,43337279.0,57604723.0,0.9600787166666667,0,0.2476783717890632,14.0,50.0,-36.0,23091.0,17.909855120186375,17.869115118832365,10.047198210202428
Transformers: Revenge of the Fallen,2009-06-24,2009,6,Q2,2005+,Action,Science Fiction,PG-13,Based on TV,Paramount Pictures,Paramount Pictures,210000000.0,402111870.0,836303693.0,3.982398538095238,1,0.5191796074013032,20.0,60.0,-40.0,95786.0,19.162618088681743,20.544502374221473,11.469871815492729
The Hurt Locker,2009-06-26,2009,6,Q2,2005+,Drama,Contemporary Fiction,R,Original Screenplay,Summit Entertainment,Other,15000000.0,14700000.0,44468574.0,2.9645716,1,0.6694294716983729,,78.0,,83679.0,16.523560759066484,17.610293295411008,11.334743328940538
Cheri,2009-06-26,2009,6,Q2,2005+,Drama,Historical Fiction,R,Based on Book/Short Story,Miramax,Miramax,23000000.0,2715657.0,2715657.0,0.11807204347826086,0,0.0,54.0,61.0,-7.0,3307.0,16.951004773893423,14.814544471025846,8.103796712981794
My Sister's Keeper,2009-06-26,2009,6,Q2,2005+,Drama,Contemporary Fiction,PG-13,Based on Book/Short Story,Warner Bros.,Warner Bros.,27500000.0,49200230.0,89053995.0,3.238327090909091,1,0.4475236063244552,48.0,74.0,-26.0,13839.0,17.1296965626368,18.30475342913049,9.53524597222593
Public Enemies,2009-07-01,2009,7,Q3,2005+,Drama,Dramatization,R,Based on Book/Short Story,Universal,Universal,102500000.0,97104620.0,210379983.0,2.0524876390243905,1,0.5384322281269507,68.0,71.0,-3.0,71323.0,18.44537335654274,19.16442589646924,11.174974135029599
Ice Age: Dawn of the Dinosaurs,2009-07-01,2009,7,Q3,2005+,Adventure,Fantasy,PG,Original Screenplay,20th Century Fox,20th Century Fox,90000000.0,196573705.0,886685941.0,9.852066011111111,1,0.7783051519027073,,71.0,,33289.0,18.31532022829454,20.603001408805568,10.412982291067124
"I Love You, Beth Cooper",2009-07-10,2009,7,Q3,2005+,Comedy,Contemporary Fiction,PG-13,Based on Book/Short Story,20th Century Fox,20th Century Fox,18000000.0,14800725.0,16382538.0,0.910141,0,0.09655481952796326,,59.0,,179.0,16.70588231586044,16.611726569441398,5.187385805840755
Harry Potter and the Half-Blood Prince,2009-07-15,2009,7,Q3,2005+,Adventure,Fantasy,PG,Based on Book/Short Story,Warner Bros.,Warner Bros.,250000000.0,301959197.0,937499905.0,3.74999962,1,0.6779101572282292,83.0,73.0,10.0,73720.0,19.33697147582652,20.6587272144755,11.208029411783759
G-Force,2009-07-24,2009,7,Q3,2005+,Adventure,Kids Fiction,PG,Original Screenplay,Walt Disney Pictures,Walt Disney Pictures,82500000.0,119436770.0,287389685.0,3.4835113333333334,1,0.5844082921765268,22.0,50.0,-28.0,9633.0,18.22830885130491,19.476349640220505,9.172949982757624
The Ugly Truth,2009-07-24,2009,7,Q3,2005+,Romantic Comedy,Contemporary Fiction,R,Original Screenplay,Sony Pictures,Sony Pictures,38000000.0,88915214.0,203115214.0,5.345137210526316,1,0.5622424719007016,14.0,64.0,-50.0,27888.0,17.45309671769066,19.129283932656946,10.235951767759802
Flammen og Citronen,2009-07-31,2009,7,Q3,2005+,Thriller/Suspense,Historical Fiction,Unknown,Unknown,IFC Films,Other,9000000.0,148089.0,1635241.0,0.18169344444444444,0,0.909439036814757,,72.0,,4182.0,16.012735135300492,14.307300752062709,8.338544879988579
Funny People,2009-07-31,2009,7,Q3,2005+,Comedy,Contemporary Fiction,R,Original Screenplay,Universal,Universal,70000000.0,51855045.0,71880305.0,1.0268615,1,0.2785917505497507,67.0,68.0,-1.0,37791.0,18.064005800013632,18.090512863053714,10.539826258020412
Julie & Julia,2009-08-07,2009,8,Q3,2005+,Comedy,Contemporary Fiction,PG-13,Based on Book/Short Story,Sony Pictures,Sony Pictures,40000000.0,94125426.0,126646119.0,3.166152975,1,0.2567839682477755,75.0,72.0,3.0,22269.0,17.50439001207821,18.656907290436713,10.010950855785657
G.I. Joe: The Rise of Cobra,2009-08-07,2009,8,Q3,2005+,Action,Contemporary Fiction,PG-13,Based on Toy,Paramount Pictures,Paramount Pictures,175000000.0,150201498.0,302469019.0,1.7283943942857143,1,0.5034152638290535,,58.0,,47052.0,18.980296531887788,19.527489413661314,10.759008652080333
A Perfect Getaway,2009-08-07,2009,8,Q3,2005+,Thriller/Suspense,Contemporary Fiction,R,Original Screenplay,Universal,Universal,14000000.0,15515460.0,20613298.0,1.4723784285714285,1,0.24730821821913213,60.0,65.0,-5.0,16324.0,16.454567887579532,16.841446959472957,9.700391696525696
District 9,2009-08-14,2009,8,Q3,2005+,Thriller/Suspense,Science Fiction,R,Original Screenplay,Sony Pictures,Sony Pictures,30000000.0,115646235.0,206552113.0,6.8850704333333335,1,0.44011110164726325,91.0,83.0,8.0,151742.0,17.216707939626428,19.146063301723252,11.929936989245432
Gake no ue no Ponyo,2009-08-14,2009,8,Q3,2005+,Adventure,Kids Fiction,G,Original Screenplay,Walt Disney Pictures,Walt Disney Pictures,34000000.0,15090399.0,199090399.0,5.855599970588235,1,0.9242032811436578,,78.0,,13821.0,17.341871082580436,19.10926954587271,9.533944453604027
"The Goods: Live Hard, Sell Hard",2009-08-14,2009,8,Q3,2005+,Comedy,Contemporary Fiction,R,Original Screenplay,Paramount Vantage,Other,10000000.0,15122676.0,15122676.0,1.5122676,1,0.0,26.0,,,,16.11809565095832,16.531705897182803,
The Time Traveler's Wife,2009-08-14,2009,8,Q3,2005+,Drama,Science Fiction,PG-13,Based on Book/Short Story,Warner Bros.,Warner Bros.,39000000.0,63414846.0,98666635.0,2.529913717948718,1,0.35728175993840267,37.0,71.0,-34.0,23908.0,17.47907220409392,18.407257402674226,10.081968409944144
Inglourious Basterds,2009-08-21,2009,8,Q3,2005+,Action,Historical Fiction,R,Original Screenplay,Weinstein Co.,Weinstein Co.,70000000.0,120831050.0,320389438.0,4.576991971428572,1,0.6228619434077599,88.0,84.0,4.0,178742.0,18.064005800013632,19.585047807571424,12.093698704309952
Der Baader Meinhof Komplex,2009-08-21,2009,8,Q3,2005+,Unknown,Unknown,R,Unknown,Vitagraph Films,Other,19700000.0,476270.0,16498827.0,0.8375039086294416,0,0.971133099340941,,74.0,,10383.0,16.796129193708218,16.61879984543464,9.247925132303454
Taking Woodstock,2009-08-26,2009,8,Q3,2005+,Drama,Dramatization,R,Based on Book/Short Story,Focus Features,Focus Features,29000000.0,7460204.0,10061080.0,0.3469337931034483,0,0.25850862929228274,48.0,68.0,-20.0,8778.0,17.182806387950748,16.12418507273845,9.080003870248179
Halloween 2,2009-08-28,2009,8,Q3,2005+,Horror,Fantasy,R,Unknown,Weinstein/Dimension,Other,15000000.0,33392973.0,38512850.0,2.5675233333333334,1,0.1329394474831128,,45.0,,9284.0,16.523560759066484,17.46650250980422,9.136047767394327
The Final Destination,2009-08-28,2009,8,Q3,2005+,Horror,Fantasy,R,Original Screenplay,Warner Bros.,Warner Bros.,40000000.0,66477700.0,185777700.0,4.6444425,1,0.6421653406194607,27.0,49.0,-22.0,20319.0,17.50439001207821,19.040061355612327,9.919311687883013
Extract,2009-09-04,2009,9,Q3,2005+,Comedy,Contemporary Fiction,R,Original Screenplay,Miramax,Miramax,7500000.0,10823158.0,10849158.0,1.4465544,1,0.0023964993412392004,62.0,64.0,-2.0,12371.0,15.830413578506539,16.199598031252783,9.423110302862831
9,2009-09-09,2009,9,Q3,2005+,Adventure,Fantasy,PG-13,Original Screenplay,Focus Features,Focus Features,30000000.0,31749894.0,46603791.0,1.5534597,1,0.31872722543108134,,78.0,,1488.0,17.216707939626428,17.657192447718316,7.305188215393037
Whiteout,2009-09-11,2009,9,Q3,2005+,Thriller/Suspense,Contemporary Fiction,R,Based on Comic/Graphic Novel,Warner Bros.,Warner Bros.,35000000.0,10275638.0,12254746.0,0.3501356,0,0.16149726807883247,7.0,53.0,-46.0,10044.0,17.37085861945369,16.321423848495368,9.214730720277476
Sorority Row,2009-09-11,2009,9,Q3,2005+,Horror,Contemporary Fiction,R,Remake,Summit Entertainment,Other,12500000.0,11965282.0,26735797.0,2.13886376,1,0.5524621166146646,22.0,51.0,-29.0,7097.0,16.34123920227253,17.101513937029658,8.867427438524983
The Informant,2009-09-18,2009,9,Q3,2005+,Thriller/Suspense,Contemporary Fiction,R,Based on Factual Book/Article,Warner Bros.,Warner Bros.,22000000.0,33316821.0,41771168.0,1.8986894545454545,1,0.2023967105731877,,62.0,,380.0,16.90655301132259,17.547716898735032,5.940171252720432
Love Happens,2009-09-18,2009,9,Q3,2005+,Drama,Contemporary Fiction,PG-13,Original Screenplay,Universal,Universal,18000000.0,22965110.0,30206355.0,1.6781308333333333,1,0.2397258788754883,17.0,55.0,-38.0,6111.0,16.70588231586044,17.22356289067129,8.717845704894916
Cloudy with a Chance of Meatballs,2009-09-18,2009,9,Q3,2005+,Comedy,Kids Fiction,PG,Based on Book/Short Story,Sony Pictures,Sony Pictures,100000000.0,124870275.0,139525862.0,1.39525862,1,0.10503849816745801,86.0,72.0,14.0,19913.0,18.420680743952367,18.75376053272397,9.899128063758676
Jennifer's Body,2009-09-18,2009,9,Q3,2005+,Thriller/Suspense,Fantasy,R,Original Screenplay,20th Century Fox,20th Century Fox,16000000.0,16204793.0,32832166.0,2.052010375,1,0.5064354572281341,42.0,53.0,-11.0,24265.0,16.588099280204055,17.30691926354268,10.096790261839317
Capitalism: A Love Story,2009-09-23,2009,9,Q3,2005+,Documentary,Factual,R,Based on Real Life Events,Overture Films,Other,20000000.0,14363397.0,14678228.0,0.7339114,0,0.021448842462455278,75.0,73.0,2.0,11829.0,16.811242831518264,16.501875865417926,9.378309422545737
Fame,2009-09-25,2009,9,Q3,2005+,Musical,Contemporary Fiction,PG,Remake,MGM,MGM,18000000.0,22455510.0,77956957.0,4.330942055555555,1,0.7119498905017547,25.0,45.0,-20.0,4973.0,16.70588231586044,18.17166739900448,8.511778558714738
Paranormal Activity,2009-09-25,2009,9,Q3,2005+,Horror,Contemporary Fiction,R,Original Screenplay,Paramount Pictures,Paramount Pictures,15000.0,107918810.0,193770453.0,12918.0302,1,0.4430584832249941,82.0,67.0,15.0,53455.0,9.615805480084347,19.082184784497226,10.8865954574476
Coco avant Chanel,2009-09-25,2009,9,Q3,2005+,Drama,Dramatization,PG-13,Based on Real Life Events,Sony Pictures Classics,Sony Pictures Classics,23000000.0,6113834.0,48846765.0,2.123772391304348,1,0.8748364605107422,,65.0,,6720.0,16.951004773893423,17.704198711128182,8.812843433517195
Ong-Bak 2,2009-09-25,2009,9,Q3,2005+,Action,Contemporary Fiction,R,Original Screenplay,Magnolia Pictures,Other,15000000.0,102458.0,7583050.0,0.5055366666666666,0,0.9864885501216529,,47.0,,887.0,16.523560759066484,15.841426051357761,6.787844982309579
Surrogates,2009-09-25,2009,9,Q3,2005+,Action,Science Fiction,PG-13,Based on Comic/Graphic Novel,Walt Disney Pictures,Walt Disney Pictures,80000000.0,38577772.0,119668350.0,1.495854375,1,0.6776276099737316,39.0,63.0,-24.0,36940.0,18.197537192638155,18.600234724537874,10.517050253753231
Pandorum,2009-09-25,2009,9,Q3,2005+,Horror,Science Fiction,R,Original Screenplay,Overture Films,Other,40000000.0,10330853.0,17033431.0,0.425835775,0,0.3934954736952291,28.0,69.0,-41.0,29428.0,17.50439001207821,16.65068850034457,10.289701881052155
The Invention of Lying,2009-10-02,2009,10,Q4,2005+,Comedy,Fantasy,PG-13,Original Screenplay,Warner Bros.,Warner Bros.,18500000.0,18451251.0,32679264.0,1.7664467027027027,1,0.4353835202653279,57.0,65.0,-8.0,24578.0,16.733281290048552,17.302251306282635,10.109607012844542
Whip It,2009-10-02,2009,10,Q4,2005+,Comedy,Contemporary Fiction,PG-13,Based on Book/Short Story,Fox Searchlight,Fox Searchlight,15000000.0,13043363.0,13043363.0,0.8695575333333333,0,0.0,84.0,71.0,13.0,14068.0,16.523560759066484,16.383789979985615,9.551657993593873
Zombieland,2009-10-02,2009,10,Q4,2005+,Comedy,Fantasy,R,Original Screenplay,Sony Pictures,Sony Pictures,23600000.0,75590286.0,98690286.0,4.181791779661017,1,0.23406558979877715,89.0,78.0,11.0,81629.0,16.97675726999584,18.40749708010731,11.309939869972228
A Serious Man,2009-10-02,2009,10,Q4,2005+,Comedy,Historical Fiction,R,Original Screenplay,Focus Features,Focus Features,7000000.0,9228788.0,30710147.0,4.387163857142857,1,0.6994873388264797,88.0,72.0,16.0,32396.0,15.761420707019587,17.240103679119976,10.38579023736888
An Education,2009-10-09,2009,10,Q4,2005+,Drama,Dramatization,PG-13,Based on Factual Book/Article,Sony Pictures Classics,Sony Pictures Classics,7500000.0,12574914.0,14134502.0,1.8846002666666666,1,0.11033908375406505,94.0,75.0,19.0,22855.0,15.830413578506539,16.4641293167948,10.036925190765844
The Damned United,2009-10-09,2009,10,Q4,2005+,Drama,Dramatization,R,Based on Factual Book/Article,Sony Pictures Classics,Sony Pictures Classics,6400000.0,449865.0,4054204.0,0.633469375,0,0.8890374041365456,94.0,75.0,19.0,7560.0,15.671808548329901,15.215264925398982,8.930626469173578
Couples Retreat,2009-10-09,2009,10,Q4,2005+,Comedy,Contemporary Fiction,PG-13,Original Screenplay,Universal,Universal,60000000.0,109205660.0,172450423.0,2.8741737166666668,1,0.36674170987681487,12.0,55.0,-43.0,18332.0,17.909855120186375,18.96562035022901,9.816403445629014
Law Abiding Citizen,2009-10-16,2009,10,Q4,2005+,Thriller/Suspense,Contemporary Fiction,R,Original Screenplay,Overture Films,Other,53000000.0,73357727.0,113190972.0,2.135678716981132,1,0.3519118556557673,25.0,72.0,-47.0,45577.0,17.785802471516394,18.544586967902767,10.727158482292175
Where the Wild Things Are,2009-10-16,2009,10,Q4,2005+,Adventure,Fantasy,PG,Based on Book/Short Story,Warner Bros.,Warner Bros.,100000000.0,77233467.0,99123656.0,0.99123656,0,0.2208371834065523,73.0,72.0,1.0,30669.0,18.420680743952367,18.411878679189282,10.331007651425123
The Stepfather,2009-10-16,2009,10,Q4,2005+,Thriller/Suspense,Contemporary Fiction,PG-13,Remake,Sony/Screen Gems,Other,20000000.0,29062561.0,29227561.0,1.46137805,1,0.005645356449688018,11.0,53.0,-42.0,6263.0,16.811242831518264,17.19062269193646,8.742414582525413
Amelia,2009-10-23,2009,10,Q4,2005+,Drama,Dramatization,PG,Based on Book/Short Story,Fox Searchlight,Fox Searchlight,40000000.0,14246488.0,19722782.0,0.49306955,0,0.27766336412378334,21.0,57.0,-36.0,3238.0,17.50439001207821,16.797284972239325,8.08271113423758
Saw VI,2009-10-23,2009,10,Q4,2005+,Horror,Contemporary Fiction,R,Original Screenplay,Lionsgate,Lionsgate,11000000.0,27693292.0,61259697.0,5.569063363636364,1,0.5479361904124338,42.0,62.0,-20.0,18091.0,16.213405830762646,17.930632713225428,9.803169856021261
Cirque du Freak: The Vampire's Assistant,2009-10-23,2009,10,Q4,2005+,Action,Fantasy,PG-13,Based on Book/Short Story,Universal,Universal,40000000.0,14046595.0,34372469.0,0.859311725,0,0.5913416926785213,37.0,61.0,-24.0,9539.0,17.50439001207821,17.352766482149345,9.163143937145207
Astro Boy,2009-10-23,2009,10,Q4,2005+,Adventure,Super Hero,PG,Based on Comic/Graphic Novel,Summit Entertainment,Other,65000000.0,19551067.0,44093014.0,0.6783540615384616,0,0.5565949063949224,,64.0,,5265.0,17.98989782785991,17.601811915170046,8.568836424568076
Precious (Based on the Novel Push by Sapphire),2009-11-06,2009,11,Q4,2005+,Drama,Historical Fiction,R,Based on Book/Short Story,Lionsgate,Lionsgate,10000000.0,47566524.0,63471431.0,6.3471431,1,0.250583715372669,,75.0,,24504.0,16.11809565095832,17.966100457113257,10.10659164851261
The Box,2009-11-06,2009,11,Q4,2005+,Thriller/Suspense,Fantasy,PG-13,Based on Book/Short Story,Warner Bros.,Warner Bros.,25000000.0,15051977.0,26341896.0,1.05367584,1,0.42859173842308085,45.0,68.0,-23.0,418.0,17.034386382832476,17.086671233465612,6.035481432524756
The Men Who Stare at Goats,2009-11-06,2009,11,Q4,2005+,Black Comedy,Contemporary Fiction,R,Based on Book/Short Story,Overture Films,Other,24000000.0,32428195.0,67348218.0,2.80617575,1,0.5184995837603306,53.0,64.0,-11.0,33763.0,16.99356438831222,18.02538700167328,10.427120807321092
The Fourth Kind,2009-11-06,2009,11,Q4,2005+,Thriller/Suspense,Historical Fiction,PG-13,Original Screenplay,Universal,Universal,10000000.0,26218170.0,41826604.0,4.1826604,1,0.3731700044306729,17.0,60.0,-43.0,16107.0,16.11809565095832,17.549043154370786,9.68700923909068
Disney's A Christmas Carol,2009-11-06,2009,11,Q4,2005+,Drama,Fantasy,PG,Remake,Walt Disney Pictures,Walt Disney Pictures,190000000.0,137855863.0,323743744.0,1.7039144421052632,1,0.5741821562426855,53.0,,,,19.06253463012476,19.595462847239197,
2012,2009-11-13,2009,11,Q4,2005+,Action,Science Fiction,PG-13,Original Screenplay,Sony Pictures,Sony Pictures,200000000.0,166112167.0,766812167.0,3.834060835,1,0.7833730682053719,39.0,62.0,-23.0,396.0,19.11382792451231,20.45775243625036,5.981414211254481
The Boat That Rocked,2009-11-13,2009,11,Q4,2005+,Comedy,Historical Fiction,R,Original Screenplay,Focus Features,Focus Features,50000000.0,8017467.0,37472651.0,0.74945302,0,0.7860448410762292,,75.0,,25415.0,17.72753356339242,17.43912191820049,10.143094829881003
The Fantastic Mr. Fox,2009-11-13,2009,11,Q4,2005+,Adventure,Kids Fiction,PG,Based on Book/Short Story,20th Century Fox,20th Century Fox,40000000.0,20999103.0,46467231.0,1.161680775,1,0.5480879202808534,,,,,17.50439001207821,17.65425791245558,
Nanjing! Nanjing!,2009-11-17,2009,11,Q4,2005+,Unknown,Unknown,R,Unknown,National Geographic Entertainment,Other,12000000.0,0.0,20000000.0,1.6666666666666667,1,1.0,,76.0,,1725.0,16.300417207752275,16.811242831518264,7.45298232946546
Planet 51,2009-11-20,2009,11,Q4,2005+,Adventure,Science Fiction,PG,Original Screenplay,Sony Pictures,Sony Pictures,50000000.0,42194060.0,108005745.0,2.1601149,1,0.6093350404647456,22.0,61.0,-39.0,9645.0,17.72753356339242,18.497694978118165,9.17419492533983
Bad Lieutenant: Port of Call New Orleans,2009-11-20,2009,11,Q4,2005+,Drama,Contemporary Fiction,R,Remake,First Look,Other,25000000.0,1702112.0,8162545.0,0.3265018,0,0.7914728800882568,87.0,,,,17.034386382832476,15.915066565568472,
The Missing Person,2009-11-20,2009,11,Q4,2005+,Unknown,Unknown,Unknown,Unknown,Strand,Other,2000000.0,17896.0,17896.0,0.008948,0,0.0,,61.0,,416.0,14.508657738524219,9.792332503169966,6.030685260261263
The Blind Side,2009-11-20,2009,11,Q4,2005+,Drama,Dramatization,PG-13,Based on Factual Book/Article,Warner Bros.,Warner Bros.,35000000.0,255959475.0,301759475.0,8.621699285714286,1,0.15177651008307197,66.0,77.0,-11.0,42320.0,17.37085861945369,19.52514081761464,10.65301506653218
Red Cliff,2009-11-20,2009,11,Q4,2005+,Action,Dramatization,R,Based on Real Life Events,Magnolia Pictures,Other,40000000.0,627047.0,119627047.0,2.990676175,1,0.9947583174898567,,,,,17.50439001207821,18.59988951939872,
The Twilight Saga: New Moon,2009-11-20,2009,11,Q4,2005+,Drama,Fantasy,PG-13,Based on Book/Short Story,Summit Entertainment,Other,50000000.0,296623634.0,702623634.0,14.05247268,1,0.5778342491678838,28.0,,,,17.72753356339242,20.37033193514657,
The Road,2009-11-25,2009,11,Q4,2005+,Drama,Science Fiction,R,Based on Book/Short Story,Weinstein Co.,Weinstein Co.,25000000.0,8114270.0,23914270.0,0.9565708,0,0.6606933851629174,75.0,75.0,0.0,39124.0,17.034386382832476,16.9899859098554,10.574491368410383
Me and Orson Welles,2009-11-25,2009,11,Q4,2005+,Drama,Historical Fiction,PG-13,Based on Book/Short Story,Freestyle Releasing,Other,25000000.0,1190003.0,1190003.0,0.04760012,0,0.0,84.0,71.0,13.0,2417.0,17.034386382832476,13.989466386092937,7.790282380703483
Ninja Assassin,2009-11-25,2009,11,Q4,2005+,Action,Contemporary Fiction,R,Original Screenplay,Warner Bros.,Warner Bros.,50000000.0,38122883.0,57422883.0,1.14845766,1,0.3361029434903155,25.0,63.0,-38.0,20078.0,17.72753356339242,17.86595344038318,9.907379967251472
The Princess and the Frog,2009-11-25,2009,11,Q4,2005+,Adventure,Kids Fiction,G,Based on Book/Short Story,Walt Disney Pictures,Walt Disney Pictures,105000000.0,104374107.0,263467382.0,2.509213161904762,1,0.6038442929531216,84.0,74.0,10.0,16232.0,18.469470908121796,19.38944013080711,9.694739881505651
The Cry of the Owl,2009-11-27,2009,11,Q4,2005+,Thriller/Suspense,Contemporary Fiction,R,Based on Book/Short Story,Unknown,Unknown,11500000.0,0.0,0.0,0.0,0,,14.0,62.0,-48.0,1244.0,16.25785759333348,,7.126087273299125
Paa,2009-12-04,2009,12,Q4,2005+,Unknown,Unknown,Unknown,Unknown,Reliance Big Pictures,Other,4300000.0,199228.0,9791282.0,2.2770423255813954,1,0.979652511285039,60.0,73.0,-13.0,1059.0,15.27412558066379,16.097002955882424,6.9650803456014065
Up in the Air,2009-12-04,2009,12,Q4,2005+,Drama,Contemporary Fiction,R,Based on Book/Short Story,Paramount Pictures,Paramount Pictures,30000000.0,83823381.0,166077420.0,5.535914,1,0.4952752698109111,90.0,,,,17.216707939626428,18.92796462313905,
A Single Man,2009-12-11,2009,12,Q4,2005+,Drama,Historical Fiction,R,Based on Book/Short Story,Weinstein Co.,Weinstein Co.,7000000.0,9176000.0,19112672.0,2.730381714285714,1,0.5198996770310295,85.0,76.0,9.0,14548.0,15.761420707019587,16.76586212852494,9.58520880610688
Rocket Singh: Salesman of the Year,2009-12-11,2009,12,Q4,2005+,Unknown,Unknown,Unknown,Unknown,Yash Raj Films,Other,1070000.0,164649.0,5348767.0,4.998847663551402,1,0.9692173915969793,,75.0,,1436.0,13.883169206438088,15.492376625020803,7.269616749608169
The Lovely Bones,2009-12-11,2009,12,Q4,2005+,Drama,Fantasy,PG-13,Based on Book/Short Story,Paramount Pictures,Paramount Pictures,65000000.0,44028238.0,94702568.0,1.4569625846153846,1,0.5350892913484669,32.0,66.0,-34.0,32049.0,17.98989782785991,18.366251675000893,10.375021260613996
Crazy Heart,2009-12-16,2009,12,Q4,2005+,Drama,Contemporary Fiction,R,Original Screenplay,Fox Searchlight,Fox Searchlight,8500000.0,39462438.0,47163756.0,5.548677176470588,1,0.16328890345374528,92.0,74.0,18.0,17255.0,15.955576721460545,17.669136274227952,9.755857235532103
Avatar,2009-12-18,2009,12,Q4,2005+,Action,Science Fiction,PG-13,Original Screenplay,20th Century Fox,20th Century Fox,237000000.0,760167650.0,2767891499.0,11.678867084388186,1,0.7253621934694197,83.0,83.0,0.0,261439.0,19.283570699099407,21.74135167559541,12.47395626567706
Shi Yue Wei Cheng,2009-12-18,2009,12,Q4,2005+,Unknown,Unknown,Unknown,Unknown,Unknown,Unknown,23000000.0,0.0,44195779.0,1.9215556086956522,1,1.0,,69.0,,1795.0,16.951004773893423,17.604139844750172,7.492760300922379
The Young Victoria,2009-12-18,2009,12,Q4,2005+,Drama,Dramatization,PG,Based on Real Life Events,Apparition,Other,35000000.0,11001272.0,11001272.0,0.31432205714285716,0,0.0,76.0,72.0,4.0,8408.0,17.37085861945369,16.213521460440912,9.036938912556787
It's Complicated,2009-12-25,2009,12,Q4,2005+,Romantic Comedy,Contemporary Fiction,R,Original Screenplay,Universal,Universal,75000000.0,112735375.0,224614744.0,2.9948632533333335,1,0.49809450175719544,57.0,67.0,-10.0,17748.0,18.132998671500584,19.229897243706205,9.7840281124988
The Imaginarium of Doctor Parnassus,2009-12-25,2009,12,Q4,2005+,Adventure,Fantasy,PG-13,Original Screenplay,Sony Pictures Classics,Sony Pictures Classics,30000000.0,7689458.0,58692979.0,1.9564326333333333,1,0.8689884526052085,64.0,71.0,-7.0,33374.0,17.216707939626428,17.887830669467526,10.415532432706849
Sherlock Holmes,2009-12-25,2009,12,Q4,2005+,Adventure,Historical Fiction,PG-13,Based on Book/Short Story,Warner Bros.,Warner Bros.,80000000.0,209028679.0,518249844.0,6.47812305,1,0.5966642702935382,69.0,75.0,-6.0,91555.0,18.197537192638155,20.06596800826709,11.424695163575814
The Calling,2009-12-31,2009,12,Q4,2005+,Unknown,Unknown,Unknown,Unknown,Unknown,Unknown,2500000.0,0.0,0.0,0.0,0,,,34.0,,1113.0,14.73180128983843,,7.014814351275545
Big Things,2009-12-31,2009,12,Q4,2005+,Unknown,Unknown,Unknown,Unknown,Unknown,Unknown,50000.0,0.0,0.0,0.0,0,,,,,,10.819778284410283,,
Foodfight!,2009-12-31,2009,12,Q4,2005+,Comedy,Kids Fiction,PG,Original Screenplay,Lionsgate,Lionsgate,65000000.0,0.0,0.0,0.0,0,,,,,,17.98989782785991,,
Crying With Laughter,2009-12-31,2009,12,Q4,2005+,Unknown,Unknown,Unknown,Unknown,Unknown,Unknown,820000.0,0.0,0.0,0.0,0,,,,,,13.617059619240436,,
Daybreakers,2010-01-08,2010,1,Q1,2005+,Thriller/Suspense,Science Fiction,R,Original Screenplay,Lionsgate,Lionsgate,20000000.0,30101577.0,48969954.0,2.4484977,1,0.3853051812137704,,66.0,,28241.0,16.811242831518264,17.706717484327434,10.248530101745105
Youth in Revolt,2010-01-08,2010,1,Q1,2005+,Comedy,Contemporary Fiction,R,Based on Book/Short Story,Weinstein/Dimension,Other,18000000.0,15285588.0,17585588.0,0.9769771111111111,0,0.1307889164695545,,67.0,,14670.0,16.70588231586044,16.68259026092005,9.593559871137028
The Book of Eli,2010-01-15,2010,1,Q1,2005+,Action,Science Fiction,R,Original Screenplay,Warner Bros.,Warner Bros.,80000000.0,94835059.0,146452390.0,1.830654875,1,0.3524512710239826,47.0,69.0,-22.0,47733.0,18.197537192638155,18.802210950667845,10.773378261575965
The Last Station,2010-01-15,2010,1,Q1,2005+,Drama,Dramatization,R,Based on Book/Short Story,Sony Pictures Classics,Sony Pictures Classics,18000000.0,6616974.0,6616974.0,0.36760966666666667,0,0.0,,70.0,,3465.0,16.70588231586044,15.705148723713393,8.150467911624004
Fish Tank,2010-01-15,2010,1,Q1,2005+,Unknown,Unknown,Unknown,Unknown,Unknown,Unknown,3000000.0,374675.0,374675.0,0.12489166666666666,0,0.0,,75.0,,5940.0,14.914122846632385,12.833814262513197,8.68946441235669
Legion,2010-01-22,2010,1,Q1,2005+,Thriller/Suspense,Fantasy,R,Original Screenplay,Sony Pictures,Sony Pictures,26000000.0,40122938.0,64622938.0,2.4854976153846153,1,0.3791223481668382,19.0,50.0,-31.0,19962.0,17.073607095985757,17.98407998312715,9.901585745246532
Extraordinary Measures,2010-01-22,2010,1,Q1,2005+,Drama,Dramatization,PG,Based on Real Life Events,CBS Films,Other,31000000.0,12482741.0,12697741.0,0.40960454838709676,0,0.01693214564700918,27.0,64.0,-37.0,3770.0,17.24949776244942,16.356934661591612,8.234830280442056
Bright Star,2010-01-26,2010,1,Q1,2005+,Drama,Dramatization,PG,Based on Real Life Events,Apparition,Other,8500000.0,4444637.0,9469105.0,1.1140123529411765,1,0.5306169907293244,,71.0,,5957.0,15.955576721460545,16.063544951720292,8.692322277628687
Edge of Darkness,2010-01-29,2010,1,Q1,2005+,Drama,Contemporary Fiction,R,Based on TV,Warner Bros.,Warner Bros.,60000000.0,43313890.0,78739628.0,1.3123271333333333,1,0.44990989797411796,55.0,67.0,-12.0,24174.0,17.909855120186375,18.181657119059256,10.093032954419403
Dear John,2010-02-05,2010,2,Q1,2005+,Drama,Contemporary Fiction,PG-13,Based on Book/Short Story,Sony/Screen Gems,Other,25000000.0,80014842.0,112014842.0,4.48059368,1,0.2856764284861465,28.0,70.0,-42.0,246.0,17.034386382832476,18.534141938336795,5.5053315359323625
Shinjuku Incident,2010-02-05,2010,2,Q1,2005+,Unknown,Unknown,R,Unknown,Sony Pictures Classics,Sony Pictures Classics,25000000.0,0.0,0.0,0.0,0,,,,,,17.034386382832476,,
Valentine's Day,2010-02-12,2010,2,Q1,2005+,Romantic Comedy,Contemporary Fiction,PG-13,Original Screenplay,Warner Bros.,Warner Bros.,52000000.0,110485654.0,215771698.0,4.149455730769231,1,0.4879511306436491,17.0,57.0,-40.0,17599.0,17.7667542765457,19.189731452975266,9.775597361230211
Percy Jackson & the Olympians: The Lightning Thief,2010-02-12,2010,2,Q1,2005+,Adventure,Fantasy,PG,Based on Book/Short Story,20th Century Fox,20th Century Fox,95000000.0,88761720.0,226435277.0,2.3835292315789474,1,0.6080040125549871,50.0,58.0,-8.0,20451.0,18.369387449564815,19.23796970929288,9.925787060030896
The Wolf Man,2010-02-12,2010,2,Q1,2005+,Horror,Fantasy,R,Remake,Universal,Universal,150000000.0,61979680.0,142422252.0,0.94948168,0,0.5648174415891135,,74.0,,6099.0,18.82614585206053,18.77430680877914,8.715880102296456
The Ghost Writer,2010-02-19,2010,2,Q1,2005+,Thriller/Suspense,Contemporary Fiction,PG-13,Based on Book/Short Story,Summit Entertainment,Other,45000000.0,15541549.0,63241549.0,1.4053677555555555,1,0.754250975098665,84.0,76.0,8.0,22875.0,17.622173047734595,17.962472063996717,10.037799890143722
Shutter Island,2010-02-19,2010,2,Q1,2005+,Thriller/Suspense,Historical Fiction,R,Based on Book/Short Story,Paramount Pictures,Paramount Pictures,80000000.0,128012934.0,294512934.0,3.681411675,1,0.5653401965701106,67.0,80.0,-13.0,105706.0,18.197537192638155,19.500833478597468,11.568416934674914
Le petit Nicolas,2010-02-19,2010,2,Q1,2005+,Unknown,Unknown,Unknown,Unknown,Unknown,Unknown,30000000.0,201857.0,52339566.0,1.7446522,1,0.996143319186101,,69.0,,1505.0,17.216707939626428,17.773263163094562,7.316548177182976
The Eclipse,2010-02-26,2010,2,Q1,2005+,Unknown,Unknown,R,Unknown,Magnolia Pictures,Other,3000000.0,133411.0,133411.0,0.044470333333333334,0,0.0,,62.0,,790.0,14.914122846632385,11.801189867834738,6.672032945461067
Cop Out,2010-02-26,2010,2,Q1,2005+,Comedy,Contemporary Fiction,R,Original Screenplay,Warner Bros.,Warner Bros.,37000000.0,44875481.0,44875481.0,1.2128508378378378,1,0.0,19.0,57.0,-38.0,16520.0,17.4264284706085,17.619402123378226,9.71232704707497
The Crazies,2010-02-26,2010,2,Q1,2005+,Horror,Contemporary Fiction,R,Remake,Overture Films,Other,20000000.0,39123589.0,43027734.0,2.1513867,1,0.09073554744946596,71.0,67.0,4.0,21135.0,16.811242831518264,17.577355442493914,9.95868571300089
Alice in Wonderland,2010-03-05,2010,3,Q1,2005+,Adventure,Fantasy,PG,Based on Book/Short Story,Walt Disney Pictures,Walt Disney Pictures,200000000.0,334191110.0,1023291110.0,5.11645555,1,0.6734154076643938,51.0,67.0,-16.0,63458.0,19.11382792451231,20.746289848439847,11.058133548725012
Brooklyn's Finest,2010-03-05,2010,3,Q1,2005+,Thriller/Suspense,Contemporary Fiction,R,Remake,Overture Films,Other,25000000.0,27163593.0,28319627.0,1.13278508,1,0.04082094725329539,,69.0,,14034.0,17.034386382832476,17.1590656557991,9.549238235812235
She's Out of My League,2010-03-12,2010,3,Q1,2005+,Romantic Comedy,Contemporary Fiction,Unknown,Original Screenplay,Paramount Pictures,Paramount Pictures,20000000.0,31628317.0,49219151.0,2.46095755,1,0.35739815991543616,57.0,67.0,-10.0,17449.0,16.811242831518264,17.71179335369268,9.76703761939823
The Exploding Girl,2010-03-12,2010,3,Q1,2005+,Unknown,Unknown,Unknown,Unknown,Oscilloscope Pictures,Other,40000.0,25572.0,25572.0,0.6393,0,0.0,,62.0,,260.0,10.596634733096073,10.149253281886617,5.560681631015528
Green Zone,2010-03-12,2010,3,Q1,2005+,Drama,Historical Fiction,R,Based on Factual Book/Article,Universal,Universal,100000000.0,35053660.0,84788541.0,0.84788541,0,0.586575501989119,55.0,71.0,-16.0,26759.0,18.420680743952367,18.25567096191431,10.194626144336146
Remember Me,2010-03-12,2010,3,Q1,2005+,Drama,Contemporary Fiction,PG-13,Unknown,Summit Entertainment,Other,16000000.0,19068240.0,55343435.0,3.4589646875,1,0.6554561530197756,28.0,70.0,-42.0,16319.0,16.588099280204055,17.82906860123158,9.700085352130934
How to Train Your Dragon,2010-03-26,2010,3,Q1,2005+,Comedy,Fantasy,PG,Based on Book/Short Story,Paramount Pictures,Paramount Pictures,165000000.0,217581231.0,491581231.0,2.979280187878788,1,0.55738499096602,98.0,82.0,16.0,28556.0,18.921456031864853,20.013137755513142,10.259622350622351
Chloe,2010-03-26,2010,3,Q1,2005+,Thriller/Suspense,Contemporary Fiction,R,Unknown,Sony Pictures Classics,Sony Pictures Classics,13000000.0,3075255.0,9675172.0,0.744244,0,0.6821498367160811,,65.0,,8772.0,16.38045991542581,16.085073574499873,9.079320109537779
The Last Song,2010-03-31,2010,3,Q1,2005+,Drama,Contemporary Fiction,PG,Based on Book/Short Story,Walt Disney Pictures,Walt Disney Pictures,20000000.0,62950384.0,75850384.0,3.7925192,1,0.17007165052717466,19.0,39.0,-20.0,7210.0,16.811242831518264,18.1442733263696,8.883224230278994
Leaves of Grass,2010-04-02,2010,4,Q2,2005+,Black Comedy,Contemporary Fiction,R,Original Screenplay,Unknown,Unknown,9000000.0,20987.0,20987.0,0.002331888888888889,0,0.0,50.0,69.0,-19.0,4541.0,16.012735135300492,9.951658477397421,8.420902531097951
The Square,2010-04-09,2010,4,Q2,2005+,Thriller/Suspense,Contemporary Fiction,R,Original Screenplay,Apparition,Other,1900000.0,406216.0,406216.0,0.2137978947368421,0,0.0,,68.0,,1303.0,14.457364444136669,12.914640316815996,7.172424577124845
Date Night,2010-04-09,2010,4,Q2,2005+,Comedy,Contemporary Fiction,PG-13,Original Screenplay,20th Century Fox,20th Century Fox,55000000.0,98711404.0,152253432.0,2.768244218181818,1,0.3516638495216318,67.0,65.0,2.0,22925.0,17.822843743196746,18.841057006172136,10.039983297124666
Letters to God,2010-04-09,2010,4,Q2,2005+,Drama,Contemporary Fiction,PG,Original Screenplay,Vivendi Entertainment,Other,3000000.0,2848587.0,2848587.0,0.949529,0,0.0,,44.0,,839.0,14.914122846632385,14.86233363982691,6.732210706467206
The City of Your Final Destination,2010-04-16,2010,4,Q2,2005+,Drama,Contemporary Fiction,PG-13,Based on Book/Short Story,Hyde Park Films,Other,8300000.0,493296.0,493296.0,0.059433253012048194,0,0.0,40.0,66.0,-26.0,430.0,15.931766072766827,13.108864678532964,6.063785208687608
Death at a Funeral,2010-04-16,2010,4,Q2,2005+,Comedy,Contemporary Fiction,R,Remake,Sony Pictures,Sony Pictures,21000000.0,42739347.0,42739347.0,2.035207,1,0.0,38.0,51.0,-13.0,6628.0,16.860032995687696,17.570630529310858,8.799058378546453
Kick-Ass,2010-04-16,2010,4,Q2,2005+,Action,Contemporary Fiction,R,Based on Comic/Graphic Novel,Lionsgate,Lionsgate,28000000.0,48071303.0,76252166.0,2.7232916428571428,1,0.36957459018278904,75.0,81.0,-6.0,86990.0,17.14771506813948,18.149556379605713,11.373548448501586
The Secret in Their Eyes,2010-04-16,2010,4,Q2,2005+,Drama,Unknown,R,Unknown,Sony Pictures Classics,Sony Pictures Classics,3500000.0,6374789.0,6374789.0,1.8213682857142857,1,0.0,,,,,15.068273526459642,15.667861550421796,
The Joneses,2010-04-16,2010,4,Q2,2005+,Unknown,Unknown,R,Unknown,Roadside Attractions,Other,10000000.0,1475746.0,1475746.0,0.1475746,0,0.0,,66.0,,4345.0,16.11809565095832,14.204674182613068,8.376781037699493
Oceans,2010-04-22,2010,4,Q2,2005+,Documentary,Factual,G,Based on Real Life Events,Walt Disney Pictures,Walt Disney Pictures,80000000.0,19422319.0,72965951.0,0.9120743875,0,0.7338166811531038,,76.0,,1429.0,18.197537192638155,18.105503465645313,7.264730177929867
Joheunnom nabbeunnom isanghannom,2010-04-23,2010,4,Q2,2005+,Action,Historical Fiction,Unknown,Original Screenplay,Unknown,Unknown,10000000.0,128486.0,42226657.0,4.2226657,1,0.9969572301212478,,74.0,,5548.0,16.11809565095832,17.558562262043306,8.621192781434722
The Back-up Plan,2010-04-23,2010,4,Q2,2005+,Romantic Comedy,Contemporary Fiction,PG-13,Original Screenplay,CBS Films,Other,35000000.0,37490007.0,77090007.0,2.2025716285714285,1,0.5136852562485823,20.0,44.0,-24.0,6981.0,17.37085861945369,18.1604842192384,8.850947451970402
The Losers,2010-04-23,2010,4,Q2,2005+,Action,Contemporary Fiction,PG-13,Based on Comic/Graphic Novel,Warner Bros.,Warner Bros.,25000000.0,23591432.0,23591432.0,0.94365728,0,0.0,48.0,,,,17.034386382832476,16.976394153229467,
Furry Vengeance,2010-04-30,2010,4,Q2,2005+,Comedy,Kids Fiction,PG,Original Screenplay,Summit Entertainment,Other,35000000.0,17630465.0,21630465.0,0.6180132857142857,0,0.1849243647790281,8.0,26.0,-18.0,3458.0,17.37085861945369,16.88961329561772,8.148445666243235
Harry Brown,2010-04-30,2010,4,Q2,2005+,Thriller/Suspense,Unknown,R,Unknown,Samuel Goldwyn Films,Other,7300000.0,1818681.0,6294140.0,0.8622109589041096,0,0.7110517084144935,,74.0,,14297.0,15.80338490611862,15.655129599765527,9.567805004029164
Housefull,2010-04-30,2010,4,Q2,2005+,Unknown,Unknown,Unknown,Unknown,Eros Entertainment,Other,10100000.0,1183658.0,14883658.0,1.473629504950495,1,0.920472641873389,,46.0,,687.0,16.12804598181149,16.515774390490492,6.532334292222349
A Nightmare on Elm Street,2010-04-30,2010,4,Q2,2005+,Horror,Unknown,R,Unknown,Warner Bros.,Warner Bros.,35000000.0,63075011.0,105175011.0,3.0050003142857142,1,0.40028519702270343,13.0,53.0,-40.0,12554.0,17.37085861945369,18.471136292028444,9.437794618877478
Please Give,2010-04-30,2010,4,Q2,2005+,Unknown,Unknown,R,Unknown,Sony Pictures Classics,Sony Pictures Classics,3000000.0,4028339.0,4028339.0,1.3427796666666667,1,0.0,88.0,74.0,14.0,1023.0,14.914122846632385,15.208864690153145,6.930494765951626
Iron Man 2,2010-05-07,2010,5,Q2,2005+,Adventure,Super Hero,PG-13,Based on Comic/Graphic Novel,Paramount Pictures,Paramount Pictures,170000000.0,312128345.0,622128345.0,3.6595785,1,0.49828946469236984,74.0,73.0,1.0,61256.0,18.951308995014536,20.24865697186151,11.02281708279296
Mother and Child,2010-05-07,2010,5,Q2,2005+,Unknown,Unknown,R,Unknown,Unknown,Unknown,7000000.0,1105266.0,1105266.0,0.15789514285714285,0,0.0,,72.0,,900.0,15.761420707019587,13.915596587946522,6.802394763324311
Princess Kaiulani,2010-05-14,2010,5,Q2,2005+,Drama,Dramatization,PG,Based on Real Life Events,Roadside Attractions,Other,9000000.0,883454.0,883454.0,0.09816155555555556,0,0.0,,53.0,,224.0,16.012735135300492,13.691594503738434,5.4116460518550396
Robin Hood,2010-05-14,2010,5,Q2,2005+,Action,Historical Fiction,PG-13,Traditional/Legend/Fairytale,Universal,Universal,210000000.0,105269730.0,310885538.0,1.480407323809524,1,0.6613874975425843,43.0,69.0,-26.0,34501.0,19.162618088681743,19.55493535738224,10.448743588106625
Letters to Juliet,2010-05-14,2010,5,Q2,2005+,Drama,Unknown,PG,Based on Factual Book/Article,Summit Entertainment,Other,30000000.0,53032453.0,68332453.0,2.2777484333333335,1,0.2239053235802906,42.0,63.0,-21.0,4576.0,17.216707939626428,18.03989536542476,8.428580533059634
Perrier's Bounty,2010-05-21,2010,5,Q2,2005+,Unknown,Unknown,R,Unknown,Unknown,Unknown,6600000.0,828.0,828.0,0.00012545454545454546,0,0.0,,62.0,,808.0,15.702580206996654,6.71901315438526,6.694562058521095
Solitary Man,2010-05-21,2010,5,Q2,2005+,Drama,Unknown,R,Unknown,Anchor Bay Entertainment,Other,12500000.0,4354546.0,4354546.0,0.34836368,0,0.0,,67.0,,1936.0,16.34123920227253,15.286730914843726,7.568379267836522
Shrek Forever After,2010-05-21,2010,5,Q2,2005+,Adventure,Kids Fiction,PG,Based on Book/Short Story,Paramount Pictures,Paramount Pictures,165000000.0,238395990.0,729395990.0,4.420581757575758,1,0.6731597194549973,,67.0,,12193.0,18.921456031864853,20.407727338654425,9.408617295560266
Sex and the City 2,2010-05-27,2010,5,Q2,2005+,Comedy,Contemporary Fiction,R,Based on TV,Warner Bros.,Warner Bros.,95000000.0,95347692.0,288347692.0,3.0352388631578946,1,0.6693308299481724,15.0,39.0,-24.0,13796.0,18.369387449564815,19.479677573832053,9.532133974056732
George A. Romero's Survival of the Dead,2010-05-28,2010,5,Q2,2005+,Horror,Unknown,R,Unknown,Magnolia Pictures,Other,4200000.0,101740.0,101740.0,0.024223809523809522,0,0.0,,,,,15.250595083253597,11.530175818376756,
Prince of Persia: Sands of Time,2010-05-28,2010,5,Q2,2005+,Action,Fantasy,PG-13,Based on Game,Walt Disney Pictures,Walt Disney Pictures,200000000.0,90755643.0,335055643.0,1.675278215,1,0.7291326235027774,,,,,19.11382792451231,19.629807174503973,
Micmacs,2010-05-28,2010,5,Q2,2005+,Unknown,Unknown,R,Unknown,Sony Pictures Classics,Sony Pictures Classics,42000000.0,1237269.0,11734498.0,0.2793928095238095,0,0.8945614034788706,,,,,17.553180176247643,16.278043608337768,
Agora,2010-05-28,2010,5,Q2,2005+,Drama,Historical Fiction,R,Original Screenplay,Newmarket Films,Other,70000000.0,599903.0,32912303.0,0.47017575714285714,0,0.9817726823917488,,73.0,,10054.0,18.064005800013632,17.309357097200994,9.215725844252521
Winter's Bone,2010-06-11,2010,6,Q2,2005+,Drama,Unknown,R,Unknown,Roadside Attractions,Other,2000000.0,5951693.0,5951693.0,2.9758465,1,0.0,95.0,82.0,13.0,1704.0,14.508657738524219,15.599186274863731,7.440733707389261
The Karate Kid,2010-06-11,2010,6,Q2,2005+,Adventure,Contemporary Fiction,PG,Remake,Sony Pictures,Sony Pictures,40000000.0,176591618.0,350591618.0,8.76479045,1,0.4963039361654106,67.0,61.0,6.0,20039.0,17.50439001207821,19.675132622578623,9.905435653754145
The A-Team,2010-06-11,2010,6,Q2,2005+,Action,Unknown,PG-13,Based on TV,20th Century Fox,20th Century Fox,110000000.0,77222099.0,176047914.0,1.600435581818182,1,0.5613574893025998,47.0,72.0,-25.0,29886.0,18.51599092375669,18.986266754588577,10.305145422301338
Jerusalema,2010-06-11,2010,6,Q2,2005+,Unknown,Historical Fiction,R,Original Screenplay,Anchor Bay Entertainment,Other,2000000.0,7294.0,7294.0,0.003647,0,0.0,,79.0,,6777.0,14.508657738524219,8.894807371368625,8.821289805136113
Toy Story 3,2010-06-18,2010,6,Q2,2005+,Adventure,Kids Fiction,G,Original Screenplay,Walt Disney Pictures,Walt Disney Pictures,200000000.0,410640665.0,1046340665.0,5.231703325,1,0.6075459181355625,99.0,89.0,10.0,67380.0,19.11382792451231,20.76856483312217,11.118103516960543
Cyrus,2010-06-18,2010,6,Q2,2005+,Comedy,Unknown,R,Original Screenplay,Fox Searchlight,Fox Searchlight,7000000.0,7426671.0,8514729.0,1.216389857142857,1,0.1277853939919873,81.0,,,,15.761420707019587,15.957308045383384,
Jonah Hex,2010-06-18,2010,6,Q2,2005+,Action,Historical Fiction,PG-13,Based on Comic/Graphic Novel,Warner Bros.,Warner Bros.,47000000.0,10547117.0,10547117.0,0.22440674468085106,0,0.0,13.0,43.0,-30.0,2316.0,17.665658159674333,16.17136311039908,7.7475968386928855
Knight and Day,2010-06-23,2010,6,Q2,2005+,Action,Contemporary Fiction,PG-13,Original Screenplay,20th Century Fox,20th Century Fox,117000000.0,76373029.0,228937227.0,1.956728435897436,1,0.6664018779261269,,66.0,,13887.0,18.57768449276203,19.248958406037403,9.53870842969938
Les herbes folles,2010-06-25,2010,6,Q2,2005+,Thriller/Suspense,Contemporary Fiction,PG,Based on Book/Short Story,Sony Pictures Classics,Sony Pictures Classics,14000000.0,377556.0,1877556.0,0.13411114285714285,0,0.7989109246275478,,67.0,,915.0,16.454567887579532,14.445481489073083,6.818924065275521
Grown Ups,2010-06-25,2010,6,Q2,2005+,Comedy,Contemporary Fiction,PG-13,Original Screenplay,Sony Pictures,Sony Pictures,75000000.0,161094625.0,250294625.0,3.3372616666666666,1,0.35638000616273724,9.0,58.0,-49.0,13488.0,18.132998671500584,19.338149281940506,9.509555680241636
The Twilight Saga: Eclipse,2010-06-30,2010,6,Q2,2005+,Drama,Fantasy,PG-13,Based on Book/Short Story,Summit Entertainment,Other,68000000.0,300155447.0,688155447.0,10.119933044117648,1,0.5638260972742107,51.0,,,,18.03501826314038,20.349525310783903,
Love Ranch,2010-06-30,2010,6,Q2,2005+,Drama,Dramatization,R,Based on Real Life Events,Unknown,Unknown,25000000.0,134904.0,134904.0,0.00539616,0,0.0,13.0,56.0,-43.0,163.0,17.034386382832476,11.81231869335002,5.093750200806762
The Last Airbender,2010-07-01,2010,7,Q3,2005+,Adventure,Fantasy,Unknown,Based on TV,Paramount Pictures,Paramount Pictures,150000000.0,131591957.0,290191957.0,1.9346130466666667,1,0.5465347890396562,7.0,44.0,-37.0,16600.0,18.82614585206053,19.48605318266157,9.717157974344635
The Kids Are All Right,2010-07-09,2010,7,Q3,2005+,Comedy,Contemporary Fiction,R,Original Screenplay,Focus Features,Focus Features,4000000.0,20553799.0,20553799.0,5.13844975,1,0.0,96.0,78.0,18.0,3093.0,15.201804919084164,16.83855634800092,8.03689677268507
Despicable Me,2010-07-09,2010,7,Q3,2005+,Comedy,Unknown,PG,Unknown,Universal,Universal,69000000.0,244885070.0,333572855.0,4.834389202898551,1,0.2658723084646681,80.0,77.0,3.0,10529.0,18.049617062561534,19.62537185523408,9.26188863385676
Predators,2010-07-09,2010,7,Q3,2005+,Action,Unknown,R,Original Screenplay,20th Century Fox,20th Century Fox,40000000.0,51920690.0,124549380.0,3.1137345,1,0.5831316864042198,63.0,69.0,-6.0,22257.0,17.50439001207821,18.64021282173956,10.010411844857636
The Sorcerer's Apprentice,2010-07-14,2010,7,Q3,2005+,Adventure,Fantasy,PG,Based on Short Film,Walt Disney Pictures,Walt Disney Pictures,160000000.0,62492818.0,200092818.0,1.2505801125,1,0.6876808541923779,42.0,64.0,-22.0,9108.0,18.890684373198102,19.114291906855854,9.11690842718363
Inception,2010-07-16,2010,7,Q3,2005+,Thriller/Suspense,Science Fiction,PG-13,Original Screenplay,Warner Bros.,Warner Bros.,160000000.0,285630280.0,753830280.0,4.71143925,1,0.6210947111331214,87.0,91.0,-4.0,188247.0,18.890684373198102,20.44067780779684,12.145510209280177
The Oxford Murders,2010-08-06,2010,8,Q3,2005+,Thriller/Suspense,Contemporary Fiction,R,Based on Book/Short Story,Magnolia Pictures,Other,10000000.0,3607.0,8667348.0,0.8667348,0,0.9995838404088541,10.0,61.0,-51.0,8066.0,16.11809565095832,15.975073419612235,8.995412975433313
The Expendables,2010-08-13,2010,8,Q3,2005+,Action,Contemporary Fiction,Unknown,Original Screenplay,Lionsgate,Lionsgate,82000000.0,101384023.0,240484023.0,2.932731987804878,1,0.5784168040136288,40.0,71.0,-31.0,42427.0,18.222229805228526,19.298164212870926,10.655540231006599
Eat Pray Love,2010-08-13,2010,8,Q3,2005+,Drama,Contemporary Fiction,R,Based on Magazine Article,Sony Pictures,Sony Pictures,60000000.0,78146373.0,81846373.0,1.3641062166666666,1,0.04520664587055067,37.0,47.0,-10.0,3019.0,17.909855120186375,18.220354548032322,8.012680929706839
Scott Pilgrim vs. The World,2010-08-13,2010,8,Q3,2005+,Comedy,Contemporary Fiction,PG-13,Based on Comic/Graphic Novel,Universal,Universal,85000000.0,31167395.0,43149143.0,0.5076369764705883,0,0.27768217783606963,81.0,81.0,0.0,17461.0,18.258161814454592,17.580173114346305,9.767725101522128
Nanny McPhee and the Big Bang,2010-08-20,2010,8,Q3,2005+,Adventure,Kids Fiction,PG,Based on Book/Short Story,Universal,Universal,35000000.0,27776620.0,90676620.0,2.5907605714285715,1,0.693673848892912,,61.0,,2326.0,17.37085861945369,18.322810108978608,7.75190533307861
Lottery Ticket,2010-08-20,2010,8,Q3,2005+,Comedy,Contemporary Fiction,PG-13,Original Screenplay,Warner Bros.,Warner Bros.,17000000.0,23602581.0,23602581.0,1.3883871176470588,1,0.0,32.0,,,,16.64872390202049,16.97686662842277,
Centurion,2010-08-27,2010,8,Q3,2005+,Unknown,Unknown,Unknown,Unknown,Magnolia Pictures,Other,15000000.0,119621.0,119621.0,0.007974733333333333,0,0.0,55.0,65.0,-10.0,8997.0,16.523560759066484,11.692083690369657,9.104646467417119
16 to Life,2010-09-03,2010,9,Q3,2005+,Romantic Comedy,Contemporary Fiction,Unknown,Original Screenplay,Waterdog Films,Other,1000000.0,10744.0,10744.0,0.010744,0,0.0,,,,,13.815510557964274,9.282102738203074,
Resident Evil: Afterlife 3D,2010-09-10,2010,9,Q3,2005+,Horror,Science Fiction,R,Based on Game,Sony/Screen Gems,Other,57500000.0,46368993.0,149568993.0,2.6011998782608696,1,0.6899825821519037,,,,,17.86729550576758,18.823268335979296,
Never Let Me Go,2010-09-15,2010,9,Q3,2005+,Drama,Science Fiction,Unknown,Based on Book/Short Story,Fox Searchlight,Fox Searchlight,15000000.0,186830.0,186830.0,0.012455333333333334,0,0.0,62.0,73.0,-11.0,252.0,16.523560759066484,12.137954391453883,5.529429087511423
Easy A,2010-09-17,2010,9,Q3,2005+,Comedy,Contemporary Fiction,PG-13,Based on Book/Short Story,Sony/Screen Gems,Other,8000000.0,21056221.0,22156221.0,2.769527625,1,0.04964745567396173,80.0,77.0,3.0,483.0,15.89495209964411,16.913628872810065,6.180016653652572
The Town,2010-09-17,2010,9,Q3,2005+,Drama,Contemporary Fiction,R,Based on Book/Short Story,Warner Bros.,Warner Bros.,37000000.0,30980607.0,33180607.0,0.8967731621621622,0,0.06630379004217735,84.0,87.0,-3.0,493.0,17.4264284706085,17.31747613671234,6.20050917404269
Alpha and Omega 3D,2010-09-17,2010,9,Q3,2005+,Adventure,Kids Fiction,PG,Original Screenplay,Lionsgate,Lionsgate,20000000.0,10115431.0,10115431.0,0.50577155,0,0.0,,62.0,,83.0,16.811242831518264,16.129572637661372,4.418840607796598
How Do You Know?,2010-12-17,2010,12,Q4,2005+,Romantic Comedy,Contemporary Fiction,Unknown,Original Screenplay,Sony Pictures,Sony Pictures,90000000.0,0.0,0.0,0.0,0,,,,,,18.31532022829454,,
Restless,2011-01-28,2011,1,Q1,2005+,Unknown,Unknown,Unknown,Unknown,Sony Pictures,Sony Pictures,15000000.0,0.0,0.0,0.0,0,,,67.0,,300.0,16.523560759066484,,5.703782474656201
The Adventures of Tintin: Secret of the Unicorn,2011-12-23,2011,12,Q4,2005+,Adventure,Contemporary Fiction,Unknown,Based on Comic/Graphic Novel,Paramount Pictures,Paramount Pictures,130000000.0,0.0,0.0,0.0,0,,,,,,18.683045008419857,,
The Birth of a Nation,2015-02-08,2015,2,Q1,2005+,Drama,Unknown,Unknown,Based on Book/Short Story,Unknown,Unknown,110000.0,10000000.0,11000000.0,100.0,1,0.09090909090909091,100.0,71.0,29.0,8901.0,11.608235644774552,16.213405830762646,9.093918908958932
"20,000 Leagues Under the Sea",2016-12-24,2016,12,Q4,2005+,Adventure,Unknown,Unknown,Based on Book/Short Story,Unknown,Unknown,200000.0,8000000.0,8000000.0,40.0,1,0.0,,,,,12.206072645530174,15.89495209964411,
Over the Hill to the Poorhouse,2020-09-17,2020,9,Q3,2005+,Unknown,Unknown,Unknown,Unknown,Unknown,Unknown,100000.0,3000000.0,3000000.0,30.0,1,0.0,,,,,11.512925464970229,14.914122846632385,
The Big Parade,2025-01-01,2025,1,Q1,2005+,Drama,Unknown,Unknown,Based on Play,MGM,MGM,245000.0,11000000.0,22000000.0,89.79591836734694,1,0.5,100.0,84.0,16.0,2600.0,12.409013489526863,16.90655301132259,7.8632667240095735
Ben-Hur,2025-12-30,2025,12,Q4,2005+,Adventure,Unknown,Unknown,Based on Book/Short Story,MGM,MGM,3900000.0,9000000.0,9000000.0,2.3076923076923075,1,0.0,,82.0,,58510.0,15.176487111099874,16.012735135300492,10.976952958782281
She Done Him Wrong,2033-02-09,2033,2,Q1,2005+,Unknown,Unknown,Unknown,Unknown,Unknown,Unknown,200000.0,2000000.0,2000000.0,10.0,1,0.0,100.0,67.0,33.0,1795.0,12.206072645530174,14.508657738524219,7.492760300922379
42nd Street,2033-03-09,2033,3,Q1,2005+,Musical,Unknown,Unknown,Based on Book/Short Story,Warner Bros.,Warner Bros.,439000.0,2300000.0,2300000.0,5.239179954441913,1,0.0,95.0,77.0,18.0,4263.0,12.992254692057308,14.648419680899378,8.35772841676521
King Kong (1933),2033-04-07,2033,4,Q2,2005+,Unknown,Unknown,Unknown,Unknown,Unknown,Unknown,670000.0,10000000.0,10000000.0,14.925373134328359,1,0.0,,,,,13.415032991367148,16.11809565095832,
Modern Times,2036-02-05,2036,2,Q1,2005+,Comedy,Unknown,Unknown,Unknown,Kino International,Other,1500000.0,163245.0,163245.0,0.10883,0,0.0,100.0,85.0,15.0,35773.0,14.22097566607244,12.003007418798271,10.484948697900347
"Charge of the Light Brigade, The",2036-10-20,2036,10,Q4,2005+,Action,Dramatization,Unknown,Based on Real Life Events,Warner Bros.,Warner Bros.,1200000.0,0.0,0.0,0.0,0,,,,,,13.997832114758229,,
Snow White and the Seven Dwarfs,2037-12-21,2037,12,Q4,2005+,Musical,Fantasy,Unknown,Traditional/Legend/Fairytale,Walt Disney Pictures,Walt Disney Pictures,1488000.0,184925485.0,184925485.0,124.27787970430107,1,0.0,97.0,78.0,19.0,38141.0,14.212943494375175,19.035463518119638,10.549045098003141
The Wizard of Oz,2039-08-25,2039,8,Q3,2005+,Musical,Fantasy,G,Based on Book/Short Story,Warner Bros.,Warner Bros.,2777000.0,28202232.0,28202232.0,10.155647101188332,1,0.0,,83.0,,102795.0,14.836881766288936,17.1549116817124,11.540491992688034
Gone with the Wind,2039-12-15,2039,12,Q4,2005+,Drama,Historical Fiction,G,Based on Book/Short Story,MGM,MGM,3900000.0,198680470.0,390525192.0,100.13466461538462,1,0.49124800635140586,97.0,82.0,15.0,78947.0,15.176487111099874,19.783003037327088,11.276532020228442
Fantasia,2040-11-13,2040,11,Q4,2005+,Musical,Multiple Creative Types,Unknown,Compilation,Walt Disney Pictures,Walt Disney Pictures,2280000.0,83320000.0,83320000.0,36.54385964912281,1,0.0,98.0,78.0,20.0,29914.0,14.639686000930624,18.238199174357046,10.306081877219272
How Green Was My Valley,2041-10-28,2041,10,Q4,2005+,Unknown,Unknown,Unknown,Based on Book/Short Story,20th Century Fox,20th Century Fox,1250000.0,0.0,0.0,0.0,0,,88.0,79.0,9.0,7420.0,14.038654109278484,,8.911934336161426
Cat People,2042-11-16,2042,11,Q4,2005+,Drama,Fantasy,Unknown,Original Screenplay,RKO Radio Pictures,Other,134000.0,4000000.0,8000000.0,59.701492537313435,1,0.5,91.0,59.0,32.0,6791.0,11.805595078933049,15.89495209964411,8.823353485113792
A Guy Named Joe,2043-12-24,2043,12,Q4,2005+,Drama,Unknown,Unknown,Original Screenplay,MGM,MGM,2627000.0,5363000.0,5363000.0,2.041492196421774,1,0.0,,69.0,,869.0,14.781353068667677,15.495034077965062,6.767343125265392
Wilson,2044-08-01,2044,8,Q3,2005+,Unknown,Unknown,Unknown,Unknown,Unknown,Unknown,5200000.0,2000000.0,2000000.0,0.38461538461538464,0,0.0,,70.0,,451.0,15.464169183551656,14.508657738524219,6.111467339502679
The Best Years of Our Lives,2046-11-21,2046,11,Q4,2005+,Drama,Unknown,Unknown,Based on Book/Short Story,RKO Radio Pictures,Other,2100000.0,23600000.0,23600000.0,11.238095238095237,1,0.0,97.0,82.0,15.0,17338.0,14.557447902693651,16.97675726999584,9.760655903428585
Duel in the Sun,2046-12-31,2046,12,Q4,2005+,Unknown,Unknown,Unknown,Unknown,Unknown,Unknown,6000000.0,20400000.0,20400000.0,3.4,1,0.0,86.0,70.0,16.0,2906.0,15.60727002719233,16.831045458814444,7.974532844130228
